replication,scenario,horizon,loss,har_mean_loss,harp_mean_loss,loss_ratio_harp_over_har,dm_mean_differential_harp_minus_har,dm_bandwidth,dm_hln_factor,dm_statistic,dm_p_value_two_sided,dm_rejection_direction,har_qlike_floor_count,harp_qlike_floor_count,har_qlike_floor_fraction,harp_qlike_floor_fraction,qlike_numerically_valid,oos_forecasts,disclaimer
0,no_periodicity,1,MSE,8.8027252971100729e-10,8.8063651135486367e-10,1.0004134874502739,3.6398164385641183e-13,5,0.99899949949937417,0.32727775047430813,0.74345781919425391,NONE,0,0,0,0,True,500,"Synthetic mechanism check — not empirical SPY evidence, trading evidence, or an exact paper replication."
0,no_periodicity,1,QLIKE,0.047066197700449751,0.047081493842576164,1.0003249920935564,1.5296142126419277e-05,5,0.99899949949937417,0.29979311689511035,0.76433496590901984,NONE,0,0,0,0,True,500,"Synthetic mechanism check — not empirical SPY evidence, trading evidence, or an exact paper replication."
0,no_periodicity,5,MSE,3.6421103530317238e-10,3.6516899822293613e-10,1.0026302413351269,9.5796291976369021e-13,5,0.99099949545900379,0.8498603567782389,0.39540272826316891,NONE,0,0,0,0,True,500,"Synthetic mechanism check — not empirical SPY evidence, trading evidence, or an exact paper replication."
0,no_periodicity,5,QLIKE,0.021573009796631317,0.021605899220532802,1.0015245635269039,3.288942390148053e-05,5,0.99099949545900379,0.64747716511738185,0.51732316863532635,NONE,0,0,0,0,True,500,"Synthetic mechanism check — not empirical SPY evidence, trading evidence, or an exact paper replication."
0,no_periodicity,22,MSE,2.7429366215217967e-10,2.7648695264215436e-10,1.007996139877114,2.1932904899747108e-12,21,0.95699947753381764,1.6694681676569789,0.095024633872206068,NONE,0,0,0,0,True,500,"Synthetic mechanism check — not empirical SPY evidence, trading evidence, or an exact paper replication."
0,no_periodicity,22,QLIKE,0.018109486635302544,0.018195061938834124,1.0047254406077286,8.5575303531579828e-05,21,0.95699947753381764,1.2552213689441378,0.20939841029678435,NONE,0,0,0,0,True,500,"Synthetic mechanism check — not empirical SPY evidence, trading evidence, or an exact paper replication."
0,u_shaped_periodicity,1,MSE,9.8771515960527864e-10,9.6819873467394823e-10,0.98024083690369823,-1.9516424931330408e-11,5,0.99899949949937417,-2.7987770625769062,0.0051296540446522584,HARP,0,0,0,0,True,500,"Synthetic mechanism check — not empirical SPY evidence, trading evidence, or an exact paper replication."
0,u_shaped_periodicity,1,QLIKE,0.051538296669775698,0.050527296505944563,0.98038351615869312,-0.0010110001638311279,5,0.99899949949937417,-2.8938051246000853,0.0038060429689772174,HARP,0,0,0,0,True,500,"Synthetic mechanism check — not empirical SPY evidence, trading evidence, or an exact paper replication."
0,u_shaped_periodicity,5,MSE,4.0594092268913606e-10,3.9520269902735784e-10,0.9735473241016368,-1.0738223661778219e-11,5,0.99099949545900379,-2.0956245181226145,0.036115512495645201,HARP,0,0,0,0,True,500,"Synthetic mechanism check — not empirical SPY evidence, trading evidence, or an exact paper replication."
0,u_shaped_periodicity,5,QLIKE,0.023655959080062173,0.023062823554052338,0.97492659147733551,-0.00059313552600983319,5,0.99099949545900379,-2.0899757655237425,0.036619976730417836,HARP,0,0,0,0,True,500,"Synthetic mechanism check — not empirical SPY evidence, trading evidence, or an exact paper replication."
0,u_shaped_periodicity,22,MSE,2.8014134641232835e-10,2.7676012681596933e-10,0.98793030861148801,-3.3812195963590759e-12,21,0.95699947753381764,-0.57422116926693922,0.56581814584860091,NONE,0,0,0,0,True,500,"Synthetic mechanism check — not empirical SPY evidence, trading evidence, or an exact paper replication."
0,u_shaped_periodicity,22,QLIKE,0.018222755689329486,0.017963958307563067,0.98579812042818749,-0.00025879738176641753,21,0.95699947753381764,-0.82174084768307454,0.41122440589692771,NONE,0,0,0,0,True,500,"Synthetic mechanism check — not empirical SPY evidence, trading evidence, or an exact paper replication."
1,no_periodicity,1,MSE,1.5856045737056964e-09,1.5843782337814967e-09,0.99922657896897105,-1.2263399241998378e-12,5,0.99899949949937417,-0.63336911598463297,0.52649262821527154,NONE,0,0,0,0,True,500,"Synthetic mechanism check — not empirical SPY evidence, trading evidence, or an exact paper replication."
1,no_periodicity,1,QLIKE,0.047945967317179441,0.047936783968786444,0.99980846463411099,-9.1833483929990576e-06,5,0.99899949949937417,-0.17650030051198085,0.85990091261313018,NONE,0,0,0,0,True,500,"Synthetic mechanism check — not empirical SPY evidence, trading evidence, or an exact paper replication."
1,no_periodicity,5,MSE,7.4749417153335353e-10,7.46696475826111e-10,0.99893284023124063,-7.9769570724240577e-13,5,0.99099949545900379,-0.80054000128703839,0.42339799712916037,NONE,0,0,0,0,True,500,"Synthetic mechanism check — not empirical SPY evidence, trading evidence, or an exact paper replication."
1,no_periodicity,5,QLIKE,0.022663620366959097,0.022646088981662916,0.99922645256969889,-1.7531385296182477e-05,5,0.99099949545900379,-0.60236462872785446,0.54693144943005279,NONE,0,0,0,0,True,500,"Synthetic mechanism check — not empirical SPY evidence, trading evidence, or an exact paper replication."
1,no_periodicity,22,MSE,4.8292505077026498e-10,4.833102692212801e-10,1.0007976775079295,3.8521845101520553e-13,21,0.95699947753381764,0.4017015377172603,0.68790369271010099,NONE,0,0,0,0,True,500,"Synthetic mechanism check — not empirical SPY evidence, trading evidence, or an exact paper replication."
1,no_periodicity,22,QLIKE,0.014317308023723592,0.014342899929087875,1.0017874802527038,2.5591905364284796e-05,21,0.95699947753381764,1.0002107041554229,0.31720855013121096,NONE,0,0,0,0,True,500,"Synthetic mechanism check — not empirical SPY evidence, trading evidence, or an exact paper replication."
1,u_shaped_periodicity,1,MSE,1.6965063521927343e-09,1.6858827710894938e-09,0.99373796562004646,-1.0623581103240518e-11,5,0.99899949949937417,-0.90770079174642571,0.36403632553841708,NONE,0,0,0,0,True,500,"Synthetic mechanism check — not empirical SPY evidence, trading evidence, or an exact paper replication."
1,u_shaped_periodicity,1,QLIKE,0.051834399304037458,0.051562154098039832,0.99474778892679439,-0.00027224520599762505,5,0.99899949949937417,-0.84234070702691066,0.39959727163820058,NONE,0,0,0,0,True,500,"Synthetic mechanism check — not empirical SPY evidence, trading evidence, or an exact paper replication."
1,u_shaped_periodicity,5,MSE,7.7395276322641487e-10,7.6579028956000573e-10,0.98945352474435022,-8.16247366640912e-12,5,0.99099949545900379,-0.91952774450882857,0.35781960061996526,NONE,0,0,0,0,True,500,"Synthetic mechanism check — not empirical SPY evidence, trading evidence, or an exact paper replication."
1,u_shaped_periodicity,5,QLIKE,0.023786249654334339,0.023582865543325532,0.99144950910864815,-0.00020338411100880727,5,0.99099949545900379,-0.80497080686045408,0.42083652626542906,NONE,0,0,0,0,True,500,"Synthetic mechanism check — not empirical SPY evidence, trading evidence, or an exact paper replication."
1,u_shaped_periodicity,22,MSE,4.9116064007704789e-10,4.9742670401516384e-10,1.0127576670987581,6.2660639381159744e-12,21,0.95699947753381764,0.76565090396100344,0.44388404719240443,NONE,0,0,0,0,True,500,"Synthetic mechanism check — not empirical SPY evidence, trading evidence, or an exact paper replication."
1,u_shaped_periodicity,22,QLIKE,0.014792148577344759,0.014927932662884455,1.0091794700972421,0.00013578408553969901,21,0.95699947753381764,0.62438442354936974,0.53237515213002506,NONE,0,0,0,0,True,500,"Synthetic mechanism check — not empirical SPY evidence, trading evidence, or an exact paper replication."
2,no_periodicity,1,MSE,1.2527069217492757e-09,1.254491305846821e-09,1.0014244226375419,1.7843840975451667e-12,5,0.99899949949937417,1.5387647160105906,0.12386174667226287,NONE,0,0,0,0,True,500,"Synthetic mechanism check — not empirical SPY evidence, trading evidence, or an exact paper replication."
2,no_periodicity,1,QLIKE,0.050097652179635452,0.050159193524575249,1.0012284277258967,6.1541344939791017e-05,5,0.99899949949937417,1.2560424677332374,0.20910057330292861,NONE,0,0,0,0,True,500,"Synthetic mechanism check — not empirical SPY evidence, trading evidence, or an exact paper replication."
2,no_periodicity,5,MSE,5.677762272267879e-10,5.6960035372509589e-10,1.0032127560310471,1.8241264983079534e-12,5,0.99099949545900379,1.9029091824076134,0.057052396604208723,NONE,0,0,0,0,True,500,"Synthetic mechanism check — not empirical SPY evidence, trading evidence, or an exact paper replication."
2,no_periodicity,5,QLIKE,0.024105395325468154,0.024165782498681114,1.002505131004807,6.0387173212957727e-05,5,0.99099949545900379,1.6236215984374711,0.10445659294885103,NONE,0,0,0,0,True,500,"Synthetic mechanism check — not empirical SPY evidence, trading evidence, or an exact paper replication."
2,no_periodicity,22,MSE,5.0128903151855622e-10,5.0316803894159654e-10,1.0037483513599894,1.8790074230403516e-12,21,0.95699947753381764,1.3143996671311204,0.18871174243796124,NONE,0,0,0,0,True,500,"Synthetic mechanism check — not empirical SPY evidence, trading evidence, or an exact paper replication."
2,no_periodicity,22,QLIKE,0.021204313475904166,0.021283101707717363,1.0037156700169862,7.8788231813196058e-05,21,0.95699947753381764,1.3506348638379617,0.17681242698189453,NONE,0,0,0,0,True,500,"Synthetic mechanism check — not empirical SPY evidence, trading evidence, or an exact paper replication."
2,u_shaped_periodicity,1,MSE,1.2802716921488898e-09,1.2775432269237583e-09,0.9978688389020367,-2.7284652251313768e-12,5,0.99899949949937417,-0.32235036368149894,0.74718728288930192,NONE,0,0,0,0,True,500,"Synthetic mechanism check — not empirical SPY evidence, trading evidence, or an exact paper replication."
2,u_shaped_periodicity,1,QLIKE,0.050894529967145864,0.05094146580400407,1.0009222177096144,4.6935836858204462e-05,5,0.99899949949937417,0.14016084004532661,0.88853291153969183,NONE,0,0,0,0,True,500,"Synthetic mechanism check — not empirical SPY evidence, trading evidence, or an exact paper replication."
2,u_shaped_periodicity,5,MSE,5.8330753273970758e-10,5.8219992913507391e-10,0.99810116697888085,-1.1076036046337203e-12,5,0.99099949545900379,-0.15392463348626118,0.87766916085236457,NONE,0,0,0,0,True,500,"Synthetic mechanism check — not empirical SPY evidence, trading evidence, or an exact paper replication."
2,u_shaped_periodicity,5,QLIKE,0.024882654335986729,0.024931384129748154,1.0019583840655999,4.8729793761421284e-05,5,0.99099949545900379,0.17619509368477904,0.86014067516280202,NONE,0,0,0,0,True,500,"Synthetic mechanism check — not empirical SPY evidence, trading evidence, or an exact paper replication."
2,u_shaped_periodicity,22,MSE,5.0173165797755088e-10,5.0013098732011511e-10,0.99680970767543753,-1.6006706574358606e-12,21,0.95699947753381764,-0.13510534616719974,0.89252858330687146,NONE,0,0,0,0,True,500,"Synthetic mechanism check — not empirical SPY evidence, trading evidence, or an exact paper replication."
2,u_shaped_periodicity,22,QLIKE,0.021631824693882321,0.021379603621813442,0.9883402775476352,-0.00025222107206888288,21,0.95699947753381764,-0.68090788396242652,0.49592977915037489,NONE,0,0,0,0,True,500,"Synthetic mechanism check — not empirical SPY evidence, trading evidence, or an exact paper replication."
3,no_periodicity,1,MSE,1.5268611135406896e-09,1.5249955499489146e-09,0.99877817073522235,-1.8655635917750443e-12,5,0.99899949949937417,-1.0876891205717438,0.27673237219594637,NONE,0,0,0,0,True,500,"Synthetic mechanism check — not empirical SPY evidence, trading evidence, or an exact paper replication."
3,no_periodicity,1,QLIKE,0.050938122106597192,0.050909141244871177,0.99943105751591377,-2.8980861726001896e-05,5,0.99899949949937417,-0.6198308623807981,0.53536914755907539,NONE,0,0,0,0,True,500,"Synthetic mechanism check — not empirical SPY evidence, trading evidence, or an exact paper replication."
3,no_periodicity,5,MSE,6.6197691712974423e-10,6.6060975470846909e-10,0.99793472795516347,-1.3671624212752043e-12,5,0.99099949545900379,-1.3331866354548507,0.18247056401793371,NONE,0,0,0,0,True,500,"Synthetic mechanism check — not empirical SPY evidence, trading evidence, or an exact paper replication."
3,no_periodicity,5,QLIKE,0.023905968252708923,0.023870286616648913,0.9985074172406313,-3.5681636060007628e-05,5,0.99099949545900379,-0.95683899112262749,0.33864852856160799,NONE,0,0,0,0,True,500,"Synthetic mechanism check — not empirical SPY evidence, trading evidence, or an exact paper replication."
3,no_periodicity,22,MSE,5.5878381611574406e-10,5.5877790793700163e-10,0.999989426718219,-5.9081787424233483e-15,21,0.95699947753381764,-0.005898814130133604,0.9952934545733686,NONE,0,0,0,0,True,500,"Synthetic mechanism check — not empirical SPY evidence, trading evidence, or an exact paper replication."
3,no_periodicity,22,QLIKE,0.020130766617008165,0.020136779499534518,1.0002986911845311,6.0128825263552346e-06,21,0.95699947753381764,0.13382195100451658,0.89354336892930064,NONE,0,0,0,0,True,500,"Synthetic mechanism check — not empirical SPY evidence, trading evidence, or an exact paper replication."
3,u_shaped_periodicity,1,MSE,1.604125455649587e-09,1.5915606310575243e-09,0.99216718084747635,-1.2564824592062512e-11,5,0.99899949949937417,-0.88622622356582748,0.37549563535650626,NONE,0,0,0,0,True,500,"Synthetic mechanism check — not empirical SPY evidence, trading evidence, or an exact paper replication."
3,u_shaped_periodicity,1,QLIKE,0.052959183302457351,0.052516878794916282,0.99164819999177467,-0.00044230450754107099,5,0.99899949949937417,-1.1663935459662891,0.24345536677362653,NONE,0,0,0,0,True,500,"Synthetic mechanism check — not empirical SPY evidence, trading evidence, or an exact paper replication."
3,u_shaped_periodicity,5,MSE,6.8806750905089313e-10,6.722784066222598e-10,0.97705297485938192,-1.5789102428633529e-11,5,0.99099949545900379,-1.9187325534064099,0.055018189455702457,NONE,0,0,0,0,True,500,"Synthetic mechanism check — not empirical SPY evidence, trading evidence, or an exact paper replication."
3,u_shaped_periodicity,5,QLIKE,0.024775175903977108,0.024146643651948418,0.97463056349368671,-0.00062853225202868937,5,0.99099949545900379,-1.9041744450373421,0.056887468755765509,NONE,0,0,0,0,True,500,"Synthetic mechanism check — not empirical SPY evidence, trading evidence, or an exact paper replication."
3,u_shaped_periodicity,22,MSE,5.7706334318392246e-10,5.620030464637651e-10,0.97390183088556137,-1.5060296720157446e-11,21,0.95699947753381764,-1.7747136560466308,0.075945179322118181,NONE,0,0,0,0,True,500,"Synthetic mechanism check — not empirical SPY evidence, trading evidence, or an exact paper replication."
3,u_shaped_periodicity,22,QLIKE,0.020636855632977801,0.019911245461660863,0.96483911191599314,-0.00072561017131693895,21,0.95699947753381764,-2.0161506358047832,0.043784226522927336,HARP,0,0,0,0,True,500,"Synthetic mechanism check — not empirical SPY evidence, trading evidence, or an exact paper replication."
4,no_periodicity,1,MSE,1.8961707836695877e-09,1.8968848111043398e-09,1.0003765628290984,7.1402743475227137e-13,5,0.99899949949937417,0.39275880453777962,0.69449763375421614,NONE,0,0,0,0,True,500,"Synthetic mechanism check — not empirical SPY evidence, trading evidence, or an exact paper replication."
4,no_periodicity,1,QLIKE,0.046202099705807832,0.046198793508607339,0.99992844054227958,-3.3061972004908567e-06,5,0.99899949949937417,-0.085334863415987283,0.93199517560978273,NONE,0,0,0,0,True,500,"Synthetic mechanism check — not empirical SPY evidence, trading evidence, or an exact paper replication."
4,no_periodicity,5,MSE,8.9839939466628165e-10,8.9760856417776457e-10,0.99911973394771614,-7.9083048851716271e-13,5,0.99099949545900379,-0.7046955716998754,0.48099970774255979,NONE,0,0,0,0,True,500,"Synthetic mechanism check — not empirical SPY evidence, trading evidence, or an exact paper replication."
4,no_periodicity,5,QLIKE,0.02120196859422193,0.021188227285971483,0.99935188526530538,-1.3741308250446504e-05,5,0.99099949545900379,-0.53135235369561351,0.59517463227059753,NONE,0,0,0,0,True,500,"Synthetic mechanism check — not empirical SPY evidence, trading evidence, or an exact paper replication."
4,no_periodicity,22,MSE,6.7283173744260605e-10,6.7179972069700036e-10,0.99846615923688686,-1.0320167456057454e-12,21,0.95699947753381764,-0.78980589077788366,0.42964113827176909,NONE,0,0,0,0,True,500,"Synthetic mechanism check — not empirical SPY evidence, trading evidence, or an exact paper replication."
4,no_periodicity,22,QLIKE,0.01600429760896694,0.015992677762756605,0.9992739546280478,-1.1619846210337848e-05,21,0.95699947753381764,-0.37434390286939334,0.70814847277090009,NONE,0,0,0,0,True,500,"Synthetic mechanism check — not empirical SPY evidence, trading evidence, or an exact paper replication."
4,u_shaped_periodicity,1,MSE,1.9741671159946174e-09,1.9613682834540676e-09,0.99351684442676902,-1.2798832540549733e-11,5,0.99899949949937417,-0.82833550070364814,0.40748052312731314,NONE,0,0,0,0,True,500,"Synthetic mechanism check — not empirical SPY evidence, trading evidence, or an exact paper replication."
4,u_shaped_periodicity,1,QLIKE,0.048329667262810731,0.048084359384367448,0.99492427959188445,-0.00024530787844328963,5,0.99899949949937417,-0.81707752192229266,0.41388412766731797,NONE,0,0,0,0,True,500,"Synthetic mechanism check — not empirical SPY evidence, trading evidence, or an exact paper replication."
4,u_shaped_periodicity,5,MSE,9.0988657173510291e-10,9.0092423682055491e-10,0.99015005255275135,-8.9623349145481645e-12,5,0.99099949545900379,-0.57391728370213935,0.56602377660285375,NONE,0,0,0,0,True,500,"Synthetic mechanism check — not empirical SPY evidence, trading evidence, or an exact paper replication."
4,u_shaped_periodicity,5,QLIKE,0.021786590555120916,0.021398616126443195,0.9821920539748461,-0.00038797442867771802,5,0.99099949545900379,-1.3646266708856372,0.1723704176682759,NONE,0,0,0,0,True,500,"Synthetic mechanism check — not empirical SPY evidence, trading evidence, or an exact paper replication."
4,u_shaped_periodicity,22,MSE,6.7999282934504526e-10,6.5427694773442561e-10,0.96218212825069249,-2.5715881610619597e-11,21,0.95699947753381764,-1.0033509288950997,0.31569157149530697,NONE,0,0,0,0,True,500,"Synthetic mechanism check — not empirical SPY evidence, trading evidence, or an exact paper replication."
4,u_shaped_periodicity,22,QLIKE,0.016495902200630248,0.015551343847887054,0.94273981857705813,-0.00094455835274319313,21,0.95699947753381764,-1.6730706997050517,0.094313378825518601,NONE,0,0,0,0,True,500,"Synthetic mechanism check — not empirical SPY evidence, trading evidence, or an exact paper replication."
5,no_periodicity,1,MSE,8.8513176827599363e-10,8.8413758535809838e-10,0.99887679670583773,-9.9418291789538549e-13,5,0.99899949949937417,-0.77240773330290347,0.43987297505548423,NONE,0,0,0,0,True,500,"Synthetic mechanism check — not empirical SPY evidence, trading evidence, or an exact paper replication."
5,no_periodicity,1,QLIKE,0.041528528823750591,0.041470697280666706,0.99860742615445575,-5.7831543083885164e-05,5,0.99899949949937417,-1.1790008669142247,0.23839783063235409,NONE,0,0,0,0,True,500,"Synthetic mechanism check — not empirical SPY evidence, trading evidence, or an exact paper replication."
5,no_periodicity,5,MSE,3.8180895022889512e-10,3.8124353768556898e-10,0.99851912181999092,-5.6541254332610898e-13,5,0.99099949545900379,-0.69030716491912913,0.49000104307123976,NONE,0,0,0,0,True,500,"Synthetic mechanism check — not empirical SPY evidence, trading evidence, or an exact paper replication."
5,no_periodicity,5,QLIKE,0.019270902145888322,0.019240089992472849,0.99840110477536481,-3.081215341547017e-05,5,0.99099949545900379,-0.84894926548942129,0.39590952371323546,NONE,0,0,0,0,True,500,"Synthetic mechanism check — not empirical SPY evidence, trading evidence, or an exact paper replication."
5,no_periodicity,22,MSE,2.6330355200269691e-10,2.6162373876089806e-10,0.99362024086260081,-1.6798132417988501e-12,21,0.95699947753381764,-1.8280132419227346,0.067547564315720662,NONE,0,0,0,0,True,500,"Synthetic mechanism check — not empirical SPY evidence, trading evidence, or an exact paper replication."
5,no_periodicity,22,QLIKE,0.014217251075611346,0.014132035828484529,0.99400620790379113,-8.5215247126816613e-05,21,0.95699947753381764,-1.9524508217486407,0.050884704237138922,NONE,0,0,0,0,True,500,"Synthetic mechanism check — not empirical SPY evidence, trading evidence, or an exact paper replication."
5,u_shaped_periodicity,1,MSE,9.7205886451891554e-10,9.5026387249826832e-10,0.97757852655205835,-2.1794992020647193e-11,5,0.99899949949937417,-2.6486935514284813,0.0080803564857258609,HARP,0,0,0,0,True,500,"Synthetic mechanism check — not empirical SPY evidence, trading evidence, or an exact paper replication."
5,u_shaped_periodicity,1,QLIKE,0.045490880608838137,0.044505751383766279,0.9783444679046186,-0.00098512922507187017,5,0.99899949949937417,-3.1187245427074641,0.0018163568308371524,HARP,0,0,0,0,True,500,"Synthetic mechanism check — not empirical SPY evidence, trading evidence, or an exact paper replication."
5,u_shaped_periodicity,5,MSE,3.9848221353099557e-10,3.8455949256140495e-10,0.96506062128540238,-1.3922720969590685e-11,5,0.99099949545900379,-2.2865032828540821,0.022224832290912808,HARP,0,0,0,0,True,500,"Synthetic mechanism check — not empirical SPY evidence, trading evidence, or an exact paper replication."
5,u_shaped_periodicity,5,QLIKE,0.019766571018304844,0.019351198153640985,0.97898609403324421,-0.00041537286466386368,5,0.99099949545900379,-1.9162963671717583,0.055327383029607734,NONE,0,0,0,0,True,500,"Synthetic mechanism check — not empirical SPY evidence, trading evidence, or an exact paper replication."
5,u_shaped_periodicity,22,MSE,2.6626833611475882e-10,2.6046823477216941e-10,0.97821708195866885,-5.8001013425894398e-12,21,0.95699947753381764,-0.54316474125180547,0.58701638042055171,NONE,0,0,0,0,True,500,"Synthetic mechanism check — not empirical SPY evidence, trading evidence, or an exact paper replication."
5,u_shaped_periodicity,22,QLIKE,0.014295523525122917,0.01426412284021009,0.99780346030296518,-3.140068491282744e-05,21,0.95699947753381764,-0.087665006625818401,0.93014293317387886,NONE,0,0,0,0,True,500,"Synthetic mechanism check — not empirical SPY evidence, trading evidence, or an exact paper replication."
6,no_periodicity,1,MSE,1.0350980803566673e-09,1.0349024402482567e-09,0.99981099365159376,-1.9564010841049743e-13,5,0.99899949949937417,-0.17052490430172468,0.86459735038178342,NONE,0,0,0,0,True,500,"Synthetic mechanism check — not empirical SPY evidence, trading evidence, or an exact paper replication."
6,no_periodicity,1,QLIKE,0.047816934824043214,0.047798083009519474,0.99960575025159781,-1.8851814523743737e-05,5,0.99899949949937417,-0.46282997544414872,0.6434862433769617,NONE,0,0,0,0,True,500,"Synthetic mechanism check — not empirical SPY evidence, trading evidence, or an exact paper replication."
6,no_periodicity,5,MSE,5.9092550164084691e-10,5.9030493826737374e-10,0.99894984499441974,-6.2056337347323074e-13,5,0.99099949545900379,-0.56168986854198766,0.57432733836432603,NONE,0,0,0,0,True,500,"Synthetic mechanism check — not empirical SPY evidence, trading evidence, or an exact paper replication."
6,no_periodicity,5,QLIKE,0.028768595232039638,0.028713708736765958,0.99809213849925649,-5.4886495273674282e-05,5,0.99099949545900379,-1.6003665682457282,0.10951728713220502,NONE,0,0,0,0,True,500,"Synthetic mechanism check — not empirical SPY evidence, trading evidence, or an exact paper replication."
6,no_periodicity,22,MSE,5.9813906437172452e-10,5.9743936507442239e-10,0.9988302063199348,-6.9969929730207322e-13,21,0.95699947753381764,-0.34479561033162076,0.73024803339598932,NONE,0,0,0,0,True,500,"Synthetic mechanism check — not empirical SPY evidence, trading evidence, or an exact paper replication."
6,no_periodicity,22,QLIKE,0.031771513183051957,0.031669765562823124,0.99679752048186654,-0.00010174762022883322,21,0.95699947753381764,-1.8388710613182211,0.065934153127975251,NONE,0,0,0,0,True,500,"Synthetic mechanism check — not empirical SPY evidence, trading evidence, or an exact paper replication."
6,u_shaped_periodicity,1,MSE,1.0660557907479719e-09,1.0535557299629076e-09,0.9882744778523328,-1.2500060785064244e-11,5,0.99899949949937417,-1.5206434860784968,0.12834932782701905,NONE,0,0,0,0,True,500,"Synthetic mechanism check — not empirical SPY evidence, trading evidence, or an exact paper replication."
6,u_shaped_periodicity,1,QLIKE,0.050212854148578366,0.049611237263157665,0.98801866781679981,-0.00060161688542069891,5,0.99899949949937417,-1.7989490608215604,0.072026738880279578,NONE,0,0,0,0,True,500,"Synthetic mechanism check — not empirical SPY evidence, trading evidence, or an exact paper replication."
6,u_shaped_periodicity,5,MSE,5.7530857121748939e-10,5.7041136477387889e-10,0.99148768732360992,-4.8972064436105971e-12,5,0.99099949545900379,-0.7814717591194783,0.43452508031037984,NONE,0,0,0,0,True,500,"Synthetic mechanism check — not empirical SPY evidence, trading evidence, or an exact paper replication."
6,u_shaped_periodicity,5,QLIKE,0.028765048197486699,0.02824510238013811,0.98192438914828528,-0.00051994581734859002,5,0.99099949545900379,-1.988815524463579,0.046721568592321613,HARP,0,0,0,0,True,500,"Synthetic mechanism check — not empirical SPY evidence, trading evidence, or an exact paper replication."
6,u_shaped_periodicity,22,MSE,5.918744615051864e-10,5.7771032452297483e-10,0.97606901817288927,-1.4164136982211518e-11,21,0.95699947753381764,-1.6573049403243278,0.097457839001943436,NONE,0,0,0,0,True,500,"Synthetic mechanism check — not empirical SPY evidence, trading evidence, or an exact paper replication."
6,u_shaped_periodicity,22,QLIKE,0.03148836504504509,0.030517530966766949,0.96916848248902943,-0.00097083407827815149,21,0.95699947753381764,-2.0805883930587248,0.037471597206618412,HARP,0,0,0,0,True,500,"Synthetic mechanism check — not empirical SPY evidence, trading evidence, or an exact paper replication."
7,no_periodicity,1,MSE,2.1984882159708457e-09,2.1971451861758016e-09,0.99938911212473747,-1.343029795044378e-12,5,0.99899949949937417,-0.38020825214690801,0.70379083408490217,NONE,0,0,0,0,True,500,"Synthetic mechanism check — not empirical SPY evidence, trading evidence, or an exact paper replication."
7,no_periodicity,1,QLIKE,0.049101230980972618,0.049013286795194504,0.99820892095735447,-8.7944185778113579e-05,5,0.99899949949937417,-1.5148077715407844,0.12982109181064452,NONE,0,0,0,0,True,500,"Synthetic mechanism check — not empirical SPY evidence, trading evidence, or an exact paper replication."
7,no_periodicity,5,MSE,1.2518658742385836e-09,1.2535298780803334e-09,1.0013292189490841,1.6640038417497549e-12,5,0.99099949545900379,0.67141029334620972,0.50195918936666595,NONE,0,0,0,0,True,500,"Synthetic mechanism check — not empirical SPY evidence, trading evidence, or an exact paper replication."
7,no_periodicity,5,QLIKE,0.026549832669562609,0.02656661927397375,1.0006322678044741,1.6786604411140882e-05,5,0.99099949545900379,0.36695355601537266,0.71365366183365531,NONE,0,0,0,0,True,500,"Synthetic mechanism check — not empirical SPY evidence, trading evidence, or an exact paper replication."
7,no_periodicity,22,MSE,8.6367025792353492e-10,8.6803832565534647e-10,1.0050575641475874,4.3680677318114166e-12,21,0.95699947753381764,1.6079937074217712,0.10783655694441233,NONE,0,0,0,0,True,500,"Synthetic mechanism check — not empirical SPY evidence, trading evidence, or an exact paper replication."
7,no_periodicity,22,QLIKE,0.019073827354573213,0.01914673056419482,1.0038221594578987,7.2903209621608228e-05,21,0.95699947753381764,1.3493992876502965,0.17720874950666515,NONE,0,0,0,0,True,500,"Synthetic mechanism check — not empirical SPY evidence, trading evidence, or an exact paper replication."
7,u_shaped_periodicity,1,MSE,2.2676319195226182e-09,2.2591141525739612e-09,0.99624376122274283,-8.5177669486573471e-12,5,0.99899949949937417,-0.37888016791022716,0.70477685191729211,NONE,0,0,0,0,True,500,"Synthetic mechanism check — not empirical SPY evidence, trading evidence, or an exact paper replication."
7,u_shaped_periodicity,1,QLIKE,0.050774395246987569,0.050534005217636721,0.9952655264886664,-0.00024039002935085608,5,0.99899949949937417,-0.57950523299067269,0.56224831668597375,NONE,0,0,0,0,True,500,"Synthetic mechanism check — not empirical SPY evidence, trading evidence, or an exact paper replication."
7,u_shaped_periodicity,5,MSE,1.2651194716591374e-09,1.2513069649367059e-09,0.98908205348834199,-1.3812506722431459e-11,5,0.99099949545900379,-0.79241036426490175,0.42812143812222458,NONE,0,0,0,0,True,500,"Synthetic mechanism check — not empirical SPY evidence, trading evidence, or an exact paper replication."
7,u_shaped_periodicity,5,QLIKE,0.027425417359412133,0.027050484045960055,0.98632898422151438,-0.00037493331345208068,5,0.99099949545900379,-0.92284522134267177,0.35608787078430831,NONE,0,0,0,0,True,500,"Synthetic mechanism check — not empirical SPY evidence, trading evidence, or an exact paper replication."
7,u_shaped_periodicity,22,MSE,8.6631232518318741e-10,8.7456405138686805e-10,1.0095251169397086,8.2517262036808199e-12,21,0.95699947753381764,0.38905924066420694,0.69723232399762813,NONE,0,0,0,0,True,500,"Synthetic mechanism check — not empirical SPY evidence, trading evidence, or an exact paper replication."
7,u_shaped_periodicity,22,QLIKE,0.019796819218677448,0.019652602123301513,0.99271513803389833,-0.00014421709537593762,21,0.95699947753381764,-0.28417173271093105,0.77627877689207681,NONE,0,0,0,0,True,500,"Synthetic mechanism check — not empirical SPY evidence, trading evidence, or an exact paper replication."
8,no_periodicity,1,MSE,1.0471330936355132e-09,1.0471708845731168e-09,1.0000360899085641,3.7790937603624088e-14,5,0.99899949949937417,0.041249579306617455,0.96709692871117747,NONE,0,0,0,0,True,500,"Synthetic mechanism check — not empirical SPY evidence, trading evidence, or an exact paper replication."
8,no_periodicity,1,QLIKE,0.047831211396046139,0.047850869462558066,1.0004109882634826,1.9658066511937021e-05,5,0.99899949949937417,0.48197770363441472,0.62982178527709287,NONE,0,0,0,0,True,500,"Synthetic mechanism check — not empirical SPY evidence, trading evidence, or an exact paper replication."
8,no_periodicity,5,MSE,4.9011529935898808e-10,4.8946958471234606e-10,0.99868252501505961,-6.457146466419005e-13,5,0.99099949545900379,-0.80539669025742133,0.42059080107412311,NONE,0,0,0,0,True,500,"Synthetic mechanism check — not empirical SPY evidence, trading evidence, or an exact paper replication."
8,no_periodicity,5,QLIKE,0.023931042926814149,0.023897627092310969,0.99860366158694491,-3.3415834503180531e-05,5,0.99099949545900379,-0.84554282937075642,0.39780783025848565,NONE,0,0,0,0,True,500,"Synthetic mechanism check — not empirical SPY evidence, trading evidence, or an exact paper replication."
8,no_periodicity,22,MSE,3.8129732725979533e-10,3.7996048566074266e-10,0.99649396546086511,-1.3368415990526654e-12,21,0.95699947753381764,-1.6884954300809902,0.091316165475438568,NONE,0,0,0,0,True,500,"Synthetic mechanism check — not empirical SPY evidence, trading evidence, or an exact paper replication."
8,no_periodicity,22,QLIKE,0.019896308381943357,0.019807295263314956,0.99552614902625935,-8.9013118628398225e-05,21,0.95699947753381764,-2.13587117675308,0.032689915543856224,HARP,0,0,0,0,True,500,"Synthetic mechanism check — not empirical SPY evidence, trading evidence, or an exact paper replication."
8,u_shaped_periodicity,1,MSE,1.0967979446618631e-09,1.069713916153768e-09,0.97530627346639964,-2.7084028508094806e-11,5,0.99899949949937417,-2.3143002467194482,0.020651258277906159,HARP,0,0,0,0,True,500,"Synthetic mechanism check — not empirical SPY evidence, trading evidence, or an exact paper replication."
8,u_shaped_periodicity,1,QLIKE,0.050806677974555875,0.0495075156706207,0.97442930032572095,-0.0012991623039351815,5,0.99899949949937417,-3.0242715002576177,0.0024923266306027749,HARP,0,0,0,0,True,500,"Synthetic mechanism check — not empirical SPY evidence, trading evidence, or an exact paper replication."
8,u_shaped_periodicity,5,MSE,4.9266710480299426e-10,4.7735827586365004e-10,0.96892662653930206,-1.5308828939344192e-11,5,0.99099949545900379,-2.2368036822885422,0.025299173784719776,HARP,0,0,0,0,True,500,"Synthetic mechanism check — not empirical SPY evidence, trading evidence, or an exact paper replication."
8,u_shaped_periodicity,5,QLIKE,0.024379952310594838,0.023548189111709063,0.96588331313001319,-0.00083176319888577722,5,0.99099949545900379,-2.5249427121000494,0.011571715117731543,HARP,0,0,0,0,True,500,"Synthetic mechanism check — not empirical SPY evidence, trading evidence, or an exact paper replication."
8,u_shaped_periodicity,22,MSE,3.7548854552561511e-10,3.6282853882515366e-10,0.96628390705570055,-1.2660006700461401e-11,21,0.95699947753381764,-1.7134219190476279,0.086634946669052124,NONE,0,0,0,0,True,500,"Synthetic mechanism check — not empirical SPY evidence, trading evidence, or an exact paper replication."
8,u_shaped_periodicity,22,QLIKE,0.019615981782654991,0.018939477045353023,0.96551257312544247,-0.00067650473730196923,21,0.95699947753381764,-1.782743891425685,0.074628003025483156,NONE,0,0,0,0,True,500,"Synthetic mechanism check — not empirical SPY evidence, trading evidence, or an exact paper replication."
9,no_periodicity,1,MSE,5.5082237647133759e-10,5.4963261482786388e-10,0.99784002666867766,-1.1897616434735764e-12,5,0.99899949949937417,-2.1816952755538246,0.029132029842514541,HARP,0,0,0,0,True,500,"Synthetic mechanism check — not empirical SPY evidence, trading evidence, or an exact paper replication."
9,no_periodicity,1,QLIKE,0.04165117379239594,0.041552162565379289,0.99762284665709167,-9.9011227016639663e-05,5,0.99899949949937417,-2.7308763438603476,0.0063166167181162797,HARP,0,0,0,0,True,500,"Synthetic mechanism check — not empirical SPY evidence, trading evidence, or an exact paper replication."
9,no_periodicity,5,MSE,2.8320301172924308e-10,2.8298600819656747e-10,0.99923375273677151,-2.1700353267557359e-13,5,0.99099949545900379,-0.67425675988273925,0.50014808936093091,NONE,0,0,0,0,True,500,"Synthetic mechanism check — not empirical SPY evidence, trading evidence, or an exact paper replication."
9,no_periodicity,5,QLIKE,0.020872529147576101,0.02085203260240566,0.9990180133406199,-2.0496545170438641e-05,5,0.99099949545900379,-0.97118077008609149,0.33145826807505169,NONE,0,0,0,0,True,500,"Synthetic mechanism check — not empirical SPY evidence, trading evidence, or an exact paper replication."
9,no_periodicity,22,MSE,2.6160794180356885e-10,2.6171643016610632e-10,1.0004146982763196,1.0848836253743204e-13,21,0.95699947753381764,0.19982474529077585,0.84161764767048797,NONE,0,0,0,0,True,500,"Synthetic mechanism check — not empirical SPY evidence, trading evidence, or an exact paper replication."
9,no_periodicity,22,QLIKE,0.019360126647200167,0.01935129531681927,0.99954383922472045,-8.8313303809002268e-06,21,0.95699947753381764,-0.2657316072094113,0.79044591923575414,NONE,0,0,0,0,True,500,"Synthetic mechanism check — not empirical SPY evidence, trading evidence, or an exact paper replication."
9,u_shaped_periodicity,1,MSE,5.9347001617152037e-10,5.8122367836106615e-10,0.97936485841449006,-1.2246337810454198e-11,5,0.99899949949937417,-2.2806411792303574,0.022569688454600539,HARP,0,0,0,0,True,500,"Synthetic mechanism check — not empirical SPY evidence, trading evidence, or an exact paper replication."
9,u_shaped_periodicity,1,QLIKE,0.044727427136021645,0.043860831722165657,0.98062496617074435,-0.00086659541385599413,5,0.99899949949937417,-2.6106210798467502,0.0090377972122186734,HARP,0,0,0,0,True,500,"Synthetic mechanism check — not empirical SPY evidence, trading evidence, or an exact paper replication."
9,u_shaped_periodicity,5,MSE,2.7451533572787065e-10,2.7736489216324349e-10,1.0103803178347661,2.8495564353728354e-12,5,0.99099949545900379,0.75185257470715339,0.45213972098725713,NONE,0,0,0,0,True,500,"Synthetic mechanism check — not empirical SPY evidence, trading evidence, or an exact paper replication."
9,u_shaped_periodicity,5,QLIKE,0.02066567445626865,0.020613944311389205,0.99749680829488951,-5.173014487944316e-05,5,0.99099949545900379,-0.23684466373502441,0.81277730050249652,NONE,0,0,0,0,True,500,"Synthetic mechanism check — not empirical SPY evidence, trading evidence, or an exact paper replication."
9,u_shaped_periodicity,22,MSE,2.4953969858239013e-10,2.6183694549976059e-10,1.0492797217726473,1.2297246917370506e-11,21,0.95699947753381764,2.5316248761549733,0.011353538178388906,HAR,0,0,0,0,True,500,"Synthetic mechanism check — not empirical SPY evidence, trading evidence, or an exact paper replication."
9,u_shaped_periodicity,22,QLIKE,0.018781244853664423,0.019375238502950445,1.031626958378647,0.00059399364928602297,21,0.95699947753381764,2.2530136671109831,0.024258287242431165,HAR,0,0,0,0,True,500,"Synthetic mechanism check — not empirical SPY evidence, trading evidence, or an exact paper replication."
10,no_periodicity,1,MSE,9.5472506755943941e-10,9.5584471199840112e-10,1.0011727401709729,1.1196444389619741e-12,5,0.99899949949937417,1.0176264152277883,0.30885552906594343,NONE,0,0,0,0,True,500,"Synthetic mechanism check — not empirical SPY evidence, trading evidence, or an exact paper replication."
10,no_periodicity,1,QLIKE,0.043753409323108672,0.043791670956405113,1.0008744834719938,3.8261633296440501e-05,5,0.99899949949937417,1.0739973763638713,0.28282385744979882,NONE,0,0,0,0,True,500,"Synthetic mechanism check — not empirical SPY evidence, trading evidence, or an exact paper replication."
10,no_periodicity,5,MSE,4.6230395318591241e-10,4.6224648883744258e-10,0.99987570007118953,-5.7464348469808058e-14,5,0.99099949545900379,-0.066715139251577432,0.94680848178470511,NONE,0,0,0,0,True,500,"Synthetic mechanism check — not empirical SPY evidence, trading evidence, or an exact paper replication."
10,no_periodicity,5,QLIKE,0.022144054638771615,0.022152149988497578,1.0003655766686823,8.095349725962819e-06,5,0.99099949545900379,0.23050412121640462,0.81770006143581642,NONE,0,0,0,0,True,500,"Synthetic mechanism check — not empirical SPY evidence, trading evidence, or an exact paper replication."
10,no_periodicity,22,MSE,4.3592143756766097e-10,4.351178211387582e-10,0.99815651087639379,-8.0361642890284515e-13,21,0.95699947753381764,-0.70413128484548493,0.48135101886900789,NONE,0,0,0,0,True,500,"Synthetic mechanism check — not empirical SPY evidence, trading evidence, or an exact paper replication."
10,no_periodicity,22,QLIKE,0.021479121818697593,0.021471865195679465,0.99966215457599339,-7.2566230181281277e-06,21,0.95699947753381764,-0.13383825812924638,0.89353047372463135,NONE,0,0,0,0,True,500,"Synthetic mechanism check — not empirical SPY evidence, trading evidence, or an exact paper replication."
10,u_shaped_periodicity,1,MSE,9.8874674946626866e-10,9.8736677329266228e-10,0.99860431786567061,-1.3799761736062301e-12,5,0.99899949949937417,-0.20977260684740229,0.83384515393276859,NONE,0,0,0,0,True,500,"Synthetic mechanism check — not empirical SPY evidence, trading evidence, or an exact paper replication."
10,u_shaped_periodicity,1,QLIKE,0.045569936138063656,0.045223543773996254,0.99239866470258076,-0.00034639236406739873,5,0.99899949949937417,-1.2286121675156418,0.21921725130312092,NONE,0,0,0,0,True,500,"Synthetic mechanism check — not empirical SPY evidence, trading evidence, or an exact paper replication."
10,u_shaped_periodicity,5,MSE,4.8725710299331077e-10,4.7945699703590973e-10,0.98399180656478158,-7.800105957401014e-12,5,0.99099949545900379,-1.4455046829414044,0.14831617858901872,NONE,0,0,0,0,True,500,"Synthetic mechanism check — not empirical SPY evidence, trading evidence, or an exact paper replication."
10,u_shaped_periodicity,5,QLIKE,0.023267721892206276,0.022792820919756915,0.97958970909788834,-0.00047490097244935959,5,0.99099949545900379,-1.7692308947180115,0.076855350418981491,NONE,0,0,0,0,True,500,"Synthetic mechanism check — not empirical SPY evidence, trading evidence, or an exact paper replication."
10,u_shaped_periodicity,22,MSE,4.4029656599578915e-10,4.4015554798910076e-10,0.99967972040306641,-1.4101800668828203e-13,21,0.95699947753381764,-0.026658623457787817,0.97873201509034091,NONE,0,0,0,0,True,500,"Synthetic mechanism check — not empirical SPY evidence, trading evidence, or an exact paper replication."
10,u_shaped_periodicity,22,QLIKE,0.021428797366806831,0.021453616596741221,1.0011582185182653,2.4819229934388343e-05,21,0.95699947753381764,0.084055338599818327,0.93301243355789265,NONE,0,0,0,0,True,500,"Synthetic mechanism check — not empirical SPY evidence, trading evidence, or an exact paper replication."
11,no_periodicity,1,MSE,1.3172971096953024e-09,1.3205112882862209e-09,1.0024399799918047,3.2141785909183828e-12,5,0.99899949949937417,3.6693689051331049,0.00024314998797266148,HAR,0,0,0,0,True,500,"Synthetic mechanism check — not empirical SPY evidence, trading evidence, or an exact paper replication."
11,no_periodicity,1,QLIKE,0.047633940078503259,0.047748449666915646,1.0024039495415173,0.00011450958841238679,5,0.99899949949937417,3.5528744332094093,0.00038104630369137853,HAR,0,0,0,0,True,500,"Synthetic mechanism check — not empirical SPY evidence, trading evidence, or an exact paper replication."
11,no_periodicity,5,MSE,5.1656232181888736e-10,5.1877994646804304e-10,1.004293043753844,2.2176246491555551e-12,5,0.99099949545900379,2.8918555777226906,0.0038297394924375209,HAR,0,0,0,0,True,500,"Synthetic mechanism check — not empirical SPY evidence, trading evidence, or an exact paper replication."
11,no_periodicity,5,QLIKE,0.020078150287207532,0.020147557511559226,1.0034568535128416,6.9407224351692776e-05,5,0.99099949545900379,2.4876281017973279,0.012859813090349363,HAR,0,0,0,0,True,500,"Synthetic mechanism check — not empirical SPY evidence, trading evidence, or an exact paper replication."
11,no_periodicity,22,MSE,3.0488480208361437e-10,3.0598398995999729e-10,1.0036052563750997,1.0991878763830089e-12,21,0.95699947753381764,1.0544504717028891,0.29167672498678893,NONE,0,0,0,0,True,500,"Synthetic mechanism check — not empirical SPY evidence, trading evidence, or an exact paper replication."
11,no_periodicity,22,QLIKE,0.011698505879231939,0.011730123203358226,1.0027026805348209,3.1617324126290036e-05,21,0.95699947753381764,0.96948990836245663,0.33230081291114477,NONE,0,0,0,0,True,500,"Synthetic mechanism check — not empirical SPY evidence, trading evidence, or an exact paper replication."
11,u_shaped_periodicity,1,MSE,1.3765558983429823e-09,1.3620866824475973e-09,0.98948882794167525,-1.4469215895384928e-11,5,0.99899949949937417,-1.5049150866484626,0.13234590905646251,NONE,0,0,0,0,True,500,"Synthetic mechanism check — not empirical SPY evidence, trading evidence, or an exact paper replication."
11,u_shaped_periodicity,1,QLIKE,0.049899210890234871,0.049362971820576612,0.98925355611659183,-0.00053623906965825354,5,0.99899949949937417,-1.6794881880445933,0.093056939004182229,NONE,0,0,0,0,True,500,"Synthetic mechanism check — not empirical SPY evidence, trading evidence, or an exact paper replication."
11,u_shaped_periodicity,5,MSE,5.107709410588607e-10,5.0493192273182333e-10,0.9885682252891429,-5.8390183270373779e-12,5,0.99099949545900379,-0.76149726120692518,0.44636011410546306,NONE,0,0,0,0,True,500,"Synthetic mechanism check — not empirical SPY evidence, trading evidence, or an exact paper replication."
11,u_shaped_periodicity,5,QLIKE,0.020004173314724892,0.019762354161201791,0.98791156476608311,-0.00024181915352309958,5,0.99099949545900379,-0.84926489303060582,0.39573391117490453,NONE,0,0,0,0,True,500,"Synthetic mechanism check — not empirical SPY evidence, trading evidence, or an exact paper replication."
11,u_shaped_periodicity,22,MSE,3.0057395785566158e-10,2.9231905913117134e-10,0.97253621443660021,-8.2548987244902229e-12,21,0.95699947753381764,-1.1160490977798827,0.26440111896318835,NONE,0,0,0,0,True,500,"Synthetic mechanism check — not empirical SPY evidence, trading evidence, or an exact paper replication."
11,u_shaped_periodicity,22,QLIKE,0.011558105787338999,0.011282386377600364,0.97614493111486633,-0.00027571940973863685,21,0.95699947753381764,-1.0797142054291051,0.28026946614098713,NONE,0,0,0,0,True,500,"Synthetic mechanism check — not empirical SPY evidence, trading evidence, or an exact paper replication."
12,no_periodicity,1,MSE,1.3567900923889774e-09,1.3572297656659695e-09,1.0003240540150304,4.3967327699224467e-13,5,0.99899949949937417,0.38883924201205367,0.69739506977076338,NONE,0,0,0,0,True,500,"Synthetic mechanism check — not empirical SPY evidence, trading evidence, or an exact paper replication."
12,no_periodicity,1,QLIKE,0.052642008046587148,0.052610819369807556,0.99940753254032422,-3.11886767795988e-05,5,0.99899949949937417,-0.75149275137486549,0.45235616153775221,NONE,0,0,0,0,True,500,"Synthetic mechanism check — not empirical SPY evidence, trading evidence, or an exact paper replication."
12,no_periodicity,5,MSE,5.3722641420234846e-10,5.3692288507891259e-10,0.99943500707446309,-3.035291234358547e-13,5,0.99099949545900379,-0.32640311309675912,0.74411938248709264,NONE,0,0,0,0,True,500,"Synthetic mechanism check — not empirical SPY evidence, trading evidence, or an exact paper replication."
12,no_periodicity,5,QLIKE,0.022072769450261726,0.022026639044467732,0.99791007621866645,-4.6130405793998183e-05,5,0.99099949545900379,-1.3697344801811986,0.17076980122487842,NONE,0,0,0,0,True,500,"Synthetic mechanism check — not empirical SPY evidence, trading evidence, or an exact paper replication."
12,no_periodicity,22,MSE,4.0289180000488103e-10,4.0281645140583855e-10,0.99981298055944157,-7.5348599042488057e-14,21,0.95699947753381764,-0.079314536534280958,0.93678244424471024,NONE,0,0,0,0,True,500,"Synthetic mechanism check — not empirical SPY evidence, trading evidence, or an exact paper replication."
12,no_periodicity,22,QLIKE,0.017246070801755026,0.017221911514791594,0.99859914253854432,-2.4159286963433502e-05,21,0.95699947753381764,-0.67949724204705197,0.4968228545204984,NONE,0,0,0,0,True,500,"Synthetic mechanism check — not empirical SPY evidence, trading evidence, or an exact paper replication."
12,u_shaped_periodicity,1,MSE,1.4295740565140292e-09,1.4096471062998968e-09,0.98606091784938821,-1.9926950214132581e-11,5,0.99899949949937417,-2.0357017853666202,0.041780309714578051,HARP,0,0,0,0,True,500,"Synthetic mechanism check — not empirical SPY evidence, trading evidence, or an exact paper replication."
12,u_shaped_periodicity,1,QLIKE,0.055451090251282129,0.054574393152229984,0.98418972295983176,-0.0008766970990521421,5,0.99899949949937417,-2.3315599616610192,0.019723852200298032,HARP,0,0,0,0,True,500,"Synthetic mechanism check — not empirical SPY evidence, trading evidence, or an exact paper replication."
12,u_shaped_periodicity,5,MSE,5.3484080241051539e-10,5.2071868955623052e-10,0.97359567035529671,-1.4122112854284883e-11,5,0.99099949545900379,-1.8593488283907373,0.062977710041137655,NONE,0,0,0,0,True,500,"Synthetic mechanism check — not empirical SPY evidence, trading evidence, or an exact paper replication."
12,u_shaped_periodicity,5,QLIKE,0.022176784357066517,0.021593543678357315,0.97370039455141499,-0.00058324067870920175,5,0.99099949545900379,-1.9710543323547152,0.048717661507254047,HARP,0,0,0,0,True,500,"Synthetic mechanism check — not empirical SPY evidence, trading evidence, or an exact paper replication."
12,u_shaped_periodicity,22,MSE,3.9532107297815962e-10,3.8051258672443128e-10,0.96254060998527524,-1.4808486253728302e-11,21,0.95699947753381764,-1.4455568151319782,0.14830154657756994,NONE,0,0,0,0,True,500,"Synthetic mechanism check — not empirical SPY evidence, trading evidence, or an exact paper replication."
12,u_shaped_periodicity,22,QLIKE,0.01696672599134913,0.016463086852066301,0.97031606807703386,-0.00050363913928282947,21,0.95699947753381764,-1.277691003902401,0.20135839846027681,NONE,0,0,0,0,True,500,"Synthetic mechanism check — not empirical SPY evidence, trading evidence, or an exact paper replication."
13,no_periodicity,1,MSE,1.2742097595382472e-09,1.2719657439551448e-09,0.99823889625212447,-2.2440155831024145e-12,5,0.99899949949937417,-1.8066297704568783,0.07082002449424421,NONE,0,0,0,0,True,500,"Synthetic mechanism check — not empirical SPY evidence, trading evidence, or an exact paper replication."
13,no_periodicity,1,QLIKE,0.043764879872444977,0.043701985356880163,0.99856289984690638,-6.2894515564808183e-05,5,0.99899949949937417,-1.376047912919109,0.16880679999416506,NONE,0,0,0,0,True,500,"Synthetic mechanism check — not empirical SPY evidence, trading evidence, or an exact paper replication."
13,no_periodicity,5,MSE,4.4591122969178006e-10,4.4485473716648939e-10,0.9976307111035958,-1.0564925252907428e-12,5,0.99099949545900379,-1.2241714479091872,0.22088755767418536,NONE,0,0,0,0,True,500,"Synthetic mechanism check — not empirical SPY evidence, trading evidence, or an exact paper replication."
13,no_periodicity,5,QLIKE,0.017612208785390441,0.017565793154703364,0.99736457639966325,-4.6415630687075104e-05,5,0.99099949545900379,-1.2756413079343483,0.20208234480030049,NONE,0,0,0,0,True,500,"Synthetic mechanism check — not empirical SPY evidence, trading evidence, or an exact paper replication."
13,no_periodicity,22,MSE,4.4171664780447283e-10,4.4023527868504844e-10,0.99664633622756249,-1.4813691194244827e-12,21,0.95699947753381764,-1.0719257695755522,0.28375337456214128,NONE,0,0,0,0,True,500,"Synthetic mechanism check — not empirical SPY evidence, trading evidence, or an exact paper replication."
13,no_periodicity,22,QLIKE,0.020068422331647854,0.020006320569933959,0.99690549856448052,-6.2101761713895254e-05,21,0.95699947753381764,-0.80156397601618734,0.42280522289157757,NONE,0,0,0,0,True,500,"Synthetic mechanism check — not empirical SPY evidence, trading evidence, or an exact paper replication."
13,u_shaped_periodicity,1,MSE,1.3260214338809187e-09,1.3334602264763628e-09,1.0056098584874851,7.438792595444041e-12,5,0.99899949949937417,0.76339595296038665,0.44522729278099915,NONE,0,0,0,0,True,500,"Synthetic mechanism check — not empirical SPY evidence, trading evidence, or an exact paper replication."
13,u_shaped_periodicity,1,QLIKE,0.04662527050796926,0.046846394311270245,1.0047425741640081,0.00022112380330098835,5,0.99899949949937417,0.67416183662554463,0.50020842954621303,NONE,0,0,0,0,True,500,"Synthetic mechanism check — not empirical SPY evidence, trading evidence, or an exact paper replication."
13,u_shaped_periodicity,5,MSE,4.5298159536595845e-10,4.5277752497817199e-10,0.99954949518948644,-2.0407038778644646e-13,5,0.99099949545900379,-0.025810273285697842,0.97940866768263712,NONE,0,0,0,0,True,500,"Synthetic mechanism check — not empirical SPY evidence, trading evidence, or an exact paper replication."
13,u_shaped_periodicity,5,QLIKE,0.01791524699060916,0.017813134331633514,0.9943002371650711,-0.00010211265897564514,5,0.99099949545900379,-0.31541940583017275,0.75244323456056583,NONE,0,0,0,0,True,500,"Synthetic mechanism check — not empirical SPY evidence, trading evidence, or an exact paper replication."
13,u_shaped_periodicity,22,MSE,4.5132443750251428e-10,4.4772581695930656e-10,0.99202653292358522,-3.5986205432078449e-12,21,0.95699947753381764,-0.30427417647462179,0.76091901721363486,NONE,0,0,0,0,True,500,"Synthetic mechanism check — not empirical SPY evidence, trading evidence, or an exact paper replication."
13,u_shaped_periodicity,22,QLIKE,0.020263260990401301,0.020028090781459694,0.9883942565289463,-0.00023517020894160944,21,0.95699947753381764,-0.45814033042985719,0.64685162554099906,NONE,0,0,0,0,True,500,"Synthetic mechanism check — not empirical SPY evidence, trading evidence, or an exact paper replication."
14,no_periodicity,1,MSE,1.2204019755270733e-09,1.2202366745521906e-09,0.99986455202613767,-1.6530097488275224e-13,5,0.99899949949937417,-0.10861721244333228,0.91350610797317811,NONE,0,0,0,0,True,500,"Synthetic mechanism check — not empirical SPY evidence, trading evidence, or an exact paper replication."
14,no_periodicity,1,QLIKE,0.04556336397691501,0.045576081900316499,1.0002791260848942,1.271792340149247e-05,5,0.99899949949937417,0.26568229006439348,0.79048390381794975,NONE,0,0,0,0,True,500,"Synthetic mechanism check — not empirical SPY evidence, trading evidence, or an exact paper replication."
14,no_periodicity,5,MSE,5.6239943032330032e-10,5.6171085402048343e-10,0.99877564544754061,-6.8857630281692325e-13,5,0.99099949545900379,-0.57585940093905841,0.56471021927240106,NONE,0,0,0,0,True,500,"Synthetic mechanism check — not empirical SPY evidence, trading evidence, or an exact paper replication."
14,no_periodicity,5,QLIKE,0.022282481621788971,0.0222639170623481,0.99916685404453709,-1.8564559440870986e-05,5,0.99099949545900379,-0.49836691960566432,0.61822544850426242,NONE,0,0,0,0,True,500,"Synthetic mechanism check — not empirical SPY evidence, trading evidence, or an exact paper replication."
14,no_periodicity,22,MSE,3.3449016215154991e-10,3.343280862147815e-10,0.99951545380071605,-1.6207593676841293e-13,21,0.95699947753381764,-0.13457774314966509,0.89294573989193826,NONE,0,0,0,0,True,500,"Synthetic mechanism check — not empirical SPY evidence, trading evidence, or an exact paper replication."
14,no_periodicity,22,QLIKE,0.015160457267639772,0.015162901053029313,1.0001611947018747,2.4437853895378223e-06,21,0.95699947753381764,0.05429127729113753,0.95670309901861261,NONE,0,0,0,0,True,500,"Synthetic mechanism check — not empirical SPY evidence, trading evidence, or an exact paper replication."
14,u_shaped_periodicity,1,MSE,1.3075037270187083e-09,1.2854384623103453e-09,0.98312412863351839,-2.2065264708362985e-11,5,0.99899949949937417,-2.703939790350872,0.0068522704091569927,HARP,0,0,0,0,True,500,"Synthetic mechanism check — not empirical SPY evidence, trading evidence, or an exact paper replication."
14,u_shaped_periodicity,1,QLIKE,0.048899791967562549,0.048234803030738752,0.98640098638323626,-0.00066498893682379913,5,0.99899949949937417,-2.1732398495281688,0.029762269998712856,HARP,0,0,0,0,True,500,"Synthetic mechanism check — not empirical SPY evidence, trading evidence, or an exact paper replication."
14,u_shaped_periodicity,5,MSE,5.5913197104179996e-10,5.5283593597596395e-10,0.98873962607771304,-6.2960350658360544e-12,5,0.99099949545900379,-0.96391240939775946,0.3350898417781033,NONE,0,0,0,0,True,500,"Synthetic mechanism check — not empirical SPY evidence, trading evidence, or an exact paper replication."
14,u_shaped_periodicity,5,QLIKE,0.022578641123452283,0.022297337859651555,0.98754117830817811,-0.00028130326380072378,5,0.99099949545900379,-1.0300851409955545,0.30297003980210807,NONE,0,0,0,0,True,500,"Synthetic mechanism check — not empirical SPY evidence, trading evidence, or an exact paper replication."
14,u_shaped_periodicity,22,MSE,3.3011723879033144e-10,3.1835986915226236e-10,0.96438426032777835,-1.1757369638069051e-11,21,0.95699947753381764,-1.3954381674402228,0.1628837484901107,NONE,0,0,0,0,True,500,"Synthetic mechanism check — not empirical SPY evidence, trading evidence, or an exact paper replication."
14,u_shaped_periodicity,22,QLIKE,0.015027655090272639,0.014428269603992393,0.96011450338195303,-0.00059938548628024526,21,0.95699947753381764,-1.5681750868041882,0.11684027685655261,NONE,0,0,0,0,True,500,"Synthetic mechanism check — not empirical SPY evidence, trading evidence, or an exact paper replication."
15,no_periodicity,1,MSE,1.2342413407755753e-09,1.2335195426875302e-09,0.99941518885796554,-7.217980880451076e-13,5,0.99899949949937417,-0.76527305549790958,0.44410896518257714,NONE,0,0,0,0,True,500,"Synthetic mechanism check — not empirical SPY evidence, trading evidence, or an exact paper replication."
15,no_periodicity,1,QLIKE,0.05513392305455584,0.055102306998829162,0.9994265589318686,-3.1616055726688689e-05,5,0.99899949949937417,-0.87852790463339092,0.37965730122616631,NONE,0,0,0,0,True,500,"Synthetic mechanism check — not empirical SPY evidence, trading evidence, or an exact paper replication."
15,no_periodicity,5,MSE,5.1474048911069123e-10,5.1308464359091568e-10,0.99678314499285581,-1.6558455197754866e-12,5,0.99099949545900379,-2.7132586987165221,0.0066625071265829739,HARP,0,0,0,0,True,500,"Synthetic mechanism check — not empirical SPY evidence, trading evidence, or an exact paper replication."
15,no_periodicity,5,QLIKE,0.023831520868642375,0.023768977917708111,0.99737562066311269,-6.2542950934266089e-05,5,0.99099949545900379,-2.5723456639381763,0.0101011982229115,HARP,0,0,0,0,True,500,"Synthetic mechanism check — not empirical SPY evidence, trading evidence, or an exact paper replication."
15,no_periodicity,22,MSE,3.7917666917403263e-10,3.7796219285534868e-10,0.99679707002720008,-1.2144763186840065e-12,21,0.95699947753381764,-2.382847286947924,0.017179319309736586,HARP,0,0,0,0,True,500,"Synthetic mechanism check — not empirical SPY evidence, trading evidence, or an exact paper replication."
15,no_periodicity,22,QLIKE,0.017434606800610958,0.017380443348146681,0.99689333673631353,-5.4163452464278897e-05,21,0.95699947753381764,-2.5812189816290272,0.009845210977560654,HARP,0,0,0,0,True,500,"Synthetic mechanism check — not empirical SPY evidence, trading evidence, or an exact paper replication."
15,u_shaped_periodicity,1,MSE,1.2941555380168653e-09,1.2855621865198854e-09,0.99335987735280407,-8.5933514969799139e-12,5,0.99899949949937417,-0.92415633337099101,0.35540492687881736,NONE,0,0,0,0,True,500,"Synthetic mechanism check — not empirical SPY evidence, trading evidence, or an exact paper replication."
15,u_shaped_periodicity,1,QLIKE,0.057128562444524147,0.056902481145674914,0.99604258729477446,-0.00022608129884923932,5,0.99899949949937417,-0.63088760646226083,0.52811401595847762,NONE,0,0,0,0,True,500,"Synthetic mechanism check — not empirical SPY evidence, trading evidence, or an exact paper replication."
15,u_shaped_periodicity,5,MSE,5.2844534759258692e-10,5.2851760878045563e-10,1.0001367429729449,7.2261187868595691e-14,5,0.99099949545900379,0.010634222903878341,0.99151527764736469,NONE,0,0,0,0,True,500,"Synthetic mechanism check — not empirical SPY evidence, trading evidence, or an exact paper replication."
15,u_shaped_periodicity,5,QLIKE,0.02431848272603019,0.024449266673110658,1.005377964922971,0.00013078394708046525,5,0.99099949545900379,0.49162905631248488,0.62298159875916559,NONE,0,0,0,0,True,500,"Synthetic mechanism check — not empirical SPY evidence, trading evidence, or an exact paper replication."
15,u_shaped_periodicity,22,MSE,4.0187463014142429e-10,4.0308978289705033e-10,1.0030237110394313,1.2151527556260288e-12,21,0.95699947753381764,0.20672813383143784,0.83622218436325035,NONE,0,0,0,0,True,500,"Synthetic mechanism check — not empirical SPY evidence, trading evidence, or an exact paper replication."
15,u_shaped_periodicity,22,QLIKE,0.018377407986500172,0.018487562927426999,1.0059940412166801,0.00011015494092682943,21,0.95699947753381764,0.47879372050434171,0.63208538439335138,NONE,0,0,0,0,True,500,"Synthetic mechanism check — not empirical SPY evidence, trading evidence, or an exact paper replication."
16,no_periodicity,1,MSE,9.3794740658004522e-10,9.3891482281427047e-10,1.0010314184222255,9.6741623422522728e-13,5,0.99899949949937417,1.0280465655084081,0.30392792405083591,NONE,0,0,0,0,True,500,"Synthetic mechanism check — not empirical SPY evidence, trading evidence, or an exact paper replication."
16,no_periodicity,1,QLIKE,0.044672297145703532,0.044741549768186006,1.0015502364307929,6.9252622482462555e-05,5,0.99899949949937417,1.7188497951838948,0.085641725769170896,NONE,0,0,0,0,True,500,"Synthetic mechanism check — not empirical SPY evidence, trading evidence, or an exact paper replication."
16,no_periodicity,5,MSE,3.9959838484015266e-10,3.9936926052950711e-10,0.99942661352163076,-2.2912431064560879e-13,5,0.99099949545900379,-0.29713323272881931,0.76636479342267982,NONE,0,0,0,0,True,500,"Synthetic mechanism check — not empirical SPY evidence, trading evidence, or an exact paper replication."
16,no_periodicity,5,QLIKE,0.019432004335660221,0.01945202858299188,1.0010304777101615,2.002424733165764e-05,5,0.99099949545900379,0.60471107587963779,0.54537098753223467,NONE,0,0,0,0,True,500,"Synthetic mechanism check — not empirical SPY evidence, trading evidence, or an exact paper replication."
16,no_periodicity,22,MSE,3.3005215717132015e-10,3.300381810566191e-10,0.99995765483000976,-1.397611470107259e-14,21,0.95699947753381764,-0.016329845905656924,0.98697124712376449,NONE,0,0,0,0,True,500,"Synthetic mechanism check — not empirical SPY evidence, trading evidence, or an exact paper replication."
16,no_periodicity,22,QLIKE,0.017719290267823391,0.017756937973429521,1.0021246734511988,3.7647705606131955e-05,21,0.95699947753381764,0.83521427442044738,0.40359707401492523,NONE,0,0,0,0,True,500,"Synthetic mechanism check — not empirical SPY evidence, trading evidence, or an exact paper replication."
16,u_shaped_periodicity,1,MSE,1.0021469484166667e-09,9.9553946458731324e-10,0.99340667170638708,-6.6074838293534017e-12,5,0.99899949949937417,-1.0964346071919537,0.27288862602532954,NONE,0,0,0,0,True,500,"Synthetic mechanism check — not empirical SPY evidence, trading evidence, or an exact paper replication."
16,u_shaped_periodicity,1,QLIKE,0.046971099522306728,0.04685443010524433,0.99751614464534744,-0.0001166694170623992,5,0.99899949949937417,-0.4378209839736093,0.66151605829910221,NONE,0,0,0,0,True,500,"Synthetic mechanism check — not empirical SPY evidence, trading evidence, or an exact paper replication."
16,u_shaped_periodicity,5,MSE,4.1900642022527484e-10,4.1370087186171992e-10,0.98733778742411049,-5.3055483635549219e-12,5,0.99099949545900379,-1.0479208259389694,0.29467508625070066,NONE,0,0,0,0,True,500,"Synthetic mechanism check — not empirical SPY evidence, trading evidence, or an exact paper replication."
16,u_shaped_periodicity,5,QLIKE,0.020532246876371257,0.020326498338144598,0.98997924876583099,-0.00020574853822666127,5,0.99099949545900379,-0.95635459578783499,0.33889311562050217,NONE,0,0,0,0,True,500,"Synthetic mechanism check — not empirical SPY evidence, trading evidence, or an exact paper replication."
16,u_shaped_periodicity,22,MSE,3.3541602543108811e-10,3.3146600242458379e-10,0.98822351137985254,-3.9500230065042943e-12,21,0.95699947753381764,-0.80735642370256122,0.41946116504560943,NONE,0,0,0,0,True,500,"Synthetic mechanism check — not empirical SPY evidence, trading evidence, or an exact paper replication."
16,u_shaped_periodicity,22,QLIKE,0.018122573980935381,0.018021035507453344,0.99439712738439623,-0.00010153847348203903,21,0.95699947753381764,-0.42461954308619687,0.67111404406123176,NONE,0,0,0,0,True,500,"Synthetic mechanism check — not empirical SPY evidence, trading evidence, or an exact paper replication."
17,no_periodicity,1,MSE,6.5441170981255579e-10,6.5490136594503427e-10,1.0007482386472253,4.8965613247850371e-13,5,0.99899949949937417,0.73580997832501682,0.46184634782663264,NONE,0,0,0,0,True,500,"Synthetic mechanism check — not empirical SPY evidence, trading evidence, or an exact paper replication."
17,no_periodicity,1,QLIKE,0.040803385000000275,0.040810748043050252,1.0001804517701161,7.3630430499695972e-06,5,0.99899949949937417,0.21504817815708319,0.82972975641640101,NONE,0,0,0,0,True,500,"Synthetic mechanism check — not empirical SPY evidence, trading evidence, or an exact paper replication."
17,no_periodicity,5,MSE,2.6774142220447931e-10,2.6816010137102572e-10,1.0015637444632182,4.1867916654641378e-13,5,0.99099949545900379,1.0031837529035152,0.31577221054889892,NONE,0,0,0,0,True,500,"Synthetic mechanism check — not empirical SPY evidence, trading evidence, or an exact paper replication."
17,no_periodicity,5,QLIKE,0.018280256655948058,0.018292968017541222,1.00069536012718,1.2711361593159775e-05,5,0.99099949545900379,0.49993743437354604,0.61711913251646799,NONE,0,0,0,0,True,500,"Synthetic mechanism check — not empirical SPY evidence, trading evidence, or an exact paper replication."
17,no_periodicity,22,MSE,2.2912868018290328e-10,2.3002487806202462e-10,1.0039113299932856,8.9619787912136757e-13,21,0.95699947753381764,1.7797611646451941,0.075115055738074671,NONE,0,0,0,0,True,500,"Synthetic mechanism check — not empirical SPY evidence, trading evidence, or an exact paper replication."
17,no_periodicity,22,QLIKE,0.017546317979556234,0.017601689392359159,1.0031557283338557,5.5371412802926122e-05,21,0.95699947753381764,1.8485216509756026,0.06452691522561313,NONE,0,0,0,0,True,500,"Synthetic mechanism check — not empirical SPY evidence, trading evidence, or an exact paper replication."
17,u_shaped_periodicity,1,MSE,7.244334377792719e-10,7.2712665746579536e-10,1.0037176910204193,2.6932196865235314e-12,5,0.99899949949937417,0.34259414322618631,0.73190380874727712,NONE,0,0,0,0,True,500,"Synthetic mechanism check — not empirical SPY evidence, trading evidence, or an exact paper replication."
17,u_shaped_periodicity,1,QLIKE,0.04438200613160357,0.044260175255841167,0.99725494887722865,-0.00012183087576239871,5,0.99899949949937417,-0.33051914990836734,0.74100772536296444,NONE,0,0,0,0,True,500,"Synthetic mechanism check — not empirical SPY evidence, trading evidence, or an exact paper replication."
17,u_shaped_periodicity,5,MSE,3.0528894506324095e-10,3.056527354351424e-10,1.0011916264174783,3.6379037190135969e-13,5,0.99099949545900379,0.070217301881338401,0.94402070340511113,NONE,0,0,0,0,True,500,"Synthetic mechanism check — not empirical SPY evidence, trading evidence, or an exact paper replication."
17,u_shaped_periodicity,5,QLIKE,0.019660417451325529,0.019509116571814901,0.99230428957649486,-0.00015130087951063055,5,0.99099949545900379,-0.54510694529385961,0.5856799662150789,NONE,0,0,0,0,True,500,"Synthetic mechanism check — not empirical SPY evidence, trading evidence, or an exact paper replication."
17,u_shaped_periodicity,22,MSE,2.4851363823564669e-10,2.491918600346854e-10,1.0027291129929683,6.7822179903875892e-13,21,0.95699947753381764,0.10896319564136991,0.91323168209449557,NONE,0,0,0,0,True,500,"Synthetic mechanism check — not empirical SPY evidence, trading evidence, or an exact paper replication."
17,u_shaped_periodicity,22,QLIKE,0.01822663908937985,0.018082912580328091,0.99211448098868071,-0.0001437265090517581,21,0.95699947753381764,-0.45900467517068555,0.64623080879248807,NONE,0,0,0,0,True,500,"Synthetic mechanism check — not empirical SPY evidence, trading evidence, or an exact paper replication."
18,no_periodicity,1,MSE,1.194778804392094e-09,1.1949623978682064e-09,1.0001536631512356,1.835934761122792e-13,5,0.99899949949937417,0.12981349896449576,0.89671398266000546,NONE,0,0,0,0,True,500,"Synthetic mechanism check — not empirical SPY evidence, trading evidence, or an exact paper replication."
18,no_periodicity,1,QLIKE,0.04521767619065057,0.045238610755008603,1.000462973025632,2.0934564358031871e-05,5,0.99899949949937417,0.47466151087290714,0.63502825579345301,NONE,0,0,0,0,True,500,"Synthetic mechanism check — not empirical SPY evidence, trading evidence, or an exact paper replication."
18,no_periodicity,5,MSE,4.8458355178108363e-10,4.8492578366686469e-10,1.0007062391707751,3.4223188578100688e-13,5,0.99099949545900379,0.42581034541830476,0.67024604788262487,NONE,0,0,0,0,True,500,"Synthetic mechanism check — not empirical SPY evidence, trading evidence, or an exact paper replication."
18,no_periodicity,5,QLIKE,0.018679086953845049,0.018692408754709192,1.0007131933641649,1.3321800864139809e-05,5,0.99099949545900379,0.45219763260942963,0.6511266135122904,NONE,0,0,0,0,True,500,"Synthetic mechanism check — not empirical SPY evidence, trading evidence, or an exact paper replication."
18,no_periodicity,22,MSE,2.8464391165648476e-10,2.8524749720611699e-10,1.0021204934478298,6.035855496321904e-13,21,0.95699947753381764,0.97780056792757786,0.32817297010086277,NONE,0,0,0,0,True,500,"Synthetic mechanism check — not empirical SPY evidence, trading evidence, or an exact paper replication."
18,no_periodicity,22,QLIKE,0.010869201441256601,0.010885167133309549,1.0014688928289015,1.5965692052947399e-05,21,0.95699947753381764,0.60954237929063926,0.54216499126391826,NONE,0,0,0,0,True,500,"Synthetic mechanism check — not empirical SPY evidence, trading evidence, or an exact paper replication."
18,u_shaped_periodicity,1,MSE,1.2993403253657713e-09,1.2864956647031787e-09,0.99011447546740561,-1.2844660662592894e-11,5,0.99899949949937417,-1.3903146468715688,0.16443335207513715,NONE,0,0,0,0,True,500,"Synthetic mechanism check — not empirical SPY evidence, trading evidence, or an exact paper replication."
18,u_shaped_periodicity,1,QLIKE,0.049302277797466931,0.048612573752972656,0.98601070629378285,-0.000689704044494261,5,0.99899949949937417,-2.1415784090262115,0.03222742269372237,HARP,0,0,0,0,True,500,"Synthetic mechanism check — not empirical SPY evidence, trading evidence, or an exact paper replication."
18,u_shaped_periodicity,5,MSE,4.9489018777958177e-10,4.8829014284407223e-10,0.98666361730645358,-6.6000449355095957e-12,5,0.99099949545900379,-0.94555219155936443,0.34437703865325414,NONE,0,0,0,0,True,500,"Synthetic mechanism check — not empirical SPY evidence, trading evidence, or an exact paper replication."
18,u_shaped_periodicity,5,QLIKE,0.019168255571271095,0.018748658637245705,0.97810980073459208,-0.00041959693402539555,5,0.99099949545900379,-1.6335175998429647,0.10236018223887483,NONE,0,0,0,0,True,500,"Synthetic mechanism check — not empirical SPY evidence, trading evidence, or an exact paper replication."
18,u_shaped_periodicity,22,MSE,2.9174626292583372e-10,2.846731532584755e-10,0.97575595451875141,-7.073109667358208e-12,21,0.95699947753381764,-1.1011541619011858,0.27082956772211764,NONE,0,0,0,0,True,500,"Synthetic mechanism check — not empirical SPY evidence, trading evidence, or an exact paper replication."
18,u_shaped_periodicity,22,QLIKE,0.011185600364988505,0.010825590577672383,0.96781488918172243,-0.00036000978731612365,21,0.95699947753381764,-1.4481086056272201,0.14758667919623808,NONE,0,0,0,0,True,500,"Synthetic mechanism check — not empirical SPY evidence, trading evidence, or an exact paper replication."
19,no_periodicity,1,MSE,7.858659861336654e-10,7.8573051785509562e-10,0.99982761910941553,-1.354682785698926e-13,5,0.99899949949937417,-0.17071963476106905,0.86444422317252878,NONE,0,0,0,0,True,500,"Synthetic mechanism check — not empirical SPY evidence, trading evidence, or an exact paper replication."
19,no_periodicity,1,QLIKE,0.045067265192491261,0.045060539951121539,0.99985077325324723,-6.7252413697262978e-06,5,0.99899949949937417,-0.16697327219143504,0.86739107936497173,NONE,0,0,0,0,True,500,"Synthetic mechanism check — not empirical SPY evidence, trading evidence, or an exact paper replication."
19,no_periodicity,5,MSE,3.5957654133378025e-10,3.5947352658391903e-10,0.99971351092738392,-1.0301474986128275e-13,5,0.99099949545900379,-0.16539984818347897,0.86862927316160432,NONE,0,0,0,0,True,500,"Synthetic mechanism check — not empirical SPY evidence, trading evidence, or an exact paper replication."
19,no_periodicity,5,QLIKE,0.020310763684526018,0.02030484090562169,0.99970839211187112,-5.9227789043290181e-06,5,0.99099949545900379,-0.17584481901179769,0.86041585772956553,NONE,0,0,0,0,True,500,"Synthetic mechanism check — not empirical SPY evidence, trading evidence, or an exact paper replication."
19,no_periodicity,22,MSE,2.7382839880405212e-10,2.7347021205983879e-10,0.99869192988828881,-3.5818674421336175e-13,21,0.95699947753381764,-0.40579446373854683,0.68489362684085986,NONE,0,0,0,0,True,500,"Synthetic mechanism check — not empirical SPY evidence, trading evidence, or an exact paper replication."
19,no_periodicity,22,QLIKE,0.015726987625848031,0.015707347862356245,0.99875120627299874,-1.9639763491788644e-05,21,0.95699947753381764,-0.44531715888552414,0.65609056937947985,NONE,0,0,0,0,True,500,"Synthetic mechanism check — not empirical SPY evidence, trading evidence, or an exact paper replication."
19,u_shaped_periodicity,1,MSE,8.4688092897754539e-10,8.4254720865079814e-10,0.99488272769115316,-4.3337203267474288e-12,5,0.99899949949937417,-0.77389975424443358,0.43899007494342107,NONE,0,0,0,0,True,500,"Synthetic mechanism check — not empirical SPY evidence, trading evidence, or an exact paper replication."
19,u_shaped_periodicity,1,QLIKE,0.0480376092376349,0.047553164178564443,0.98991529622812868,-0.00048444505907045167,5,0.99899949949937417,-1.5243293153194846,0.12742646760522727,NONE,0,0,0,0,True,500,"Synthetic mechanism check — not empirical SPY evidence, trading evidence, or an exact paper replication."
19,u_shaped_periodicity,5,MSE,3.8027484438564628e-10,3.7430483831506462e-10,0.98430081253408563,-5.9700060705816488e-12,5,0.99099949545900379,-1.1846995565488525,0.2361362578729321,NONE,0,0,0,0,True,500,"Synthetic mechanism check — not empirical SPY evidence, trading evidence, or an exact paper replication."
19,u_shaped_periodicity,5,QLIKE,0.021161446342630171,0.020779490135247811,0.98195037327798795,-0.00038195620738236034,5,0.99099949545900379,-1.6446484983058085,0.10004231928716491,NONE,0,0,0,0,True,500,"Synthetic mechanism check — not empirical SPY evidence, trading evidence, or an exact paper replication."
19,u_shaped_periodicity,22,MSE,2.8992568583952009e-10,2.8194307057018453e-10,0.9724666848809177,-7.9826152693355878e-12,21,0.95699947753381764,-1.7837491565790322,0.074464434621417386,NONE,0,0,0,0,True,500,"Synthetic mechanism check — not empirical SPY evidence, trading evidence, or an exact paper replication."
19,u_shaped_periodicity,22,QLIKE,0.016517421221453669,0.016063198925604899,0.9725004109443669,-0.00045422229584877094,21,0.95699947753381764,-2.0058750097506315,0.044869585125661922,HARP,0,0,0,0,True,500,"Synthetic mechanism check — not empirical SPY evidence, trading evidence, or an exact paper replication."
20,no_periodicity,1,MSE,1.189329475421516e-09,1.1918759159836262e-09,1.0021410724401727,2.5464405621101194e-12,5,0.99899949949937417,1.9100213873109406,0.056130459645539768,NONE,0,0,0,0,True,500,"Synthetic mechanism check — not empirical SPY evidence, trading evidence, or an exact paper replication."
20,no_periodicity,1,QLIKE,0.04554934916354203,0.045657971414852519,1.0023847157710308,0.00010862225131048219,5,0.99899949949937417,2.198852109369398,0.027888439836243308,HAR,0,0,0,0,True,500,"Synthetic mechanism check — not empirical SPY evidence, trading evidence, or an exact paper replication."
20,no_periodicity,5,MSE,5.4393079238261962e-10,5.4810572022253345e-10,1.0076754761789199,4.1749278399139007e-12,5,0.99099949545900379,3.1623670302524349,0.0015649218630334931,HAR,0,0,0,0,True,500,"Synthetic mechanism check — not empirical SPY evidence, trading evidence, or an exact paper replication."
20,no_periodicity,5,QLIKE,0.023285267906272264,0.023467522463782749,1.0078270328795054,0.00018225455751048658,5,0.99099949545900379,3.7392252314464978,0.00018458828671089175,HAR,0,0,0,0,True,500,"Synthetic mechanism check — not empirical SPY evidence, trading evidence, or an exact paper replication."
20,no_periodicity,22,MSE,5.0000615460444941e-10,5.0341144810470719e-10,1.0068105031686094,3.4052935002575778e-12,21,0.95699947753381764,2.0924877985192598,0.036394902105419707,HAR,0,0,0,0,True,500,"Synthetic mechanism check — not empirical SPY evidence, trading evidence, or an exact paper replication."
20,no_periodicity,22,QLIKE,0.021338814465852864,0.021456602705759428,1.0055199055268536,0.0001177882399065684,21,0.95699947753381764,1.8135566737895359,0.069746005881856185,NONE,0,0,0,0,True,500,"Synthetic mechanism check — not empirical SPY evidence, trading evidence, or an exact paper replication."
20,u_shaped_periodicity,1,MSE,1.2079816684158375e-09,1.1993916397773451e-09,0.99288894122891991,-8.590028638492071e-12,5,0.99899949949937417,-0.86720306300590155,0.38583075830470964,NONE,0,0,0,0,True,500,"Synthetic mechanism check — not empirical SPY evidence, trading evidence, or an exact paper replication."
20,u_shaped_periodicity,1,QLIKE,0.048066561677470872,0.047670570758117918,0.99176161336419122,-0.0003959909193529496,5,0.99899949949937417,-1.1001035553033645,0.27128700496598573,NONE,0,0,0,0,True,500,"Synthetic mechanism check — not empirical SPY evidence, trading evidence, or an exact paper replication."
20,u_shaped_periodicity,5,MSE,5.2780548369403961e-10,5.1891652651231129e-10,0.98315864943365938,-8.8889571817282444e-12,5,0.99099949545900379,-1.1662395443577627,0.24351760843380219,NONE,0,0,0,0,True,500,"Synthetic mechanism check — not empirical SPY evidence, trading evidence, or an exact paper replication."
20,u_shaped_periodicity,5,QLIKE,0.023518981572878087,0.022970306738367904,0.97667097817097193,-0.00054867483451018326,5,0.99099949545900379,-1.6811120528613708,0.092741151707033828,NONE,0,0,0,0,True,500,"Synthetic mechanism check — not empirical SPY evidence, trading evidence, or an exact paper replication."
20,u_shaped_periodicity,22,MSE,4.8434623426129986e-10,4.7922133816677544e-10,0.9894189409723797,-5.1248960945246184e-12,21,0.95699947753381764,-0.75637393570033995,0.4494250305367406,NONE,0,0,0,0,True,500,"Synthetic mechanism check — not empirical SPY evidence, trading evidence, or an exact paper replication."
20,u_shaped_periodicity,22,QLIKE,0.020914408693037109,0.020620583405705311,0.98595105930823568,-0.00029382528733179567,21,0.95699947753381764,-0.91827038496565527,0.3584773277122747,NONE,0,0,0,0,True,500,"Synthetic mechanism check — not empirical SPY evidence, trading evidence, or an exact paper replication."
21,no_periodicity,1,MSE,2.2743556679227972e-09,2.2767134234427096e-09,1.0010366696612873,2.3577555199120893e-12,5,0.99899949949937417,0.95530668005761976,0.33942263035442227,NONE,0,0,0,0,True,500,"Synthetic mechanism check — not empirical SPY evidence, trading evidence, or an exact paper replication."
21,no_periodicity,1,QLIKE,0.052064313993367056,0.052160536437320743,1.0018481458137707,9.6222443953686287e-05,5,0.99899949949937417,1.5824463852330184,0.11354770268976877,NONE,0,0,0,0,True,500,"Synthetic mechanism check — not empirical SPY evidence, trading evidence, or an exact paper replication."
21,no_periodicity,5,MSE,9.3505929602424392e-10,9.3514453157135081e-10,1.0000911552320471,8.5235547107088258e-14,5,0.99099949545900379,0.053315419617183127,0.95748059459737012,NONE,0,0,0,0,True,500,"Synthetic mechanism check — not empirical SPY evidence, trading evidence, or an exact paper replication."
21,no_periodicity,5,QLIKE,0.027206088282802195,0.027239336775424918,1.0012220975054227,3.3248492622721672e-05,5,0.99099949545900379,0.79956222991361292,0.42396447816983651,NONE,0,0,0,0,True,500,"Synthetic mechanism check — not empirical SPY evidence, trading evidence, or an exact paper replication."
21,no_periodicity,22,MSE,1.132273454476804e-09,1.133849718813831e-09,1.0013921233698404,1.5762643370269846e-12,21,0.95699947753381764,0.8532460383177487,0.39352287763775984,NONE,0,0,0,0,True,500,"Synthetic mechanism check — not empirical SPY evidence, trading evidence, or an exact paper replication."
21,no_periodicity,22,QLIKE,0.030445446712994238,0.030507335882046724,1.0020327889958689,6.1889169052489201e-05,21,0.95699947753381764,1.0009690676525513,0.31684176309168632,NONE,0,0,0,0,True,500,"Synthetic mechanism check — not empirical SPY evidence, trading evidence, or an exact paper replication."
21,u_shaped_periodicity,1,MSE,2.3668790172887735e-09,2.3598909575160944e-09,0.99704756359677238,-6.988059772678984e-12,5,0.99899949949937417,-0.29889663232068719,0.76501891673715372,NONE,0,0,0,0,True,500,"Synthetic mechanism check — not empirical SPY evidence, trading evidence, or an exact paper replication."
21,u_shaped_periodicity,1,QLIKE,0.054929862553397969,0.054474274063347289,0.99170599617634581,-0.00045558849005068237,5,0.99899949949937417,-0.9332865150143026,0.35067205577241561,NONE,0,0,0,0,True,500,"Synthetic mechanism check — not empirical SPY evidence, trading evidence, or an exact paper replication."
21,u_shaped_periodicity,5,MSE,9.9355856838849259e-10,9.5756721418982988e-10,0.96377530691820301,-3.5991354198662872e-11,5,0.99099949545900379,-2.2172565393921215,0.026605565942684008,HARP,0,0,0,0,True,500,"Synthetic mechanism check — not empirical SPY evidence, trading evidence, or an exact paper replication."
21,u_shaped_periodicity,5,QLIKE,0.028679688621167754,0.027705846212050144,0.96604417774609863,-0.00097384240911761255,5,0.99099949545900379,-2.7324074951110253,0.0062873324433868963,HARP,0,0,0,0,True,500,"Synthetic mechanism check — not empirical SPY evidence, trading evidence, or an exact paper replication."
21,u_shaped_periodicity,22,MSE,1.1511614813120126e-09,1.1096187916500999e-09,0.96391236995302754,-4.1542689661912867e-11,21,0.95699947753381764,-2.2203344186694087,0.026396075189788756,HARP,0,0,0,0,True,500,"Synthetic mechanism check — not empirical SPY evidence, trading evidence, or an exact paper replication."
21,u_shaped_periodicity,22,QLIKE,0.030855560802493645,0.029836079906371611,0.96695957326305859,-0.0010194808961220283,21,0.95699947753381764,-2.8469258914309825,0.0044143637501504367,HARP,0,0,0,0,True,500,"Synthetic mechanism check — not empirical SPY evidence, trading evidence, or an exact paper replication."
22,no_periodicity,1,MSE,1.8002332855499781e-09,1.8020021821539464e-09,1.000982592988457,1.7688966039686604e-12,5,0.99899949949937417,1.2163272187879774,0.22386029682552905,NONE,0,0,0,0,True,500,"Synthetic mechanism check — not empirical SPY evidence, trading evidence, or an exact paper replication."
22,no_periodicity,1,QLIKE,0.046510599262856049,0.046568860253207674,1.0012526389957344,5.8260990351635119e-05,5,0.99899949949937417,1.5357612167065362,0.12459695490464331,NONE,0,0,0,0,True,500,"Synthetic mechanism check — not empirical SPY evidence, trading evidence, or an exact paper replication."
22,no_periodicity,5,MSE,8.0371027495044815e-10,8.0610617343231018e-10,1.0029810474701344,2.3958984818619303e-12,5,0.99099949545900379,2.0320917629552637,0.042144367121346407,HAR,0,0,0,0,True,500,"Synthetic mechanism check — not empirical SPY evidence, trading evidence, or an exact paper replication."
22,no_periodicity,5,QLIKE,0.021750741339164284,0.021810920800361615,1.0027667774747968,6.0179461197328531e-05,5,0.99099949545900379,1.8644415521384097,0.062259722262836124,NONE,0,0,0,0,True,500,"Synthetic mechanism check — not empirical SPY evidence, trading evidence, or an exact paper replication."
22,no_periodicity,22,MSE,7.2794502449684766e-10,7.3047023499875414e-10,1.0034689577054969,2.5252105019064491e-12,21,0.95699947753381764,2.3475476701957652,0.018897454817340908,HAR,0,0,0,0,True,500,"Synthetic mechanism check — not empirical SPY evidence, trading evidence, or an exact paper replication."
22,no_periodicity,22,QLIKE,0.019540373982942651,0.019616482055936389,1.0038949138363562,7.610807299373734e-05,21,0.95699947753381764,2.2400548972763659,0.02508735913066798,HAR,0,0,0,0,True,500,"Synthetic mechanism check — not empirical SPY evidence, trading evidence, or an exact paper replication."
22,u_shaped_periodicity,1,MSE,1.9380005650528044e-09,1.9323606359883586e-09,0.99708982073269303,-5.6399290644453616e-12,5,0.99899949949937417,-0.3106430122289357,0.75607202472983448,NONE,0,0,0,0,True,500,"Synthetic mechanism check — not empirical SPY evidence, trading evidence, or an exact paper replication."
22,u_shaped_periodicity,1,QLIKE,0.049925743047915798,0.050032273387052982,1.0021337757363959,0.00010653033913718657,5,0.99899949949937417,0.25140660743439824,0.80149975973488174,NONE,0,0,0,0,True,500,"Synthetic mechanism check — not empirical SPY evidence, trading evidence, or an exact paper replication."
22,u_shaped_periodicity,5,MSE,8.1536590661129593e-10,8.0999603605708555e-10,0.99341415858736615,-5.3698705542104288e-12,5,0.99099949545900379,-0.42711521709280437,0.66929540990117564,NONE,0,0,0,0,True,500,"Synthetic mechanism check — not empirical SPY evidence, trading evidence, or an exact paper replication."
22,u_shaped_periodicity,5,QLIKE,0.02226255119496488,0.022153468574620302,0.99510017430665143,-0.00010908262034457783,5,0.99099949545900379,-0.34647842675038343,0.72898319432350167,NONE,0,0,0,0,True,500,"Synthetic mechanism check — not empirical SPY evidence, trading evidence, or an exact paper replication."
22,u_shaped_periodicity,22,MSE,7.2219853379802306e-10,7.2693014845483544e-10,1.0065516813388264,4.7316146568123268e-12,21,0.95699947753381764,0.41316172192887912,0.67948813078154102,NONE,0,0,0,0,True,500,"Synthetic mechanism check — not empirical SPY evidence, trading evidence, or an exact paper replication."
22,u_shaped_periodicity,22,QLIKE,0.019544223417781056,0.019672182168677714,1.0065471391807894,0.00012795875089665997,21,0.95699947753381764,0.3737648054966678,0.70857930594270502,NONE,0,0,0,0,True,500,"Synthetic mechanism check — not empirical SPY evidence, trading evidence, or an exact paper replication."
23,no_periodicity,1,MSE,8.7585656991489111e-10,8.7696291320595806e-10,1.0012631557826579,1.1063432910669435e-12,5,0.99899949949937417,1.4151466632070622,0.1570254989960318,NONE,0,0,0,0,True,500,"Synthetic mechanism check — not empirical SPY evidence, trading evidence, or an exact paper replication."
23,no_periodicity,1,QLIKE,0.04482947493359888,0.04488200636951413,1.0011718057370305,5.253143591524312e-05,5,0.99899949949937417,1.3324099407809746,0.18272551730655232,NONE,0,0,0,0,True,500,"Synthetic mechanism check — not empirical SPY evidence, trading evidence, or an exact paper replication."
23,no_periodicity,5,MSE,3.8533860797279347e-10,3.8641794250046449e-10,1.002801002820219,1.0793345276710056e-12,5,0.99099949545900379,1.5898855281209932,0.11186061031182128,NONE,0,0,0,0,True,500,"Synthetic mechanism check — not empirical SPY evidence, trading evidence, or an exact paper replication."
23,no_periodicity,5,QLIKE,0.019880484495012972,0.019921761444736188,1.0020762547177142,4.1276949723215052e-05,5,0.99099949545900379,1.1772272269285335,0.23910482418561296,NONE,0,0,0,0,True,500,"Synthetic mechanism check — not empirical SPY evidence, trading evidence, or an exact paper replication."
23,no_periodicity,22,MSE,3.6295038753982253e-10,3.6477083368916163e-10,1.0050156886776691,1.8204461493391277e-12,21,0.95699947753381764,1.5624107594733909,0.11819125401646782,NONE,0,0,0,0,True,500,"Synthetic mechanism check — not empirical SPY evidence, trading evidence, or an exact paper replication."
23,no_periodicity,22,QLIKE,0.017751453962708118,0.017840560772903295,1.0050196908029263,8.9106810195178183e-05,21,0.95699947753381764,1.4479629653638999,0.14762740836290889,NONE,0,0,0,0,True,500,"Synthetic mechanism check — not empirical SPY evidence, trading evidence, or an exact paper replication."
23,u_shaped_periodicity,1,MSE,9.3436600348594498e-10,9.2549672589771363e-10,0.99050770516570408,-8.8692775882315356e-12,5,0.99899949949937417,-1.4021440057406089,0.1608722484690995,NONE,0,0,0,0,True,500,"Synthetic mechanism check — not empirical SPY evidence, trading evidence, or an exact paper replication."
23,u_shaped_periodicity,1,QLIKE,0.047750098638002766,0.047484967838184768,0.99444753398672581,-0.00026513079981800125,5,0.99899949949937417,-0.85517484219627105,0.39245436147093038,NONE,0,0,0,0,True,500,"Synthetic mechanism check — not empirical SPY evidence, trading evidence, or an exact paper replication."
23,u_shaped_periodicity,5,MSE,3.9028222851754756e-10,3.8184858628958443e-10,0.97839091403162892,-8.4336422279631807e-12,5,0.99099949545900379,-1.4630574336334177,0.14345166400305426,NONE,0,0,0,0,True,500,"Synthetic mechanism check — not empirical SPY evidence, trading evidence, or an exact paper replication."
23,u_shaped_periodicity,5,QLIKE,0.020537284813250081,0.020145643791702875,0.98093024345192259,-0.0003916410215472106,5,0.99099949545900379,-1.4331182557961653,0.15182404514148093,NONE,0,0,0,0,True,500,"Synthetic mechanism check — not empirical SPY evidence, trading evidence, or an exact paper replication."
23,u_shaped_periodicity,22,MSE,3.5638957072472152e-10,3.44383324372091e-10,0.96631145426557885,-1.2006246352630501e-11,21,0.95699947753381764,-1.7184242703820682,0.085719256568789703,NONE,0,0,0,0,True,500,"Synthetic mechanism check — not empirical SPY evidence, trading evidence, or an exact paper replication."
23,u_shaped_periodicity,22,QLIKE,0.01779942632542518,0.017037329852573984,0.95718421150671595,-0.00076209647285119524,21,0.95699947753381764,-1.9108764033181735,0.056020466128512809,NONE,0,0,0,0,True,500,"Synthetic mechanism check — not empirical SPY evidence, trading evidence, or an exact paper replication."
24,no_periodicity,1,MSE,1.2473099203880252e-09,1.2463945130550372e-09,0.99926609472271077,-9.1540733298790759e-13,5,0.99899949949937417,-0.76048454758291906,0.44696500240642867,NONE,0,0,0,0,True,500,"Synthetic mechanism check — not empirical SPY evidence, trading evidence, or an exact paper replication."
24,no_periodicity,1,QLIKE,0.047860909299067882,0.047827746099134948,0.99930709214641733,-3.3163199932935592e-05,5,0.99899949949937417,-0.94873724041042629,0.34275426847719825,NONE,0,0,0,0,True,500,"Synthetic mechanism check — not empirical SPY evidence, trading evidence, or an exact paper replication."
24,no_periodicity,5,MSE,4.7575833578507034e-10,4.7558596405141763e-10,0.99963769056538276,-1.7237173365264125e-13,5,0.99099949545900379,-0.25359688460771312,0.79980700369525159,NONE,0,0,0,0,True,500,"Synthetic mechanism check — not empirical SPY evidence, trading evidence, or an exact paper replication."
24,no_periodicity,5,QLIKE,0.021205017262298839,0.021201672494702267,0.99984226527358133,-3.3447675965732062e-06,5,0.99099949545900379,-0.15936302831747112,0.87338286573885426,NONE,0,0,0,0,True,500,"Synthetic mechanism check — not empirical SPY evidence, trading evidence, or an exact paper replication."
24,no_periodicity,22,MSE,4.1206599967230839e-10,4.1273189483593451e-10,1.0016159915260072,6.6589516362613719e-13,21,0.95699947753381764,1.3697359651578382,0.17076933750731033,NONE,0,0,0,0,True,500,"Synthetic mechanism check — not empirical SPY evidence, trading evidence, or an exact paper replication."
24,no_periodicity,22,QLIKE,0.021666107805883711,0.021696144636679366,1.0013863510264405,3.0036830795653557e-05,21,0.95699947753381764,1.7467749517173086,0.080676383143794814,NONE,0,0,0,0,True,500,"Synthetic mechanism check — not empirical SPY evidence, trading evidence, or an exact paper replication."
24,u_shaped_periodicity,1,MSE,1.3092072703078418e-09,1.2894570003277528e-09,0.98491432913029509,-1.9750269980088994e-11,5,0.99899949949937417,-1.8179677886863916,0.069069056151238609,NONE,0,0,0,0,True,500,"Synthetic mechanism check — not empirical SPY evidence, trading evidence, or an exact paper replication."
24,u_shaped_periodicity,1,QLIKE,0.050574350400185951,0.049752290621397889,0.98374551976875146,-0.00082205977878806104,5,0.99899949949937417,-2.638858106496484,0.0083185790644919357,HARP,0,0,0,0,True,500,"Synthetic mechanism check — not empirical SPY evidence, trading evidence, or an exact paper replication."
24,u_shaped_periodicity,5,MSE,5.1518700223292353e-10,5.0603353773720578e-10,0.98223273402464584,-9.1534644957177024e-12,5,0.99099949545900379,-1.1037680658153854,0.26969376083595203,NONE,0,0,0,0,True,500,"Synthetic mechanism check — not empirical SPY evidence, trading evidence, or an exact paper replication."
24,u_shaped_periodicity,5,QLIKE,0.022646336730950758,0.022249368483998892,0.98247097304663278,-0.00039696824695186319,5,0.99099949545900379,-1.5768561308913736,0.11482863263184795,NONE,0,0,0,0,True,500,"Synthetic mechanism check — not empirical SPY evidence, trading evidence, or an exact paper replication."
24,u_shaped_periodicity,22,MSE,4.309762972210476e-10,4.3131018141072981e-10,1.0007747158993083,3.3388418968220457e-13,21,0.95699947753381764,0.040055926648092155,0.96804853901931553,NONE,0,0,0,0,True,500,"Synthetic mechanism check — not empirical SPY evidence, trading evidence, or an exact paper replication."
24,u_shaped_periodicity,22,QLIKE,0.022340382424084496,0.022315908186655201,0.9989044844011753,-2.4474237429298996e-05,21,0.95699947753381764,-0.067035315076709706,0.94655358905380027,NONE,0,0,0,0,True,500,"Synthetic mechanism check — not empirical SPY evidence, trading evidence, or an exact paper replication."
25,no_periodicity,1,MSE,1.0216067773541359e-09,1.021922299406329e-09,1.0003088488244081,3.1552205219296003e-13,5,0.99899949949937417,0.35100380863227854,0.72558549109735093,NONE,0,0,0,0,True,500,"Synthetic mechanism check — not empirical SPY evidence, trading evidence, or an exact paper replication."
25,no_periodicity,1,QLIKE,0.042406779274897458,0.042421680205939116,1.0003513808710882,1.4900931041662347e-05,5,0.99899949949937417,0.464329481980367,0.64241170455200336,NONE,0,0,0,0,True,500,"Synthetic mechanism check — not empirical SPY evidence, trading evidence, or an exact paper replication."
25,no_periodicity,5,MSE,4.3919489712683423e-10,4.3938142466060844e-10,1.0004247033264604,1.8652753377427329e-13,5,0.99099949545900379,0.24332485320362951,0.80775375277961148,NONE,0,0,0,0,True,500,"Synthetic mechanism check — not empirical SPY evidence, trading evidence, or an exact paper replication."
25,no_periodicity,5,QLIKE,0.018725247959020485,0.018727249383056251,1.0001068837133771,2.0014240357664192e-06,5,0.99099949545900379,0.076963623935050407,0.93865248299628334,NONE,0,0,0,0,True,500,"Synthetic mechanism check — not empirical SPY evidence, trading evidence, or an exact paper replication."
25,no_periodicity,22,MSE,2.8830960884491313e-10,2.8867633790647531e-10,1.001271997360863,3.6672906156215354e-13,21,0.95699947753381764,0.45782032051864852,0.64708153547077707,NONE,0,0,0,0,True,500,"Synthetic mechanism check — not empirical SPY evidence, trading evidence, or an exact paper replication."
25,no_periodicity,22,QLIKE,0.011655308208289028,0.011662002048266815,1.0005743168570203,6.6938399777858313e-06,21,0.95699947753381764,0.26378865591513107,0.79194277633120258,NONE,0,0,0,0,True,500,"Synthetic mechanism check — not empirical SPY evidence, trading evidence, or an exact paper replication."
25,u_shaped_periodicity,1,MSE,1.0515328037679874e-09,1.0444949162289919e-09,0.99330702046215158,-7.0378875389955989e-12,5,0.99899949949937417,-1.0255345055224656,0.30511105277154965,NONE,0,0,0,0,True,500,"Synthetic mechanism check — not empirical SPY evidence, trading evidence, or an exact paper replication."
25,u_shaped_periodicity,1,QLIKE,0.044197813338602274,0.043745648431902706,0.98976951861316076,-0.00045216490669956012,5,0.99899949949937417,-1.6198347586076767,0.10526777751851994,NONE,0,0,0,0,True,500,"Synthetic mechanism check — not empirical SPY evidence, trading evidence, or an exact paper replication."
25,u_shaped_periodicity,5,MSE,4.5005342174716282e-10,4.4656223564924423e-10,0.99224272957560156,-3.4911860979185332e-12,5,0.99099949545900379,-0.66253291906949552,0.50762974487625501,NONE,0,0,0,0,True,500,"Synthetic mechanism check — not empirical SPY evidence, trading evidence, or an exact paper replication."
25,u_shaped_periodicity,5,QLIKE,0.019251041937809354,0.019054319332199945,0.9897811969739132,-0.00019672260560940779,5,0.99099949545900379,-0.93347507214207648,0.35057473525638222,NONE,0,0,0,0,True,500,"Synthetic mechanism check — not empirical SPY evidence, trading evidence, or an exact paper replication."
25,u_shaped_periodicity,22,MSE,2.9023004984554651e-10,2.9150473929941462e-10,1.0043919968126886,1.2746894538681605e-12,21,0.95699947753381764,0.19812456235096845,0.84294760775770672,NONE,0,0,0,0,True,500,"Synthetic mechanism check — not empirical SPY evidence, trading evidence, or an exact paper replication."
25,u_shaped_periodicity,22,QLIKE,0.011923183051259051,0.011944008512038915,1.0017466360023437,2.0825460779865247e-05,21,0.95699947753381764,0.083095287766943901,0.93377577270695,NONE,0,0,0,0,True,500,"Synthetic mechanism check — not empirical SPY evidence, trading evidence, or an exact paper replication."
26,no_periodicity,1,MSE,1.759308124362982e-09,1.7578919018191718e-09,0.99919501165020597,-1.41622254381007e-12,5,0.99899949949937417,-1.0129269387209414,0.311095059981573,NONE,0,0,0,0,True,500,"Synthetic mechanism check — not empirical SPY evidence, trading evidence, or an exact paper replication."
26,no_periodicity,1,QLIKE,0.053979420112174069,0.05394249492996761,0.99931593962792253,-3.6925182206452688e-05,5,0.99899949949937417,-0.91297977244348139,0.36125318003768297,NONE,0,0,0,0,True,500,"Synthetic mechanism check — not empirical SPY evidence, trading evidence, or an exact paper replication."
26,no_periodicity,5,MSE,8.4778900237757787e-10,8.4678640238594656e-10,0.99881739443562068,-1.0025999916312607e-12,5,0.99099949545900379,-0.8556785192610169,0.39217562506332715,NONE,0,0,0,0,True,500,"Synthetic mechanism check — not empirical SPY evidence, trading evidence, or an exact paper replication."
26,no_periodicity,5,QLIKE,0.028954975851168869,0.028929044476123562,0.99910442422129453,-2.5931375045305406e-05,5,0.99099949545900379,-0.74580369736531582,0.45578600613116305,NONE,0,0,0,0,True,500,"Synthetic mechanism check — not empirical SPY evidence, trading evidence, or an exact paper replication."
26,no_periodicity,22,MSE,6.5061848730425723e-10,6.4954091565878975e-10,0.99834377339947378,-1.0775716454674291e-12,21,0.95699947753381764,-0.79623338121053211,0.42589639857140854,NONE,0,0,0,0,True,500,"Synthetic mechanism check — not empirical SPY evidence, trading evidence, or an exact paper replication."
26,no_periodicity,22,QLIKE,0.022281401782243939,0.02226726364480297,0.99936547360982309,-1.4138137440971033e-05,21,0.95699947753381764,-0.29410549302940181,0.76867729358886649,NONE,0,0,0,0,True,500,"Synthetic mechanism check — not empirical SPY evidence, trading evidence, or an exact paper replication."
26,u_shaped_periodicity,1,MSE,1.7099842725296899e-09,1.7136542576472803e-09,1.0021462098666916,3.6699851175906409e-12,5,0.99899949949937417,0.22849959120191277,0.81925787389014915,NONE,0,0,0,0,True,500,"Synthetic mechanism check — not empirical SPY evidence, trading evidence, or an exact paper replication."
26,u_shaped_periodicity,1,QLIKE,0.055090483429316293,0.054842232214137566,0.9954937550058488,-0.00024825121517872662,5,0.99899949949937417,-0.61454425450771932,0.53885573864149605,NONE,0,0,0,0,True,500,"Synthetic mechanism check — not empirical SPY evidence, trading evidence, or an exact paper replication."
26,u_shaped_periodicity,5,MSE,8.1277896066888014e-10,8.2295060028597942e-10,1.0125146443366699,1.0171639617099266e-11,5,0.99099949545900379,0.79065308109935006,0.42914646242849486,NONE,0,0,0,0,True,500,"Synthetic mechanism check — not empirical SPY evidence, trading evidence, or an exact paper replication."
26,u_shaped_periodicity,5,QLIKE,0.028852539536347494,0.028766541402408356,0.99701939117592053,-8.5998133939135796e-05,5,0.99099949545900379,-0.28061948494247574,0.77900226949250262,NONE,0,0,0,0,True,500,"Synthetic mechanism check — not empirical SPY evidence, trading evidence, or an exact paper replication."
26,u_shaped_periodicity,22,MSE,6.075295863857769e-10,6.2980406948757554e-10,1.0366640301986125,2.2274483101798582e-11,21,0.95699947753381764,1.1266577356941587,0.25988721826851136,NONE,0,0,0,0,True,500,"Synthetic mechanism check — not empirical SPY evidence, trading evidence, or an exact paper replication."
26,u_shaped_periodicity,22,QLIKE,0.021531125179922461,0.021816336107460511,1.0132464478820646,0.00028521092753805053,21,0.95699947753381764,0.67973221538520245,0.49667403376338465,NONE,0,0,0,0,True,500,"Synthetic mechanism check — not empirical SPY evidence, trading evidence, or an exact paper replication."
27,no_periodicity,1,MSE,1.9068243928550107e-09,1.9047572425045673e-09,0.99891591991470785,-2.0671503504436301e-12,5,0.99899949949937417,-0.73021232744846454,0.46526040848431138,NONE,0,0,0,0,True,500,"Synthetic mechanism check — not empirical SPY evidence, trading evidence, or an exact paper replication."
27,no_periodicity,1,QLIKE,0.047402566016007924,0.047367340172608297,0.9992568789759666,-3.5225843399628866e-05,5,0.99899949949937417,-0.69867216294759105,0.48475693439233281,NONE,0,0,0,0,True,500,"Synthetic mechanism check — not empirical SPY evidence, trading evidence, or an exact paper replication."
27,no_periodicity,5,MSE,9.2919756235060323e-10,9.2491029158343815e-10,0.99538605035045558,-4.2872707671650674e-12,5,0.99099949545900379,-1.0468383054117132,0.29517416010894615,NONE,0,0,0,0,True,500,"Synthetic mechanism check — not empirical SPY evidence, trading evidence, or an exact paper replication."
27,no_periodicity,5,QLIKE,0.022571445529108395,0.022502296222191066,0.99693642541288929,-6.9149306917331012e-05,5,0.99099949545900379,-1.498700286879644,0.1339514022751862,NONE,0,0,0,0,True,500,"Synthetic mechanism check — not empirical SPY evidence, trading evidence, or an exact paper replication."
27,no_periodicity,22,MSE,6.0951930711126156e-10,6.0337786570760043e-10,0.98992412326892854,-6.1414414036611581e-12,21,0.95699947753381764,-1.2337795471233528,0.21728506276885176,NONE,0,0,0,0,True,500,"Synthetic mechanism check — not empirical SPY evidence, trading evidence, or an exact paper replication."
27,no_periodicity,22,QLIKE,0.014124191303182048,0.014038998058160196,0.99396827448785263,-8.5193245021851545e-05,21,0.95699947753381764,-1.4815059065907559,0.13847181212428841,NONE,0,0,0,0,True,500,"Synthetic mechanism check — not empirical SPY evidence, trading evidence, or an exact paper replication."
27,u_shaped_periodicity,1,MSE,2.0258086148979063e-09,1.9845943343785165e-09,0.97965539280645875,-4.1214280519389939e-11,5,0.99899949949937417,-2.2741595932433358,0.022956392719136038,HARP,0,0,0,0,True,500,"Synthetic mechanism check — not empirical SPY evidence, trading evidence, or an exact paper replication."
27,u_shaped_periodicity,1,QLIKE,0.048931571900349309,0.048181436609882042,0.9846697078934038,-0.00075013529046726469,5,0.99899949949937417,-1.9400755894228972,0.052370504146337607,NONE,0,0,0,0,True,500,"Synthetic mechanism check — not empirical SPY evidence, trading evidence, or an exact paper replication."
27,u_shaped_periodicity,5,MSE,9.683559039364635e-10,9.3056096631837679e-10,0.96096999309401998,-3.7794937618086659e-11,5,0.99099949545900379,-1.9105397974486535,0.056063747341329413,NONE,0,0,0,0,True,500,"Synthetic mechanism check — not empirical SPY evidence, trading evidence, or an exact paper replication."
27,u_shaped_periodicity,5,QLIKE,0.022828193361572994,0.022284651845191954,0.97618990220680402,-0.00054354151638104267,5,0.99099949545900379,-1.6720596239573609,0.094512565361692655,NONE,0,0,0,0,True,500,"Synthetic mechanism check — not empirical SPY evidence, trading evidence, or an exact paper replication."
27,u_shaped_periodicity,22,MSE,6.2445001165385777e-10,5.9737929229006979e-10,0.956648700682876,-2.7070719363788102e-11,21,0.95699947753381764,-2.1922422377792707,0.028362020101243897,HARP,0,0,0,0,True,500,"Synthetic mechanism check — not empirical SPY evidence, trading evidence, or an exact paper replication."
27,u_shaped_periodicity,22,QLIKE,0.014366098036568858,0.013920611809675139,0.96899045059001165,-0.00044548622689371962,21,0.95699947753381764,-2.0714370131315425,0.038317974965794435,HARP,0,0,0,0,True,500,"Synthetic mechanism check — not empirical SPY evidence, trading evidence, or an exact paper replication."
28,no_periodicity,1,MSE,1.1918364425897436e-09,1.1917184426473113e-09,0.99990099317472125,-1.179999424322778e-13,5,0.99899949949937417,-0.094248099862164592,0.92491207662429153,NONE,0,0,0,0,True,500,"Synthetic mechanism check — not empirical SPY evidence, trading evidence, or an exact paper replication."
28,no_periodicity,1,QLIKE,0.044278296659032178,0.044261870295419989,0.99962901997475917,-1.6426363612186189e-05,5,0.99899949949937417,-0.42549536643091768,0.67047559869208595,NONE,0,0,0,0,True,500,"Synthetic mechanism check — not empirical SPY evidence, trading evidence, or an exact paper replication."
28,no_periodicity,5,MSE,5.4494152525327056e-10,5.4419931565059295e-10,0.99863800138495107,-7.4220960267751912e-13,5,0.99099949545900379,-0.71363613918660762,0.47545220455204185,NONE,0,0,0,0,True,500,"Synthetic mechanism check — not empirical SPY evidence, trading evidence, or an exact paper replication."
28,no_periodicity,5,QLIKE,0.019667054825914198,0.019651346241588676,0.99920127418850624,-1.5708584325522246e-05,5,0.99099949545900379,-0.46660660714246738,0.64078135900983435,NONE,0,0,0,0,True,500,"Synthetic mechanism check — not empirical SPY evidence, trading evidence, or an exact paper replication."
28,no_periodicity,22,MSE,4.2585386585915118e-10,4.2318690075023855e-10,0.99373737020437258,-2.666965108912661e-12,21,0.95699947753381764,-1.5111228011443831,0.13075716640573137,NONE,0,0,0,0,True,500,"Synthetic mechanism check — not empirical SPY evidence, trading evidence, or an exact paper replication."
28,no_periodicity,22,QLIKE,0.016955127541041115,0.016896360813347753,0.99653398492278433,-5.876672769336411e-05,21,0.95699947753381764,-1.1077706466594832,0.26796088003662938,NONE,0,0,0,0,True,500,"Synthetic mechanism check — not empirical SPY evidence, trading evidence, or an exact paper replication."
28,u_shaped_periodicity,1,MSE,1.3113535942339532e-09,1.3058184911315858e-09,0.99577909182793611,-5.5351031023676436e-12,5,0.99899949949937417,-0.45422105538115121,0.6496697298509031,NONE,0,0,0,0,True,500,"Synthetic mechanism check — not empirical SPY evidence, trading evidence, or an exact paper replication."
28,u_shaped_periodicity,1,QLIKE,0.047079747960399827,0.047176465578053169,1.002054335926664,9.6717617653333307e-05,5,0.99899949949937417,0.27606630927852593,0.78249713678368504,NONE,0,0,0,0,True,500,"Synthetic mechanism check — not empirical SPY evidence, trading evidence, or an exact paper replication."
28,u_shaped_periodicity,5,MSE,5.892704921592158e-10,5.8386992275276581e-10,0.9908351606294401,-5.4005694064500001e-12,5,0.99099949545900379,-0.51795130074940277,0.60449224765844689,NONE,0,0,0,0,True,500,"Synthetic mechanism check — not empirical SPY evidence, trading evidence, or an exact paper replication."
28,u_shaped_periodicity,5,QLIKE,0.020745137345876821,0.020939916246975998,1.0093891352875468,0.00019477890109917783,5,0.99099949545900379,0.59190788655941928,0.55391227240655994,NONE,0,0,0,0,True,500,"Synthetic mechanism check — not empirical SPY evidence, trading evidence, or an exact paper replication."
28,u_shaped_periodicity,22,MSE,4.5123916943907648e-10,4.2927783357078262e-10,0.95133105156719122,-2.196133586829385e-11,21,0.95699947753381764,-1.4800195446893274,0.13886803083897897,NONE,0,0,0,0,True,500,"Synthetic mechanism check — not empirical SPY evidence, trading evidence, or an exact paper replication."
28,u_shaped_periodicity,22,QLIKE,0.017853132960656885,0.017320801169419579,0.97018272409607831,-0.00053233179123730423,21,0.95699947753381764,-1.2349747750407569,0.21683989226537251,NONE,0,0,0,0,True,500,"Synthetic mechanism check — not empirical SPY evidence, trading evidence, or an exact paper replication."
29,no_periodicity,1,MSE,1.3650330136797718e-09,1.3644610053429277e-09,0.99958095640829803,-5.7200833684379905e-13,5,0.99899949949937417,-0.58064901159916893,0.56147703280326611,NONE,0,0,0,0,True,500,"Synthetic mechanism check — not empirical SPY evidence, trading evidence, or an exact paper replication."
29,no_periodicity,1,QLIKE,0.051154986652626633,0.05112989490723608,0.99950949561259905,-2.5091745390553921e-05,5,0.99899949949937417,-0.5875811201696568,0.55681348655083118,NONE,0,0,0,0,True,500,"Synthetic mechanism check — not empirical SPY evidence, trading evidence, or an exact paper replication."
29,no_periodicity,5,MSE,5.1738568999802205e-10,5.1726379367118613e-10,0.99976439950081264,-1.2189632683604971e-13,5,0.99099949545900379,-0.16470056945326214,0.86917966874390684,NONE,0,0,0,0,True,500,"Synthetic mechanism check — not empirical SPY evidence, trading evidence, or an exact paper replication."
29,no_periodicity,5,QLIKE,0.021780605515159233,0.021768437967315743,0.99944135860524996,-1.2167547843489502e-05,5,0.99099949545900379,-0.375028096390916,0.70763957119247123,NONE,0,0,0,0,True,500,"Synthetic mechanism check — not empirical SPY evidence, trading evidence, or an exact paper replication."
29,no_periodicity,22,MSE,3.7831552240147798e-10,3.7721409297942744e-10,0.99708859574394704,-1.1014294220505098e-12,21,0.95699947753381764,-1.3023448155195596,0.19279853806942635,NONE,0,0,0,0,True,500,"Synthetic mechanism check — not empirical SPY evidence, trading evidence, or an exact paper replication."
29,no_periodicity,22,QLIKE,0.017199586842577396,0.01714345171265623,0.9967362512579544,-5.6135129921169204e-05,21,0.95699947753381764,-1.3940863189202692,0.16329154001308513,NONE,0,0,0,0,True,500,"Synthetic mechanism check — not empirical SPY evidence, trading evidence, or an exact paper replication."
29,u_shaped_periodicity,1,MSE,1.4251288933600786e-09,1.4173443010041862e-09,0.99453762225145936,-7.7845923558923171e-12,5,0.99899949949937417,-0.86446995116250636,0.3873297804169758,NONE,0,0,0,0,True,500,"Synthetic mechanism check — not empirical SPY evidence, trading evidence, or an exact paper replication."
29,u_shaped_periodicity,1,QLIKE,0.053672191308992777,0.053506697585681919,0.9969165834434055,-0.00016549372331086775,5,0.99899949949937417,-0.46481566641611655,0.64206346770238554,NONE,0,0,0,0,True,500,"Synthetic mechanism check — not empirical SPY evidence, trading evidence, or an exact paper replication."
29,u_shaped_periodicity,5,MSE,5.2373210816543707e-10,5.1842870777421298e-10,0.98987382994370698,-5.3034003912240899e-12,5,0.99099949545900379,-0.75277765008259145,0.45158353939880574,NONE,0,0,0,0,True,500,"Synthetic mechanism check — not empirical SPY evidence, trading evidence, or an exact paper replication."
29,u_shaped_periodicity,5,QLIKE,0.022137009200647813,0.021995985143358637,0.99362948915045624,-0.00014102405728917989,5,0.99099949545900379,-0.48005035081439346,0.63119159076039644,NONE,0,0,0,0,True,500,"Synthetic mechanism check — not empirical SPY evidence, trading evidence, or an exact paper replication."
29,u_shaped_periodicity,22,MSE,3.6362191001751292e-10,3.6616718007130229e-10,1.0069997708709764,2.5452700537893747e-12,21,0.95699947753381764,0.33416496264872841,0.7382550815175839,NONE,0,0,0,0,True,500,"Synthetic mechanism check — not empirical SPY evidence, trading evidence, or an exact paper replication."
29,u_shaped_periodicity,22,QLIKE,0.016506594428927119,0.016758495504915146,1.0152606327775633,0.00025190107598802491,21,0.95699947753381764,0.68078613384111264,0.49600682518385614,NONE,0,0,0,0,True,500,"Synthetic mechanism check — not empirical SPY evidence, trading evidence, or an exact paper replication."
30,no_periodicity,1,MSE,1.6262304903736987e-09,1.6290600040597348e-09,1.0017399216794822,2.8295136860360941e-12,5,0.99899949949937417,1.4716686253107609,0.14111038398715431,NONE,0,0,0,0,True,500,"Synthetic mechanism check — not empirical SPY evidence, trading evidence, or an exact paper replication."
30,no_periodicity,1,QLIKE,0.046669660356485836,0.04673919322101381,1.0014898943767074,6.9532864527970247e-05,5,0.99899949949937417,1.4185739078708544,0.15602327729228854,NONE,0,0,0,0,True,500,"Synthetic mechanism check — not empirical SPY evidence, trading evidence, or an exact paper replication."
30,no_periodicity,5,MSE,7.1687312348039776e-10,7.1572832870116315e-10,0.99840307197781852,-1.1447947792348773e-12,5,0.99099949545900379,-0.64472534890570654,0.51910518619102819,NONE,0,0,0,0,True,500,"Synthetic mechanism check — not empirical SPY evidence, trading evidence, or an exact paper replication."
30,no_periodicity,5,QLIKE,0.022610027511202384,0.022580640250772988,0.99870025543246976,-2.9387260429395214e-05,5,0.99099949545900379,-0.74543992080628474,0.45600581810887142,NONE,0,0,0,0,True,500,"Synthetic mechanism check — not empirical SPY evidence, trading evidence, or an exact paper replication."
30,no_periodicity,22,MSE,5.3428162359838944e-10,5.322632493826206e-10,0.99622226532483926,-2.0183742157687702e-12,21,0.95699947753381764,-2.0404683968378148,0.041303695608388064,HARP,0,0,0,0,True,500,"Synthetic mechanism check — not empirical SPY evidence, trading evidence, or an exact paper replication."
30,no_periodicity,22,QLIKE,0.01903110635101276,0.018943910892319379,0.99541826643784481,-8.719545869338275e-05,21,0.95699947753381764,-2.697114610717338,0.0069943192887271331,HARP,0,0,0,0,True,500,"Synthetic mechanism check — not empirical SPY evidence, trading evidence, or an exact paper replication."
30,u_shaped_periodicity,1,MSE,1.7304146421886841e-09,1.7194277992303263e-09,0.99365074549735588,-1.0986842958357835e-11,5,0.99899949949937417,-0.78943095953564124,0.42986016694990048,NONE,0,0,0,0,True,500,"Synthetic mechanism check — not empirical SPY evidence, trading evidence, or an exact paper replication."
30,u_shaped_periodicity,1,QLIKE,0.049160856982572727,0.04877980481480898,0.99224887052113786,-0.00038105216776374327,5,0.99899949949937417,-1.0415732468806949,0.29760957751894562,NONE,0,0,0,0,True,500,"Synthetic mechanism check — not empirical SPY evidence, trading evidence, or an exact paper replication."
30,u_shaped_periodicity,5,MSE,7.5230426793843376e-10,7.3735741207593038e-10,0.98013190074879841,-1.4946855862503242e-11,5,0.99099949545900379,-1.1530290934048166,0.24889844325085203,NONE,0,0,0,0,True,500,"Synthetic mechanism check — not empirical SPY evidence, trading evidence, or an exact paper replication."
30,u_shaped_periodicity,5,QLIKE,0.023093457068407174,0.022775805416307648,0.98624495019699376,-0.00031765165209952429,5,0.99099949545900379,-0.92727154131303646,0.35378556633108532,NONE,0,0,0,0,True,500,"Synthetic mechanism check — not empirical SPY evidence, trading evidence, or an exact paper replication."
30,u_shaped_periodicity,22,MSE,5.8365490364797657e-10,5.452499285125099e-10,0.93419917335496228,-3.8404975135466717e-11,21,0.95699947753381764,-2.3989307279738989,0.016443025033305279,HARP,0,0,0,0,True,500,"Synthetic mechanism check — not empirical SPY evidence, trading evidence, or an exact paper replication."
30,u_shaped_periodicity,22,QLIKE,0.020353252785687958,0.019125089469396631,0.93965763953194992,-0.0012281633162913273,21,0.95699947753381764,-2.4533932416141431,0.014151553909079873,HARP,0,0,0,0,True,500,"Synthetic mechanism check — not empirical SPY evidence, trading evidence, or an exact paper replication."
31,no_periodicity,1,MSE,1.6040644553281207e-09,1.6026209032559823e-09,0.99910006604326695,-1.4435520721382136e-12,5,0.99899949949937417,-0.81799525000060591,0.41335989956451924,NONE,0,0,0,0,True,500,"Synthetic mechanism check — not empirical SPY evidence, trading evidence, or an exact paper replication."
31,no_periodicity,1,QLIKE,0.045383259404874358,0.045349960018618747,0.99926626278737407,-3.3299386255608357e-05,5,0.99899949949937417,-0.78563950536893734,0.43207871328933506,NONE,0,0,0,0,True,500,"Synthetic mechanism check — not empirical SPY evidence, trading evidence, or an exact paper replication."
31,no_periodicity,5,MSE,6.5384498486805628e-10,6.511438369464994e-10,0.99586882520464393,-2.701147921556927e-12,5,0.99099949545900379,-1.480747932146729,0.1386737560110218,NONE,0,0,0,0,True,500,"Synthetic mechanism check — not empirical SPY evidence, trading evidence, or an exact paper replication."
31,no_periodicity,5,QLIKE,0.018253575974687328,0.018197921936903193,0.99695106110379073,-5.5654037784137241e-05,5,0.99099949545900379,-1.3415896657544935,0.17972907879534669,NONE,0,0,0,0,True,500,"Synthetic mechanism check — not empirical SPY evidence, trading evidence, or an exact paper replication."
31,no_periodicity,22,MSE,5.249651669649763e-10,5.214911069065569e-10,0.99338230367072877,-3.4740600584194707e-12,21,0.95699947753381764,-1.7362841834999929,0.082513598450930328,NONE,0,0,0,0,True,500,"Synthetic mechanism check — not empirical SPY evidence, trading evidence, or an exact paper replication."
31,no_periodicity,22,QLIKE,0.013777235646152516,0.013669913223988545,0.99221016284250452,-0.00010732242216397125,21,0.95699947753381764,-2.2138856088749526,0.026836648955506137,HARP,0,0,0,0,True,500,"Synthetic mechanism check — not empirical SPY evidence, trading evidence, or an exact paper replication."
31,u_shaped_periodicity,1,MSE,1.6895293888253916e-09,1.6846424626240248e-09,0.99710752222856314,-4.8869262013670944e-12,5,0.99899949949937417,-0.46243265272829925,0.64377108793256665,NONE,0,0,0,0,True,500,"Synthetic mechanism check — not empirical SPY evidence, trading evidence, or an exact paper replication."
31,u_shaped_periodicity,1,QLIKE,0.047405484891958262,0.047136875267490913,0.99433378595157218,-0.00026860962446734502,5,0.99899949949937417,-0.89017181771213372,0.37337363478253682,NONE,0,0,0,0,True,500,"Synthetic mechanism check — not empirical SPY evidence, trading evidence, or an exact paper replication."
31,u_shaped_periodicity,5,MSE,7.0191993854259248e-10,6.887529367484777e-10,0.98124144781888711,-1.3167001794114784e-11,5,0.99099949545900379,-1.4923322740006304,0.13561205998592177,NONE,0,0,0,0,True,500,"Synthetic mechanism check — not empirical SPY evidence, trading evidence, or an exact paper replication."
31,u_shaped_periodicity,5,QLIKE,0.019832768503837511,0.019413988113229308,0.97888442097596351,-0.00041878039060820263,5,0.99099949545900379,-1.5140920036995436,0.1300025064641,NONE,0,0,0,0,True,500,"Synthetic mechanism check — not empirical SPY evidence, trading evidence, or an exact paper replication."
31,u_shaped_periodicity,22,MSE,5.5927893067112632e-10,5.3858535153442734e-10,0.96299953743677236,-2.0693579136699089e-11,21,0.95699947753381764,-2.7201730848549666,0.0065247753415959573,HARP,0,0,0,0,True,500,"Synthetic mechanism check — not empirical SPY evidence, trading evidence, or an exact paper replication."
31,u_shaped_periodicity,22,QLIKE,0.014723396287115803,0.013969876493977814,0.94882160484959699,-0.00075351979313798933,21,0.95699947753381764,-2.8310506721792432,0.0046395370175226673,HARP,0,0,0,0,True,500,"Synthetic mechanism check — not empirical SPY evidence, trading evidence, or an exact paper replication."
32,no_periodicity,1,MSE,1.0296818171123912e-09,1.0308514703234838e-09,1.0011359365501595,1.169653211092674e-12,5,0.99899949949937417,1.0252090709471133,0.30526454906803302,NONE,0,0,0,0,True,500,"Synthetic mechanism check — not empirical SPY evidence, trading evidence, or an exact paper replication."
32,no_periodicity,1,QLIKE,0.046325363450023957,0.046378529486070991,1.0011476658160359,5.3166036047031183e-05,5,0.99899949949937417,1.1492308439377783,0.25046080565032641,NONE,0,0,0,0,True,500,"Synthetic mechanism check — not empirical SPY evidence, trading evidence, or an exact paper replication."
32,no_periodicity,5,MSE,4.1082841057681007e-10,4.1113811609791741e-10,1.0007538561431828,3.0970552110729454e-13,5,0.99099949545900379,0.37488556185647165,0.7077455772937935,NONE,0,0,0,0,True,500,"Synthetic mechanism check — not empirical SPY evidence, trading evidence, or an exact paper replication."
32,no_periodicity,5,QLIKE,0.020111408475170973,0.02012123966158284,1.0004888362952802,9.831186411867421e-06,5,0.99099949545900379,0.25247176768633339,0.80067643354546658,NONE,0,0,0,0,True,500,"Synthetic mechanism check — not empirical SPY evidence, trading evidence, or an exact paper replication."
32,no_periodicity,22,MSE,3.3141314691993914e-10,3.3176146103843338e-10,1.001050996684143,3.4831411849420183e-13,21,0.95699947753381764,0.35972718268522258,0.7190511621552278,NONE,0,0,0,0,True,500,"Synthetic mechanism check — not empirical SPY evidence, trading evidence, or an exact paper replication."
32,no_periodicity,22,QLIKE,0.015599337877828419,0.015624546322550868,1.0016159945325807,2.5208444722449652e-05,21,0.95699947753381764,0.64417509716673027,0.51946189738565152,NONE,0,0,0,0,True,500,"Synthetic mechanism check — not empirical SPY evidence, trading evidence, or an exact paper replication."
32,u_shaped_periodicity,1,MSE,1.1074650323422621e-09,1.0965827556161235e-09,0.99017370624955736,-1.0882276726138476e-11,5,0.99899949949937417,-1.0474489746698934,0.29489255401972131,NONE,0,0,0,0,True,500,"Synthetic mechanism check — not empirical SPY evidence, trading evidence, or an exact paper replication."
32,u_shaped_periodicity,1,QLIKE,0.049689697590753978,0.049390154727734059,0.99397173101178915,-0.00029954286301992861,5,0.99899949949937417,-0.77231380481874734,0.43992859110134702,NONE,0,0,0,0,True,500,"Synthetic mechanism check — not empirical SPY evidence, trading evidence, or an exact paper replication."
32,u_shaped_periodicity,5,MSE,4.3850848245703451e-10,4.367119614608485e-10,0.99590311004676624,-1.7965209961859676e-12,5,0.99099949545900379,-0.33608525755150787,0.73680657525647297,NONE,0,0,0,0,True,500,"Synthetic mechanism check — not empirical SPY evidence, trading evidence, or an exact paper replication."
32,u_shaped_periodicity,5,QLIKE,0.021363385936222827,0.021518875374300167,1.0072783143337638,0.00015548943807733507,5,0.99099949545900379,0.58727695536627289,0.55701771554373547,NONE,0,0,0,0,True,500,"Synthetic mechanism check — not empirical SPY evidence, trading evidence, or an exact paper replication."
32,u_shaped_periodicity,22,MSE,3.4362866035964888e-10,3.4647298170061327e-10,1.0082773111474097,2.844321340964365e-12,21,0.95699947753381764,0.52303501656561846,0.6009498856019615,NONE,0,0,0,0,True,500,"Synthetic mechanism check — not empirical SPY evidence, trading evidence, or an exact paper replication."
32,u_shaped_periodicity,22,QLIKE,0.016369186155448547,0.016619662274277174,1.0153016843018341,0.00025047611882862507,21,0.95699947753381764,1.0033152377595371,0.31570878634496724,NONE,0,0,0,0,True,500,"Synthetic mechanism check — not empirical SPY evidence, trading evidence, or an exact paper replication."
33,no_periodicity,1,MSE,8.9860474525131176e-10,9.0007609468909035e-10,1.0016373710973083,1.4713494377786258e-12,5,0.99899949949937417,1.8282510585244871,0.067511881298436216,NONE,0,0,0,0,True,500,"Synthetic mechanism check — not empirical SPY evidence, trading evidence, or an exact paper replication."
33,no_periodicity,1,QLIKE,0.046868250368722837,0.04692855546889789,1.0012866940775604,6.0305100175048757e-05,5,0.99899949949937417,1.5594515891825247,0.1188895341131205,NONE,0,0,0,0,True,500,"Synthetic mechanism check — not empirical SPY evidence, trading evidence, or an exact paper replication."
33,no_periodicity,5,MSE,4.358227152505436e-10,4.3712403179051526e-10,1.0029858850730706,1.3013165399715773e-12,5,0.99099949545900379,1.723447506229862,0.084807630275350265,NONE,0,0,0,0,True,500,"Synthetic mechanism check — not empirical SPY evidence, trading evidence, or an exact paper replication."
33,no_periodicity,5,QLIKE,0.022090675682115191,0.022131463426603014,1.0018463783124951,4.0787744487825515e-05,5,0.99099949545900379,1.1542583973742504,0.2483942472251999,NONE,0,0,0,0,True,500,"Synthetic mechanism check — not empirical SPY evidence, trading evidence, or an exact paper replication."
33,no_periodicity,22,MSE,2.9334379682451186e-10,2.9471090264976306e-10,1.0046604217987574,1.3671058252512769e-12,21,0.95699947753381764,1.2258834338054834,0.22024254374538854,NONE,0,0,0,0,True,500,"Synthetic mechanism check — not empirical SPY evidence, trading evidence, or an exact paper replication."
33,no_periodicity,22,QLIKE,0.015959206359615254,0.016012837880375649,1.0033605380839055,5.3631520760397236e-05,21,0.95699947753381764,1.0308736711041306,0.30260006483898622,NONE,0,0,0,0,True,500,"Synthetic mechanism check — not empirical SPY evidence, trading evidence, or an exact paper replication."
33,u_shaped_periodicity,1,MSE,9.3102048323170224e-10,9.214356204127165e-10,0.98970499254139355,-9.5848628189857499e-12,5,0.99899949949937417,-1.4214769226955544,0.15517815783667643,NONE,0,0,0,0,True,500,"Synthetic mechanism check — not empirical SPY evidence, trading evidence, or an exact paper replication."
33,u_shaped_periodicity,1,QLIKE,0.049380800460999623,0.048789432407118083,0.98802433236479037,-0.0005913680538815469,5,0.99899949949937417,-1.937104366573299,0.052732586974031444,NONE,0,0,0,0,True,500,"Synthetic mechanism check — not empirical SPY evidence, trading evidence, or an exact paper replication."
33,u_shaped_periodicity,5,MSE,4.2552006424556126e-10,4.2570629873318724e-10,1.0004376632344145,1.8623448762613272e-13,5,0.99099949545900379,0.039187993706741066,0.96874050591877359,NONE,0,0,0,0,True,500,"Synthetic mechanism check — not empirical SPY evidence, trading evidence, or an exact paper replication."
33,u_shaped_periodicity,5,QLIKE,0.022406710692920773,0.022167131884842334,0.98930772073769258,-0.00023957880807844089,5,0.99099949545900379,-0.98715213548072855,0.32356806246603104,NONE,0,0,0,0,True,500,"Synthetic mechanism check — not empirical SPY evidence, trading evidence, or an exact paper replication."
33,u_shaped_periodicity,22,MSE,2.7777540708636126e-10,2.7920642827693773e-10,1.0051517202533757,1.431021190576487e-12,21,0.95699947753381764,0.32134315390877621,0.74795035697688061,NONE,0,0,0,0,True,500,"Synthetic mechanism check — not empirical SPY evidence, trading evidence, or an exact paper replication."
33,u_shaped_periodicity,22,QLIKE,0.015540590172581451,0.015411844726847753,0.9917155369066456,-0.00012874544573369696,21,0.95699947753381764,-0.48435870560312055,0.62813131949164513,NONE,0,0,0,0,True,500,"Synthetic mechanism check — not empirical SPY evidence, trading evidence, or an exact paper replication."
34,no_periodicity,1,MSE,5.8036630686756425e-10,5.8032774676749522e-10,0.99993355903054204,-3.8560100068942792e-14,5,0.99899949949937417,-0.053099478359480153,0.957652647077055,NONE,0,0,0,0,True,500,"Synthetic mechanism check — not empirical SPY evidence, trading evidence, or an exact paper replication."
34,no_periodicity,1,QLIKE,0.04823219109553669,0.048237569870148024,1.000111518355048,5.3787746113331817e-06,5,0.99899949949937417,0.10054888806723147,0.91990857239378021,NONE,0,0,0,0,True,500,"Synthetic mechanism check — not empirical SPY evidence, trading evidence, or an exact paper replication."
34,no_periodicity,5,MSE,2.7396480671993613e-10,2.7385674407342816e-10,0.99960556011627277,-1.0806264650800124e-13,5,0.99099949545900379,-0.20697608880149068,0.83602853252390052,NONE,0,0,0,0,True,500,"Synthetic mechanism check — not empirical SPY evidence, trading evidence, or an exact paper replication."
34,no_periodicity,5,QLIKE,0.021695075455645647,0.021684194361380728,0.9994984532647897,-1.0881094264918901e-05,5,0.99099949545900379,-0.26953439052984635,0.78751848126355228,NONE,0,0,0,0,True,500,"Synthetic mechanism check — not empirical SPY evidence, trading evidence, or an exact paper replication."
34,no_periodicity,22,MSE,2.0581939258848651e-10,2.0570584120781499e-10,0.99944829600727392,-1.1355138067154142e-13,21,0.95699947753381764,-0.21469933600925881,0.83000174029594698,NONE,0,0,0,0,True,500,"Synthetic mechanism check — not empirical SPY evidence, trading evidence, or an exact paper replication."
34,no_periodicity,22,QLIKE,0.016223199990146285,0.016208380971031163,0.99908655387814227,-1.4819019115118959e-05,21,0.95699947753381764,-0.42932544281140622,0.66768640357286957,NONE,0,0,0,0,True,500,"Synthetic mechanism check — not empirical SPY evidence, trading evidence, or an exact paper replication."
34,u_shaped_periodicity,1,MSE,6.0597174976960556e-10,6.0279522172253655e-10,0.99475796017177909,-3.1765280470689187e-12,5,0.99899949949937417,-0.77286952331112413,0.43959960300794759,NONE,0,0,0,0,True,500,"Synthetic mechanism check — not empirical SPY evidence, trading evidence, or an exact paper replication."
34,u_shaped_periodicity,1,QLIKE,0.05078806152321616,0.050383629118724488,0.99203686078259157,-0.00040443240449168492,5,0.99899949949937417,-1.3713704155373307,0.17025951502622075,NONE,0,0,0,0,True,500,"Synthetic mechanism check — not empirical SPY evidence, trading evidence, or an exact paper replication."
34,u_shaped_periodicity,5,MSE,2.8833687138579478e-10,2.8517918731477771e-10,0.98904862893239864,-3.157684071017061e-12,5,0.99099949545900379,-1.1238904473392437,0.26105950433953623,NONE,0,0,0,0,True,500,"Synthetic mechanism check — not empirical SPY evidence, trading evidence, or an exact paper replication."
34,u_shaped_periodicity,5,QLIKE,0.022795087816146111,0.022536088724768123,0.98863794281176076,-0.00025899909137798536,5,0.99099949545900379,-1.2365792651713512,0.21624332166535817,NONE,0,0,0,0,True,500,"Synthetic mechanism check — not empirical SPY evidence, trading evidence, or an exact paper replication."
34,u_shaped_periodicity,22,MSE,2.066042301635681e-10,2.0559126450701637e-10,0.99509707204083009,-1.0129656565516982e-12,21,0.95699947753381764,-0.32742114895091956,0.74334937267729073,NONE,0,0,0,0,True,500,"Synthetic mechanism check — not empirical SPY evidence, trading evidence, or an exact paper replication."
34,u_shaped_periodicity,22,QLIKE,0.01622399074096223,0.016142865938540061,0.99499970113904557,-8.1124802422166911e-05,21,0.95699947753381764,-0.35713092836008897,0.72099379166120792,NONE,0,0,0,0,True,500,"Synthetic mechanism check — not empirical SPY evidence, trading evidence, or an exact paper replication."
35,no_periodicity,1,MSE,1.5591024814094703e-09,1.5604410790084637e-09,1.0008585693467587,1.3385975989933331e-12,5,0.99899949949937417,0.56214171318570783,0.57401946997764086,NONE,0,0,0,0,True,500,"Synthetic mechanism check — not empirical SPY evidence, trading evidence, or an exact paper replication."
35,no_periodicity,1,QLIKE,0.047986453950616126,0.047967701941113723,0.99960922285439757,-1.8752009502397637e-05,5,0.99899949949937417,-0.4263691015409739,0.66983891260236506,NONE,0,0,0,0,True,500,"Synthetic mechanism check — not empirical SPY evidence, trading evidence, or an exact paper replication."
35,no_periodicity,5,MSE,9.1221302537768946e-10,9.1221806898808769e-10,1.0000055289830971,5.0436103980770181e-15,5,0.99099949545900379,0.0038605937377343305,0.99691969951269233,NONE,0,0,0,0,True,500,"Synthetic mechanism check — not empirical SPY evidence, trading evidence, or an exact paper replication."
35,no_periodicity,5,QLIKE,0.028079269861503234,0.028040215162781594,0.99860912698534288,-3.9054698721644687e-05,5,0.99099949545900379,-1.1245615968377345,0.26077485487062563,NONE,0,0,0,0,True,500,"Synthetic mechanism check — not empirical SPY evidence, trading evidence, or an exact paper replication."
35,no_periodicity,22,MSE,1.0430467649268117e-09,1.0411094011366677e-09,0.9981425916312775,-1.9373637901441574e-12,21,0.95699947753381764,-1.6256817590843786,0.10401737241527777,NONE,0,0,0,0,True,500,"Synthetic mechanism check — not empirical SPY evidence, trading evidence, or an exact paper replication."
35,no_periodicity,22,QLIKE,0.038167735140376885,0.038092574399050678,0.99803077806294316,-7.5160741326209639e-05,21,0.95699947753381764,-1.690829746002789,0.09086932422019009,NONE,0,0,0,0,True,500,"Synthetic mechanism check — not empirical SPY evidence, trading evidence, or an exact paper replication."
35,u_shaped_periodicity,1,MSE,1.7311026987526437e-09,1.7191668657610909e-09,0.99310506938718701,-1.1935832991552846e-11,5,0.99899949949937417,-0.71221503642781825,0.47633162719007366,NONE,0,0,0,0,True,500,"Synthetic mechanism check — not empirical SPY evidence, trading evidence, or an exact paper replication."
35,u_shaped_periodicity,1,QLIKE,0.052179095568807968,0.051311588558694325,0.983374433752504,-0.00086750701011364441,5,0.99899949949937417,-2.1504906136055322,0.031516427667025497,HARP,0,0,0,0,True,500,"Synthetic mechanism check — not empirical SPY evidence, trading evidence, or an exact paper replication."
35,u_shaped_periodicity,5,MSE,1.0082483908551796e-09,9.920912188100282e-10,0.98397500834943341,-1.615717204515141e-11,5,0.99099949545900379,-1.6871875392146474,0.091567296655791733,NONE,0,0,0,0,True,500,"Synthetic mechanism check — not empirical SPY evidence, trading evidence, or an exact paper replication."
35,u_shaped_periodicity,5,QLIKE,0.030224507448917897,0.029080068725764435,0.96213540534654984,-0.0011444387231534625,5,0.99099949545900379,-3.5616815667773691,0.00036848714428695757,HARP,0,0,0,0,True,500,"Synthetic mechanism check — not empirical SPY evidence, trading evidence, or an exact paper replication."
35,u_shaped_periodicity,22,MSE,1.0876300789013433e-09,1.0760018961622627e-09,0.98930869698746593,-1.1628182739080651e-11,21,0.95699947753381764,-0.86547489235230213,0.38677819081630077,NONE,0,0,0,0,True,500,"Synthetic mechanism check — not empirical SPY evidence, trading evidence, or an exact paper replication."
35,u_shaped_periodicity,22,QLIKE,0.039428073055372652,0.038397301939367454,0.97385692385834866,-0.0010307711160052028,21,0.95699947753381764,-1.8910123091452027,0.058622701105068023,NONE,0,0,0,0,True,500,"Synthetic mechanism check — not empirical SPY evidence, trading evidence, or an exact paper replication."
36,no_periodicity,1,MSE,1.1234535835460523e-09,1.123267305482338e-09,0.99983419157992592,-1.8627806371410192e-13,5,0.99899949949937417,-0.1765472693129678,0.85986401629020159,NONE,0,0,0,0,True,500,"Synthetic mechanism check — not empirical SPY evidence, trading evidence, or an exact paper replication."
36,no_periodicity,1,QLIKE,0.042717976945111376,0.042712279101175941,0.99986661718688707,-5.6978439354304907e-06,5,0.99899949949937417,-0.16434846967464914,0.86945682711537509,NONE,0,0,0,0,True,500,"Synthetic mechanism check — not empirical SPY evidence, trading evidence, or an exact paper replication."
36,no_periodicity,5,MSE,4.8705883673834141e-10,4.8567945757345926e-10,0.99716794140494536,-1.3793791648820247e-12,5,0.99099949545900379,-1.7602129463374145,0.07837170770904768,NONE,0,0,0,0,True,500,"Synthetic mechanism check — not empirical SPY evidence, trading evidence, or an exact paper replication."
36,no_periodicity,5,QLIKE,0.018450288367787789,0.018405785459348182,0.9975879559412576,-4.4502908439605362e-05,5,0.99099949545900379,-1.8591002669100596,0.063012927463600238,NONE,0,0,0,0,True,500,"Synthetic mechanism check — not empirical SPY evidence, trading evidence, or an exact paper replication."
36,no_periodicity,22,MSE,2.7352102754149787e-10,2.7179481792414291e-10,0.99368893268327219,-1.7262096173549784e-12,21,0.95699947753381764,-2.2270302657911176,0.025945251100459438,HARP,0,0,0,0,True,500,"Synthetic mechanism check — not empirical SPY evidence, trading evidence, or an exact paper replication."
36,no_periodicity,22,QLIKE,0.010015820318167699,0.0099616300747648271,0.99458953518719018,-5.4190243402870932e-05,21,0.95699947753381764,-2.3041200704142821,0.021215904390740423,HARP,0,0,0,0,True,500,"Synthetic mechanism check — not empirical SPY evidence, trading evidence, or an exact paper replication."
36,u_shaped_periodicity,1,MSE,1.2053471512805896e-09,1.208120960176307e-09,1.0023012531226132,2.7738088957174081e-12,5,0.99899949949937417,0.30814403201246859,0.75797273752569572,NONE,0,0,0,0,True,500,"Synthetic mechanism check — not empirical SPY evidence, trading evidence, or an exact paper replication."
36,u_shaped_periodicity,1,QLIKE,0.045580556541362824,0.04542854083790334,0.99666490023390708,-0.00015201570345947381,5,0.99899949949937417,-0.50847616083112157,0.61111945329736517,NONE,0,0,0,0,True,500,"Synthetic mechanism check — not empirical SPY evidence, trading evidence, or an exact paper replication."
36,u_shaped_periodicity,5,MSE,4.9536080467746594e-10,4.9676634592524586e-10,1.0028374090854748,1.4055412477799478e-12,5,0.99099949545900379,0.26485628781919535,0.79112017331734485,NONE,0,0,0,0,True,500,"Synthetic mechanism check — not empirical SPY evidence, trading evidence, or an exact paper replication."
36,u_shaped_periodicity,5,QLIKE,0.018613015061542469,0.018681154076827348,1.0036608263121038,6.813901528488087e-05,5,0.99099949545900379,0.35364724691286464,0.72360326163490396,NONE,0,0,0,0,True,500,"Synthetic mechanism check — not empirical SPY evidence, trading evidence, or an exact paper replication."
36,u_shaped_periodicity,22,MSE,2.7322639495566463e-10,2.761827086294281e-10,1.0108200149339275,2.9563136737634935e-12,21,0.95699947753381764,0.59738663422230953,0.55024927526683176,NONE,0,0,0,0,True,500,"Synthetic mechanism check — not empirical SPY evidence, trading evidence, or an exact paper replication."
36,u_shaped_periodicity,22,QLIKE,0.010012332943334541,0.010152002218217495,1.0139497233735055,0.00013966927488295156,21,0.95699947753381764,0.90738856725114903,0.36420135308999252,NONE,0,0,0,0,True,500,"Synthetic mechanism check — not empirical SPY evidence, trading evidence, or an exact paper replication."
37,no_periodicity,1,MSE,1.5451604270259893e-09,1.5462935403198001e-09,1.0007333305163606,1.1331132938109946e-12,5,0.99899949949937417,0.87715447530163204,0.38040273933040597,NONE,0,0,0,0,True,500,"Synthetic mechanism check — not empirical SPY evidence, trading evidence, or an exact paper replication."
37,no_periodicity,1,QLIKE,0.050868800163657441,0.050890125310943918,1.0004192186019303,2.1325147286465728e-05,5,0.99899949949937417,0.47340321824040998,0.63592553428366883,NONE,0,0,0,0,True,500,"Synthetic mechanism check — not empirical SPY evidence, trading evidence, or an exact paper replication."
37,no_periodicity,5,MSE,7.6090920373746967e-10,7.6168892686510798e-10,1.0010247255833,7.7972312763843718e-13,5,0.99099949545900379,0.61332114466967436,0.5396640148729418,NONE,0,0,0,0,True,500,"Synthetic mechanism check — not empirical SPY evidence, trading evidence, or an exact paper replication."
37,no_periodicity,5,QLIKE,0.026768296761361464,0.026761401645549382,0.99974241484717719,-6.8951158120822423e-06,5,0.99099949545900379,-0.17310622762859845,0.86256792991410736,NONE,0,0,0,0,True,500,"Synthetic mechanism check — not empirical SPY evidence, trading evidence, or an exact paper replication."
37,no_periodicity,22,MSE,5.6634385914644387e-10,5.6650830029842166e-10,1.0002903556723042,1.6444115197777091e-13,21,0.95699947753381764,0.12605052270083969,0.89969193214408172,NONE,0,0,0,0,True,500,"Synthetic mechanism check — not empirical SPY evidence, trading evidence, or an exact paper replication."
37,no_periodicity,22,QLIKE,0.020597500895874143,0.020587572199221617,0.99951796595602938,-9.928696652527602e-06,21,0.95699947753381764,-0.2203250263105509,0.82561803082395002,NONE,0,0,0,0,True,500,"Synthetic mechanism check — not empirical SPY evidence, trading evidence, or an exact paper replication."
37,u_shaped_periodicity,1,MSE,1.6535669663531431e-09,1.6352380288694302e-09,0.98891551545436562,-1.8328937483713021e-11,5,0.99899949949937417,-1.2078707077631927,0.22709699839492067,NONE,0,0,0,0,True,500,"Synthetic mechanism check — not empirical SPY evidence, trading evidence, or an exact paper replication."
37,u_shaped_periodicity,1,QLIKE,0.054694602153675602,0.053966659832612153,0.98669078314130254,-0.00072794232106345412,5,0.99899949949937417,-1.438723522836459,0.15022887191560996,NONE,0,0,0,0,True,500,"Synthetic mechanism check — not empirical SPY evidence, trading evidence, or an exact paper replication."
37,u_shaped_periodicity,5,MSE,7.6852219102074065e-10,7.6762243581222433e-10,0.99882923978119453,-8.9975520851633175e-13,5,0.99099949545900379,-0.093821144988373698,0.92525123450045754,NONE,0,0,0,0,True,500,"Synthetic mechanism check — not empirical SPY evidence, trading evidence, or an exact paper replication."
37,u_shaped_periodicity,5,QLIKE,0.027494684583924341,0.027201591544470268,0.98934001084611678,-0.00029309303945407452,5,0.99099949545900379,-0.9457343663385932,0.34428408931512794,NONE,0,0,0,0,True,500,"Synthetic mechanism check — not empirical SPY evidence, trading evidence, or an exact paper replication."
37,u_shaped_periodicity,22,MSE,5.5727566271832163e-10,5.6399256508156144e-10,1.0120531055142004,6.7169023632398819e-12,21,0.95699947753381764,0.84268941193134694,0.39940217034974995,NONE,0,0,0,0,True,500,"Synthetic mechanism check — not empirical SPY evidence, trading evidence, or an exact paper replication."
37,u_shaped_periodicity,22,QLIKE,0.020481779011454058,0.020615810712693822,1.0065439482168423,0.00013403170123975895,21,0.95699947753381764,0.52617069896772051,0.59876961043165156,NONE,0,0,0,0,True,500,"Synthetic mechanism check — not empirical SPY evidence, trading evidence, or an exact paper replication."
38,no_periodicity,1,MSE,6.9916650545443619e-10,6.9989219422320328e-10,1.0010379341159876,7.2568876876697569e-13,5,0.99899949949937417,0.83033522386474046,0.40634927815088728,NONE,0,0,0,0,True,500,"Synthetic mechanism check — not empirical SPY evidence, trading evidence, or an exact paper replication."
38,no_periodicity,1,QLIKE,0.049959390522305781,0.050049075978169232,1.0017951671332621,8.9685455863450781e-05,5,0.99899949949937417,1.7491503077865311,0.080265041103932136,NONE,0,0,0,0,True,500,"Synthetic mechanism check — not empirical SPY evidence, trading evidence, or an exact paper replication."
38,no_periodicity,5,MSE,3.3202669179383394e-10,3.3317683091643151e-10,1.0034639959708773,1.1501391225975911e-12,5,0.99099949545900379,1.7817852575950974,0.074784257261957032,NONE,0,0,0,0,True,500,"Synthetic mechanism check — not empirical SPY evidence, trading evidence, or an exact paper replication."
38,no_periodicity,5,QLIKE,0.025164697282213502,0.025260516026365573,1.0038076652811474,9.5818744152070148e-05,5,0.99099949545900379,2.4368910843893534,0.014814140618600511,HAR,0,0,0,0,True,500,"Synthetic mechanism check — not empirical SPY evidence, trading evidence, or an exact paper replication."
38,no_periodicity,22,MSE,2.6021274995928655e-10,2.6138513091502976e-10,1.0045054708346406,1.172380955743137e-12,21,0.95699947753381764,1.3119843336974839,0.18952542053759655,NONE,0,0,0,0,True,500,"Synthetic mechanism check — not empirical SPY evidence, trading evidence, or an exact paper replication."
38,no_periodicity,22,QLIKE,0.020436266640421724,0.020519846345411284,1.0040897736587682,8.3579704989560796e-05,21,0.95699947753381764,1.596488306546425,0.1103798144335483,NONE,0,0,0,0,True,500,"Synthetic mechanism check — not empirical SPY evidence, trading evidence, or an exact paper replication."
38,u_shaped_periodicity,1,MSE,7.2444386834557581e-10,7.2074870014937343e-10,0.99489930364840951,-3.6951681962024623e-12,5,0.99899949949937417,-0.59045602570344213,0.55488495897298007,NONE,0,0,0,0,True,500,"Synthetic mechanism check — not empirical SPY evidence, trading evidence, or an exact paper replication."
38,u_shaped_periodicity,1,QLIKE,0.052622540667450389,0.052211697971098966,0.99219264803370566,-0.00041084269635142246,5,0.99899949949937417,-1.0256514260640959,0.305055917880102,NONE,0,0,0,0,True,500,"Synthetic mechanism check — not empirical SPY evidence, trading evidence, or an exact paper replication."
38,u_shaped_periodicity,5,MSE,3.3926885769513742e-10,3.393495460136703e-10,1.0002378300180013,8.0688318532869882e-14,5,0.99099949545900379,0.017856660419194398,0.98575320347106832,NONE,0,0,0,0,True,500,"Synthetic mechanism check — not empirical SPY evidence, trading evidence, or an exact paper replication."
38,u_shaped_periodicity,5,QLIKE,0.026111860592823839,0.025828122462410098,0.98913374520344521,-0.00028373813041373809,5,0.99099949545900379,-0.89484007067959515,0.37087258654951011,NONE,0,0,0,0,True,500,"Synthetic mechanism check — not empirical SPY evidence, trading evidence, or an exact paper replication."
38,u_shaped_periodicity,22,MSE,2.674477210486478e-10,2.6645290488089438e-10,0.99628033410098693,-9.9481616775349475e-13,21,0.95699947753381764,-0.13233100348782512,0.89472248576869673,NONE,0,0,0,0,True,500,"Synthetic mechanism check — not empirical SPY evidence, trading evidence, or an exact paper replication."
38,u_shaped_periodicity,22,QLIKE,0.021011535072344951,0.020686734509617891,0.98454179755982907,-0.00032480056272705937,21,0.95699947753381764,-0.5552716043536402,0.57870889827639771,NONE,0,0,0,0,True,500,"Synthetic mechanism check — not empirical SPY evidence, trading evidence, or an exact paper replication."
39,no_periodicity,1,MSE,1.3912542970042612e-09,1.3904007661720484e-09,0.9993865026443759,-8.5353083221285578e-13,5,0.99899949949937417,-0.72977060367178403,0.46553041595308686,NONE,0,0,0,0,True,500,"Synthetic mechanism check — not empirical SPY evidence, trading evidence, or an exact paper replication."
39,no_periodicity,1,QLIKE,0.04909001305959531,0.04909224306301313,1.0000454268247008,2.2300034178273088e-06,5,0.99899949949937417,0.061508689785085224,0.95095409406402587,NONE,0,0,0,0,True,500,"Synthetic mechanism check — not empirical SPY evidence, trading evidence, or an exact paper replication."
39,no_periodicity,5,MSE,5.5731048824167636e-10,5.5791699596746933e-10,1.0010882761738551,6.0650772579299783e-13,5,0.99099949545900379,0.74516336467365618,0.45617296703500465,NONE,0,0,0,0,True,500,"Synthetic mechanism check — not empirical SPY evidence, trading evidence, or an exact paper replication."
39,no_periodicity,5,QLIKE,0.020881209659783878,0.020893145186713688,1.000571591738423,1.1935526929811591e-05,5,0.99099949545900379,0.50259824662413355,0.61524676227686026,NONE,0,0,0,0,True,500,"Synthetic mechanism check — not empirical SPY evidence, trading evidence, or an exact paper replication."
39,no_periodicity,22,MSE,4.2427494219871184e-10,4.2471002785760449e-10,1.0010254804505727,4.3508565889270633e-13,21,0.95699947753381764,0.51002578086348394,0.61003340025957686,NONE,0,0,0,0,True,500,"Synthetic mechanism check — not empirical SPY evidence, trading evidence, or an exact paper replication."
39,no_periodicity,22,QLIKE,0.016099116461742058,0.016106727263366226,1.0004727465412313,7.6108016241649427e-06,21,0.95699947753381764,0.23509081428388315,0.81413824806997892,NONE,0,0,0,0,True,500,"Synthetic mechanism check — not empirical SPY evidence, trading evidence, or an exact paper replication."
39,u_shaped_periodicity,1,MSE,1.4742778276983204e-09,1.4596247673962752e-09,0.99006085554110124,-1.4653060302045244e-11,5,0.99899949949937417,-0.94364604785241379,0.34535055280441734,NONE,0,0,0,0,True,500,"Synthetic mechanism check — not empirical SPY evidence, trading evidence, or an exact paper replication."
39,u_shaped_periodicity,1,QLIKE,0.050607789358019205,0.050319337789461287,0.99430025353375351,-0.00028845156855791522,5,0.99899949949937417,-0.69755018308925887,0.48545854541371891,NONE,0,0,0,0,True,500,"Synthetic mechanism check — not empirical SPY evidence, trading evidence, or an exact paper replication."
39,u_shaped_periodicity,5,MSE,6.0833188437550452e-10,5.9111662035000024e-10,0.97170086844424253,-1.7215264025504252e-11,5,0.99099949545900379,-2.2496699185303806,0.024469906434330158,HARP,0,0,0,0,True,500,"Synthetic mechanism check — not empirical SPY evidence, trading evidence, or an exact paper replication."
39,u_shaped_periodicity,5,QLIKE,0.022026603542378041,0.021473928918115719,0.97490876779077607,-0.00055267462426232506,5,0.99099949545900379,-2.052092716222647,0.040160652686247619,HARP,0,0,0,0,True,500,"Synthetic mechanism check — not empirical SPY evidence, trading evidence, or an exact paper replication."
39,u_shaped_periodicity,22,MSE,4.419649137612028e-10,4.3026824698006777e-10,0.97353485216372893,-1.1696666781134933e-11,21,0.95699947753381764,-1.533005601664069,0.12527447471671721,NONE,0,0,0,0,True,500,"Synthetic mechanism check — not empirical SPY evidence, trading evidence, or an exact paper replication."
39,u_shaped_periodicity,22,QLIKE,0.016371684948060471,0.016085194027403903,0.98250082862176569,-0.00028649092065657157,21,0.95699947753381764,-1.0302593772777109,0.30288826300682192,NONE,0,0,0,0,True,500,"Synthetic mechanism check — not empirical SPY evidence, trading evidence, or an exact paper replication."
40,no_periodicity,1,MSE,5.5956220838376756e-10,5.594916673964759e-10,0.99987393539764702,-7.0540987291733158e-14,5,0.99899949949937417,-0.13810064828915794,0.8901608734259725,NONE,0,0,0,0,True,500,"Synthetic mechanism check — not empirical SPY evidence, trading evidence, or an exact paper replication."
40,no_periodicity,1,QLIKE,0.050024409786056143,0.050029783675807314,1.000107425350427,5.3738897511825814e-06,5,0.99899949949937417,0.15282563751262057,0.87853577940954874,NONE,0,0,0,0,True,500,"Synthetic mechanism check — not empirical SPY evidence, trading evidence, or an exact paper replication."
40,no_periodicity,5,MSE,2.51643551900249e-10,2.5218456091461107e-10,1.0021499021543636,5.4100901436206592e-13,5,0.99099949545900379,1.5006957854387422,0.13343426365786296,NONE,0,0,0,0,True,500,"Synthetic mechanism check — not empirical SPY evidence, trading evidence, or an exact paper replication."
40,no_periodicity,5,QLIKE,0.022901655725623346,0.022941223363548334,1.001727719532554,3.956763792498963e-05,5,0.99099949545900379,1.5473898094947949,0.12176927704035341,NONE,0,0,0,0,True,500,"Synthetic mechanism check — not empirical SPY evidence, trading evidence, or an exact paper replication."
40,no_periodicity,22,MSE,2.3835260021085641e-10,2.3898240991369329e-10,1.0026423445864645,6.2980970283683181e-13,21,0.95699947753381764,1.5894244530514257,0.11196459753492095,NONE,0,0,0,0,True,500,"Synthetic mechanism check — not empirical SPY evidence, trading evidence, or an exact paper replication."
40,no_periodicity,22,QLIKE,0.019979432001068262,0.020027957825553559,1.0024287889907331,4.8525824485298407e-05,21,0.95699947753381764,1.558591336100756,0.11909313494246292,NONE,0,0,0,0,True,500,"Synthetic mechanism check — not empirical SPY evidence, trading evidence, or an exact paper replication."
40,u_shaped_periodicity,1,MSE,5.8620303553359279e-10,5.8577626911833129e-10,0.999271981908328,-4.2676641526154152e-13,5,0.99899949949937417,-0.069587950701156004,0.94452162763821923,NONE,0,0,0,0,True,500,"Synthetic mechanism check — not empirical SPY evidence, trading evidence, or an exact paper replication."
40,u_shaped_periodicity,1,QLIKE,0.052450536216014143,0.05256979249004945,1.002273690273521,0.00011925627403531047,5,0.99899949949937417,0.29287431245836104,0.76961822404253999,NONE,0,0,0,0,True,500,"Synthetic mechanism check — not empirical SPY evidence, trading evidence, or an exact paper replication."
40,u_shaped_periodicity,5,MSE,2.6572895236837195e-10,2.7108851367585098e-10,1.0201692787319963,5.3595613074789391e-12,5,0.99099949545900379,1.2246278773873434,0.22071545941482196,NONE,0,0,0,0,True,500,"Synthetic mechanism check — not empirical SPY evidence, trading evidence, or an exact paper replication."
40,u_shaped_periodicity,5,QLIKE,0.024327221679573619,0.024519531533300366,1.0079051301566517,0.00019230985372674825,5,0.99099949545900379,0.6442908353167619,0.5193868574158832,NONE,0,0,0,0,True,500,"Synthetic mechanism check — not empirical SPY evidence, trading evidence, or an exact paper replication."
40,u_shaped_periodicity,22,MSE,2.4049529829538776e-10,2.4422464207825091e-10,1.0155069301117172,3.7293437828631261e-12,21,0.95699947753381764,0.53196364224407788,0.59475117711159453,NONE,0,0,0,0,True,500,"Synthetic mechanism check — not empirical SPY evidence, trading evidence, or an exact paper replication."
40,u_shaped_periodicity,22,QLIKE,0.020151735313627565,0.020269931829023313,1.0058653269088851,0.00011819651539574982,21,0.95699947753381764,0.28895629256282879,0.77261482491189681,NONE,0,0,0,0,True,500,"Synthetic mechanism check — not empirical SPY evidence, trading evidence, or an exact paper replication."
41,no_periodicity,1,MSE,1.8390521455290367e-09,1.8404583493134607e-09,1.0007646350800017,1.4062037844236753e-12,5,0.99899949949937417,0.64508243439474189,0.51887376639785543,NONE,0,0,0,0,True,500,"Synthetic mechanism check — not empirical SPY evidence, trading evidence, or an exact paper replication."
41,no_periodicity,1,QLIKE,0.044656204692665652,0.044675819000471489,1.000439229171866,1.9614307805833507e-05,5,0.99899949949937417,0.45642982772172919,0.64808092079117319,NONE,0,0,0,0,True,500,"Synthetic mechanism check — not empirical SPY evidence, trading evidence, or an exact paper replication."
41,no_periodicity,5,MSE,9.5043465559560287e-10,9.5130804533160117e-10,1.0009189371734883,8.7338973599811721e-13,5,0.99099949545900379,0.68850350066521027,0.49113576657483576,NONE,0,0,0,0,True,500,"Synthetic mechanism check — not empirical SPY evidence, trading evidence, or an exact paper replication."
41,no_periodicity,5,QLIKE,0.023478741739999254,0.023484302340425069,1.0002368355377556,5.5606004258157426e-06,5,0.99099949545900379,0.16205594450198643,0.87126179871888276,NONE,0,0,0,0,True,500,"Synthetic mechanism check — not empirical SPY evidence, trading evidence, or an exact paper replication."
41,no_periodicity,22,MSE,7.0338430206343991e-10,7.0546700755460623e-10,1.00296097806712,2.0827054911662151e-12,21,0.95699947753381764,1.4444920538792172,0.1486006133201454,NONE,0,0,0,0,True,500,"Synthetic mechanism check — not empirical SPY evidence, trading evidence, or an exact paper replication."
41,no_periodicity,22,QLIKE,0.020282941720425191,0.020321578111343989,1.0019048711696437,3.8636390918799e-05,21,0.95699947753381764,1.0015880078493218,0.31654261523722776,NONE,0,0,0,0,True,500,"Synthetic mechanism check — not empirical SPY evidence, trading evidence, or an exact paper replication."
41,u_shaped_periodicity,1,MSE,1.9358807217016586e-09,1.9226820207930049e-09,0.99318206914264229,-1.3198700908653975e-11,5,0.99899949949937417,-0.72414342614069993,0.46897768647304161,NONE,0,0,0,0,True,500,"Synthetic mechanism check — not empirical SPY evidence, trading evidence, or an exact paper replication."
41,u_shaped_periodicity,1,QLIKE,0.046841990041995608,0.046343549649834975,0.9893591115212278,-0.00049844039216063508,5,0.99899949949937417,-1.2695426657254301,0.20424758344227853,NONE,0,0,0,0,True,500,"Synthetic mechanism check — not empirical SPY evidence, trading evidence, or an exact paper replication."
41,u_shaped_periodicity,5,MSE,9.7650814146059454e-10,9.7418270584120732e-10,0.9976186213707251,-2.3254356193873955e-12,5,0.99099949545900379,-0.16444932962688105,0.8693774326952024,NONE,0,0,0,0,True,500,"Synthetic mechanism check — not empirical SPY evidence, trading evidence, or an exact paper replication."
41,u_shaped_periodicity,5,QLIKE,0.02419820790635378,0.023896944666597156,0.98755018384326221,-0.00030126323975662083,5,0.99099949545900379,-0.94339638386587044,0.34547819212323733,NONE,0,0,0,0,True,500,"Synthetic mechanism check — not empirical SPY evidence, trading evidence, or an exact paper replication."
41,u_shaped_periodicity,22,MSE,7.1788586397797325e-10,7.0620083513852721e-10,0.98372299912036631,-1.1685028839445988e-11,21,0.95699947753381764,-0.88118125477468257,0.37821972346605848,NONE,0,0,0,0,True,500,"Synthetic mechanism check — not empirical SPY evidence, trading evidence, or an exact paper replication."
41,u_shaped_periodicity,22,QLIKE,0.020737449200583041,0.020181311635272283,0.97318196852797489,-0.00055613756531075747,21,0.95699947753381764,-1.3637656587178806,0.1726413317482034,NONE,0,0,0,0,True,500,"Synthetic mechanism check — not empirical SPY evidence, trading evidence, or an exact paper replication."
42,no_periodicity,1,MSE,1.1254197314494641e-09,1.1250974114407131e-09,0.99971360017978728,-3.2232000875102035e-13,5,0.99899949949937417,-0.37090257660000603,0.71071009597980861,NONE,0,0,0,0,True,500,"Synthetic mechanism check — not empirical SPY evidence, trading evidence, or an exact paper replication."
42,no_periodicity,1,QLIKE,0.048442749813406266,0.048433431861521811,0.99980765022794238,-9.3179518844621614e-06,5,0.99899949949937417,-0.25983248788212365,0.79499298968574417,NONE,0,0,0,0,True,500,"Synthetic mechanism check — not empirical SPY evidence, trading evidence, or an exact paper replication."
42,no_periodicity,5,MSE,5.4096617628272124e-10,5.4128255147538157e-10,1.0005848335931726,3.1637519266020622e-13,5,0.99099949545900379,0.32582664163678815,0.74455552061973385,NONE,0,0,0,0,True,500,"Synthetic mechanism check — not empirical SPY evidence, trading evidence, or an exact paper replication."
42,no_periodicity,5,QLIKE,0.022304658791802465,0.022282738776593702,0.9990172449884408,-2.1920015208766853e-05,5,0.99099949545900379,-0.73885355931271268,0.45999592497538433,NONE,0,0,0,0,True,500,"Synthetic mechanism check — not empirical SPY evidence, trading evidence, or an exact paper replication."
42,no_periodicity,22,MSE,4.6480218141680129e-10,4.6583503262830033e-10,1.0022221307317249,1.0328512114991194e-12,21,0.95699947753381764,0.50481191824940286,0.61369094405361335,NONE,0,0,0,0,True,500,"Synthetic mechanism check — not empirical SPY evidence, trading evidence, or an exact paper replication."
42,no_periodicity,22,QLIKE,0.015265663832029673,0.01525605234190917,0.99937038505326337,-9.6114901205033306e-06,21,0.95699947753381764,-0.24224603027967812,0.80858952996832989,NONE,0,0,0,0,True,500,"Synthetic mechanism check — not empirical SPY evidence, trading evidence, or an exact paper replication."
42,u_shaped_periodicity,1,MSE,1.1388711616473908e-09,1.1313393759177653e-09,0.99338662178544357,-7.5317857296254661e-12,5,0.99899949949937417,-0.82025015385574984,0.41207351591000274,NONE,0,0,0,0,True,500,"Synthetic mechanism check — not empirical SPY evidence, trading evidence, or an exact paper replication."
42,u_shaped_periodicity,1,QLIKE,0.049663368936772243,0.049077224995092268,0.98819766048440638,-0.00058614394167998986,5,0.99899949949937417,-1.6761399372441548,0.093710785638675173,NONE,0,0,0,0,True,500,"Synthetic mechanism check — not empirical SPY evidence, trading evidence, or an exact paper replication."
42,u_shaped_periodicity,5,MSE,5.3282827785568853e-10,5.3891966336463807e-10,1.0114321738580836,6.0913855089495702e-12,5,0.99099949545900379,0.68906244411739304,0.49078397251111705,NONE,0,0,0,0,True,500,"Synthetic mechanism check — not empirical SPY evidence, trading evidence, or an exact paper replication."
42,u_shaped_periodicity,5,QLIKE,0.022178660481494448,0.022039278046956171,0.99371547101978608,-0.0001393824345382746,5,0.99099949545900379,-0.51475370704083867,0.60672513817442364,NONE,0,0,0,0,True,500,"Synthetic mechanism check — not empirical SPY evidence, trading evidence, or an exact paper replication."
42,u_shaped_periodicity,22,MSE,4.7217578335210325e-10,4.7075263194715409e-10,0.99698597121003152,-1.4231514049491232e-12,21,0.95699947753381764,-0.12289537896279022,0.90218994494214766,NONE,0,0,0,0,True,500,"Synthetic mechanism check — not empirical SPY evidence, trading evidence, or an exact paper replication."
42,u_shaped_periodicity,22,QLIKE,0.015387913476616024,0.015143882440880111,0.98414138238385918,-0.000244031035735913,21,0.95699947753381764,-0.77064287887581817,0.4409186380777268,NONE,0,0,0,0,True,500,"Synthetic mechanism check — not empirical SPY evidence, trading evidence, or an exact paper replication."
43,no_periodicity,1,MSE,1.5688703270803304e-09,1.5672525276369407e-09,0.99896881251722036,-1.6177994433896367e-12,5,0.99899949949937417,-1.2010954863274628,0.2297141637184536,NONE,0,0,0,0,True,500,"Synthetic mechanism check — not empirical SPY evidence, trading evidence, or an exact paper replication."
43,no_periodicity,1,QLIKE,0.047137663506228805,0.047070941788406914,0.99858453489505106,-6.6721717821894183e-05,5,0.99899949949937417,-1.4270071647047449,0.15357782947224258,NONE,0,0,0,0,True,500,"Synthetic mechanism check — not empirical SPY evidence, trading evidence, or an exact paper replication."
43,no_periodicity,5,MSE,6.5974160345784784e-10,6.5761287965042807e-10,0.996773397651046,-2.1287238074197402e-12,5,0.99099949545900379,-1.5780667428290285,0.11455027751695973,NONE,0,0,0,0,True,500,"Synthetic mechanism check — not empirical SPY evidence, trading evidence, or an exact paper replication."
43,no_periodicity,5,QLIKE,0.021214168235631579,0.021140703458272837,0.99653699468474333,-7.3464777358744906e-05,5,0.99099949545900379,-1.7105963305209106,0.087155656852901081,NONE,0,0,0,0,True,500,"Synthetic mechanism check — not empirical SPY evidence, trading evidence, or an exact paper replication."
43,no_periodicity,22,MSE,4.2725598765189419e-10,4.2574149765300677e-10,0.99645531006549326,-1.5144899988873412e-12,21,0.95699947753381764,-1.6101611827430016,0.10736267313252106,NONE,0,0,0,0,True,500,"Synthetic mechanism check — not empirical SPY evidence, trading evidence, or an exact paper replication."
43,no_periodicity,22,QLIKE,0.014859515861419469,0.014806576221473956,0.9964373240394081,-5.2939639945513318e-05,21,0.95699947753381764,-1.6670999533408419,0.095494531429542229,NONE,0,0,0,0,True,500,"Synthetic mechanism check — not empirical SPY evidence, trading evidence, or an exact paper replication."
43,u_shaped_periodicity,1,MSE,1.6196678522890972e-09,1.6017020191741415e-09,0.98890770531157712,-1.7965833114955854e-11,5,0.99899949949937417,-1.4430038195417207,0.1490193952718985,NONE,0,0,0,0,True,500,"Synthetic mechanism check — not empirical SPY evidence, trading evidence, or an exact paper replication."
43,u_shaped_periodicity,1,QLIKE,0.049532634872775788,0.048943654632958272,0.98810924875427464,-0.00058898023981751547,5,0.99899949949937417,-1.5561757452974887,0.11966630727290271,NONE,0,0,0,0,True,500,"Synthetic mechanism check — not empirical SPY evidence, trading evidence, or an exact paper replication."
43,u_shaped_periodicity,5,MSE,6.5542626437679767e-10,6.4794363325111581e-10,0.98858356533393332,-7.4826311256817186e-12,5,0.99099949545900379,-0.72194435914796729,0.47032868705812647,NONE,0,0,0,0,True,500,"Synthetic mechanism check — not empirical SPY evidence, trading evidence, or an exact paper replication."
43,u_shaped_periodicity,5,QLIKE,0.021180943963491985,0.020817373954265656,0.98283504220336038,-0.00036357000922632962,5,0.99099949545900379,-1.1752257559352191,0.23990440852561812,NONE,0,0,0,0,True,500,"Synthetic mechanism check — not empirical SPY evidence, trading evidence, or an exact paper replication."
43,u_shaped_periodicity,22,MSE,4.2858373294921373e-10,4.1442418909262842e-10,0.96696201286234262,-1.4159543856585357e-11,21,0.95699947753381764,-1.7677054781151131,0.077110153706101969,NONE,0,0,0,0,True,500,"Synthetic mechanism check — not empirical SPY evidence, trading evidence, or an exact paper replication."
43,u_shaped_periodicity,22,QLIKE,0.01494652161245141,0.01433470570062906,0.95906633478436421,-0.00061181591182234922,21,0.95699947753381764,-2.1358092522532433,0.032694964683369736,HARP,0,0,0,0,True,500,"Synthetic mechanism check — not empirical SPY evidence, trading evidence, or an exact paper replication."
44,no_periodicity,1,MSE,1.1769727906549332e-09,1.1762015712414799e-09,0.99934474320937861,-7.7121941345333725e-13,5,0.99899949949937417,-0.68653137818843935,0.49237808435110064,NONE,0,0,0,0,True,500,"Synthetic mechanism check — not empirical SPY evidence, trading evidence, or an exact paper replication."
44,no_periodicity,1,QLIKE,0.048840324874337898,0.048779886242056862,0.99876252599800386,-6.0438632281035518e-05,5,0.99899949949937417,-1.4725854734653976,0.14086284414864303,NONE,0,0,0,0,True,500,"Synthetic mechanism check — not empirical SPY evidence, trading evidence, or an exact paper replication."
44,no_periodicity,5,MSE,6.2313537568594123e-10,6.2322912270419532e-10,1.0001504440638616,9.3747018254162059e-14,5,0.99099949545900379,0.060059338933046505,0.95210837430287265,NONE,0,0,0,0,True,500,"Synthetic mechanism check — not empirical SPY evidence, trading evidence, or an exact paper replication."
44,no_periodicity,5,QLIKE,0.022436239625243336,0.022389901155474148,0.99793465970487083,-4.6338469769185766e-05,5,0.99099949545900379,-1.2842013464663242,0.19907151420657704,NONE,0,0,0,0,True,500,"Synthetic mechanism check — not empirical SPY evidence, trading evidence, or an exact paper replication."
44,no_periodicity,22,MSE,5.856424903706986e-10,5.8653563223587943e-10,1.0015250632935044,8.9314186518068126e-13,21,0.95699947753381764,0.51360190287866958,0.60753034891107827,NONE,0,0,0,0,True,500,"Synthetic mechanism check — not empirical SPY evidence, trading evidence, or an exact paper replication."
44,no_periodicity,22,QLIKE,0.020540343532932867,0.020511836583226029,0.99861214834790213,-2.850694970683465e-05,21,0.95699947753381764,-0.62332572136858244,0.53307049851867061,NONE,0,0,0,0,True,500,"Synthetic mechanism check — not empirical SPY evidence, trading evidence, or an exact paper replication."
44,u_shaped_periodicity,1,MSE,1.2581750727268138e-09,1.2595229796550136e-09,1.0010713190536182,1.3479069281996918e-12,5,0.99899949949937417,0.13028120754824432,0.89634394754778768,NONE,0,0,0,0,True,500,"Synthetic mechanism check — not empirical SPY evidence, trading evidence, or an exact paper replication."
44,u_shaped_periodicity,1,QLIKE,0.050893786465561787,0.050711301337526063,0.99641439278330757,-0.00018248512803572048,5,0.99899949949937417,-0.5575727148134948,0.57713619259463989,NONE,0,0,0,0,True,500,"Synthetic mechanism check — not empirical SPY evidence, trading evidence, or an exact paper replication."
44,u_shaped_periodicity,5,MSE,6.5763466967912822e-10,6.6177128381982504e-10,1.0062901399993329,4.1366141406970188e-12,5,0.99099949545900379,0.44248287670416653,0.65813981855865045,NONE,0,0,0,0,True,500,"Synthetic mechanism check — not empirical SPY evidence, trading evidence, or an exact paper replication."
44,u_shaped_periodicity,5,QLIKE,0.023159198137734628,0.023044869308044759,0.99506335111388911,-0.00011432882968986524,5,0.99099949545900379,-0.41497603614627387,0.67815944599577649,NONE,0,0,0,0,True,500,"Synthetic mechanism check — not empirical SPY evidence, trading evidence, or an exact paper replication."
44,u_shaped_periodicity,22,MSE,5.8424635731466634e-10,5.8297099431685386e-10,0.99781708010354686,-1.275362997812514e-12,21,0.95699947753381764,-0.14122488751319476,0.88769228571677894,NONE,0,0,0,0,True,500,"Synthetic mechanism check — not empirical SPY evidence, trading evidence, or an exact paper replication."
44,u_shaped_periodicity,22,QLIKE,0.020599443503552854,0.020362627870538306,0.98850378492148572,-0.00023681563301454833,21,0.95699947753381764,-0.68105094576322922,0.4958392548003549,NONE,0,0,0,0,True,500,"Synthetic mechanism check — not empirical SPY evidence, trading evidence, or an exact paper replication."
45,no_periodicity,1,MSE,1.8101859227440292e-09,1.8093387962467175e-09,0.99953202238142058,-8.4712649731146636e-13,5,0.99899949949937417,-0.29940585490798838,0.76463039538517463,NONE,0,0,0,0,True,500,"Synthetic mechanism check — not empirical SPY evidence, trading evidence, or an exact paper replication."
45,no_periodicity,1,QLIKE,0.049954633956102418,0.049942413788653987,0.99975537469738707,-1.2220167448429908e-05,5,0.99899949949937417,-0.22947277084151005,0.8185014817360704,NONE,0,0,0,0,True,500,"Synthetic mechanism check — not empirical SPY evidence, trading evidence, or an exact paper replication."
45,no_periodicity,5,MSE,7.7990875406311847e-10,7.8043465902402763e-10,1.0006743160121865,5.2590496090915301e-13,5,0.99099949545900379,0.37655616758250915,0.70650346706047529,NONE,0,0,0,0,True,500,"Synthetic mechanism check — not empirical SPY evidence, trading evidence, or an exact paper replication."
45,no_periodicity,5,QLIKE,0.024040880493786759,0.024064798773193549,1.0009949003079555,2.3918279406788922e-05,5,0.99099949545900379,0.60017767098668728,0.54838783312391381,NONE,0,0,0,0,True,500,"Synthetic mechanism check — not empirical SPY evidence, trading evidence, or an exact paper replication."
45,no_periodicity,22,MSE,7.2988134501379175e-10,7.3067572754705959e-10,1.0010883721562343,7.9438253326799287e-13,21,0.95699947753381764,0.44987156942575746,0.65280304862128102,NONE,0,0,0,0,True,500,"Synthetic mechanism check — not empirical SPY evidence, trading evidence, or an exact paper replication."
45,no_periodicity,22,QLIKE,0.024118775629398369,0.024154651594775024,1.0014874704225418,3.5875965376659381e-05,21,0.95699947753381764,0.72820763300877556,0.46648649404221926,NONE,0,0,0,0,True,500,"Synthetic mechanism check — not empirical SPY evidence, trading evidence, or an exact paper replication."
45,u_shaped_periodicity,1,MSE,1.8143096651743874e-09,1.8103599241794146e-09,0.9978230061434451,-3.9497409949729785e-12,5,0.99899949949937417,-0.19193754404309854,0.84779112826003866,NONE,0,0,0,0,True,500,"Synthetic mechanism check — not empirical SPY evidence, trading evidence, or an exact paper replication."
45,u_shaped_periodicity,1,QLIKE,0.051739343111229817,0.051559906486867188,0.99653191143194697,-0.00017943662436262908,5,0.99899949949937417,-0.44227823309904218,0.65828788014672746,NONE,0,0,0,0,True,500,"Synthetic mechanism check — not empirical SPY evidence, trading evidence, or an exact paper replication."
45,u_shaped_periodicity,5,MSE,7.8339171213736841e-10,8.0133756450571756e-10,1.0229078915315386,1.7945852368349204e-11,5,0.99099949545900379,1.3506361389560571,0.17681201831736609,NONE,0,0,0,0,True,500,"Synthetic mechanism check — not empirical SPY evidence, trading evidence, or an exact paper replication."
45,u_shaped_periodicity,5,QLIKE,0.024144002432124195,0.024529130319275661,1.0159512859657041,0.00038512788715146451,5,0.99099949545900379,1.1019289215399259,0.27049257389726261,NONE,0,0,0,0,True,500,"Synthetic mechanism check — not empirical SPY evidence, trading evidence, or an exact paper replication."
45,u_shaped_periodicity,22,MSE,7.1622478128467035e-10,7.4224152429014719e-10,1.0363248294185121,2.6016743005476729e-11,21,0.95699947753381764,0.9732485187548231,0.33042980205012995,NONE,0,0,0,0,True,500,"Synthetic mechanism check — not empirical SPY evidence, trading evidence, or an exact paper replication."
45,u_shaped_periodicity,22,QLIKE,0.023989823165190025,0.024410353956028481,1.0175295494236347,0.0004205307908384568,21,0.95699947753381764,0.69116225873643911,0.48946357863045808,NONE,0,0,0,0,True,500,"Synthetic mechanism check — not empirical SPY evidence, trading evidence, or an exact paper replication."
46,no_periodicity,1,MSE,2.5449056863638858e-09,2.5437842088998022e-09,0.99955932454782404,-1.1214774640839456e-12,5,0.99899949949937417,-0.49647976302673724,0.61955596177560124,NONE,0,0,0,0,True,500,"Synthetic mechanism check — not empirical SPY evidence, trading evidence, or an exact paper replication."
46,no_periodicity,1,QLIKE,0.046392802403143273,0.046367273013108036,0.99944971226757562,-2.5529390035241574e-05,5,0.99899949949937417,-0.59125451913453619,0.55434989816797386,NONE,0,0,0,0,True,500,"Synthetic mechanism check — not empirical SPY evidence, trading evidence, or an exact paper replication."
46,no_periodicity,5,MSE,1.1164626577239538e-09,1.114130615383339e-09,0.99791122226571471,-2.3320423406147368e-12,5,0.99099949545900379,-1.5455031967029509,0.12222459627466603,NONE,0,0,0,0,True,500,"Synthetic mechanism check — not empirical SPY evidence, trading evidence, or an exact paper replication."
46,no_periodicity,5,QLIKE,0.022302481833547192,0.022270661140511943,0.99857322188298414,-3.182069303524626e-05,5,0.99099949545900379,-1.0080492207178433,0.31343083342822814,NONE,0,0,0,0,True,500,"Synthetic mechanism check — not empirical SPY evidence, trading evidence, or an exact paper replication."
46,no_periodicity,22,MSE,8.6138483617754e-10,8.6135866596251383e-10,0.99996961844006649,-2.6170215026357439e-14,21,0.95699947753381764,-0.015374047430957384,0.98773376813018043,NONE,0,0,0,0,True,500,"Synthetic mechanism check — not empirical SPY evidence, trading evidence, or an exact paper replication."
46,no_periodicity,22,QLIKE,0.018582356972097147,0.018589742823262697,1.0003974657884702,7.3858511655453542e-06,21,0.95699947753381764,0.18893075641542983,0.85014708752814427,NONE,0,0,0,0,True,500,"Synthetic mechanism check — not empirical SPY evidence, trading evidence, or an exact paper replication."
46,u_shaped_periodicity,1,MSE,2.6713939744346533e-09,2.6558476292890776e-09,0.99418043714466875,-1.5546345145575371e-11,5,0.99899949949937417,-0.90097317672033728,0.36760258156928194,NONE,0,0,0,0,True,500,"Synthetic mechanism check — not empirical SPY evidence, trading evidence, or an exact paper replication."
46,u_shaped_periodicity,1,QLIKE,0.049189448680981754,0.048756267853493344,0.99119362304103453,-0.00043318082748841305,5,0.99899949949937417,-1.3123294125530358,0.18940901224455478,NONE,0,0,0,0,True,500,"Synthetic mechanism check — not empirical SPY evidence, trading evidence, or an exact paper replication."
46,u_shaped_periodicity,5,MSE,1.1259769565780942e-09,1.1089432465264975e-09,0.98487206158875307,-1.7033710051596697e-11,5,0.99099949545900379,-1.1653746872250359,0.24386735887385783,NONE,0,0,0,0,True,500,"Synthetic mechanism check — not empirical SPY evidence, trading evidence, or an exact paper replication."
46,u_shaped_periodicity,5,QLIKE,0.022411140043965425,0.022117934972828806,0.98691699438041003,-0.00029320507113661965,5,0.99099949545900379,-1.0606144891369762,0.28886513513470286,NONE,0,0,0,0,True,500,"Synthetic mechanism check — not empirical SPY evidence, trading evidence, or an exact paper replication."
46,u_shaped_periodicity,22,MSE,8.6597188874457258e-10,8.4448088107211609e-10,0.97518278831936134,-2.1491007672456538e-11,21,0.95699947753381764,-1.0779860927039737,0.28103996257559033,NONE,0,0,0,0,True,500,"Synthetic mechanism check — not empirical SPY evidence, trading evidence, or an exact paper replication."
46,u_shaped_periodicity,22,QLIKE,0.018771413058335025,0.018253842846086395,0.97242774368449503,-0.00051757021224862901,21,0.95699947753381764,-1.2576949020233201,0.20850211666280807,NONE,0,0,0,0,True,500,"Synthetic mechanism check — not empirical SPY evidence, trading evidence, or an exact paper replication."
47,no_periodicity,1,MSE,4.2763631428249383e-10,4.2669073035850276e-10,0.99778881284771714,-9.4558392399113221e-13,5,0.99899949949937417,-1.4735231643157516,0.14061002245100562,NONE,0,0,0,0,True,500,"Synthetic mechanism check — not empirical SPY evidence, trading evidence, or an exact paper replication."
47,no_periodicity,1,QLIKE,0.044231703373491811,0.044201724875818797,0.99932223958413091,-2.9978497673015527e-05,5,0.99899949949937417,-0.57982174292538702,0.56203483343168625,NONE,0,0,0,0,True,500,"Synthetic mechanism check — not empirical SPY evidence, trading evidence, or an exact paper replication."
47,no_periodicity,5,MSE,2.0715053999695888e-10,2.0735112180359835e-10,1.0009682900495573,2.005818066394838e-13,5,0.99099949545900379,0.48145729755325051,0.63019152237083831,NONE,0,0,0,0,True,500,"Synthetic mechanism check — not empirical SPY evidence, trading evidence, or an exact paper replication."
47,no_periodicity,5,QLIKE,0.021873200334203945,0.021886892824100706,1.0006259938960715,1.3692489896761196e-05,5,0.99099949545900379,0.35002689309843482,0.72631851499257727,NONE,0,0,0,0,True,500,"Synthetic mechanism check — not empirical SPY evidence, trading evidence, or an exact paper replication."
47,no_periodicity,22,MSE,1.7617819747524203e-10,1.7611486490851585e-10,0.99964051983937974,-6.3332566726186738e-14,21,0.95699947753381764,-0.13574750863105983,0.89202088885063902,NONE,0,0,0,0,True,500,"Synthetic mechanism check — not empirical SPY evidence, trading evidence, or an exact paper replication."
47,no_periodicity,22,QLIKE,0.019570553496703683,0.019564274896280587,0.99967918125442123,-6.2786004230943602e-06,21,0.95699947753381764,-0.14380202744550014,0.885656801847723,NONE,0,0,0,0,True,500,"Synthetic mechanism check — not empirical SPY evidence, trading evidence, or an exact paper replication."
47,u_shaped_periodicity,1,MSE,4.5385959685987097e-10,4.4581600828515417e-10,0.98227736368170204,-8.0435885747168102e-12,5,0.99899949949937417,-1.7784943319980642,0.075322702028506217,NONE,0,0,0,0,True,500,"Synthetic mechanism check — not empirical SPY evidence, trading evidence, or an exact paper replication."
47,u_shaped_periodicity,1,QLIKE,0.046661638400011043,0.046184876731823372,0.98978257762617361,-0.00047676166818766939,5,0.99899949949937417,-1.3060470926384236,0.19153654335958362,NONE,0,0,0,0,True,500,"Synthetic mechanism check — not empirical SPY evidence, trading evidence, or an exact paper replication."
47,u_shaped_periodicity,5,MSE,2.1018451019330094e-10,2.0535114519445388e-10,0.9770041807819142,-4.8333649988470596e-12,5,0.99099949545900379,-1.4884007595559647,0.1366452364095633,NONE,0,0,0,0,True,500,"Synthetic mechanism check — not empirical SPY evidence, trading evidence, or an exact paper replication."
47,u_shaped_periodicity,5,QLIKE,0.022358468705741336,0.02195946835936281,0.98215439743974642,-0.00039900034637852763,5,0.99099949545900379,-1.4198131488289611,0.15566208592636072,NONE,0,0,0,0,True,500,"Synthetic mechanism check — not empirical SPY evidence, trading evidence, or an exact paper replication."
47,u_shaped_periodicity,22,MSE,1.7936540671290667e-10,1.7456366906986849e-10,0.97322929916623291,-4.8017376430381898e-12,21,0.95699947753381764,-1.1349846048175978,0.25638176888943381,NONE,0,0,0,0,True,500,"Synthetic mechanism check — not empirical SPY evidence, trading evidence, or an exact paper replication."
47,u_shaped_periodicity,22,QLIKE,0.020231576854787492,0.019968238171723458,0.9869837786271356,-0.00026333868306403383,21,0.95699947753381764,-0.7485913085924556,0.45410357224255871,NONE,0,0,0,0,True,500,"Synthetic mechanism check — not empirical SPY evidence, trading evidence, or an exact paper replication."
48,no_periodicity,1,MSE,1.5210264773479687e-09,1.5227773457590015e-09,1.0011511097519392,1.7508684110326584e-12,5,0.99899949949937417,0.80343369402684528,0.42172410668886473,NONE,0,0,0,0,True,500,"Synthetic mechanism check — not empirical SPY evidence, trading evidence, or an exact paper replication."
48,no_periodicity,1,QLIKE,0.045583527492873005,0.045621951259960158,1.0008429309709119,3.8423767087146564e-05,5,0.99899949949937417,0.76351333908521979,0.44515731023541588,NONE,0,0,0,0,True,500,"Synthetic mechanism check — not empirical SPY evidence, trading evidence, or an exact paper replication."
48,no_periodicity,5,MSE,7.8090338654255758e-10,7.8202982935871996e-10,1.0014424867859131,1.1264428161624343e-12,5,0.99099949545900379,0.74757019126589741,0.45471945027765459,NONE,0,0,0,0,True,500,"Synthetic mechanism check — not empirical SPY evidence, trading evidence, or an exact paper replication."
48,no_periodicity,5,QLIKE,0.023862769878439626,0.023889117087657123,1.0011041136193206,2.6347209217497002e-05,5,0.99099949545900379,0.6043301466144203,0.54562416729497776,NONE,0,0,0,0,True,500,"Synthetic mechanism check — not empirical SPY evidence, trading evidence, or an exact paper replication."
48,no_periodicity,22,MSE,6.8683420808221673e-10,6.8759227269954723e-10,1.0011037083016689,7.5806461733042786e-13,21,0.95699947753381764,0.47103982014403684,0.63761229902451144,NONE,0,0,0,0,True,500,"Synthetic mechanism check — not empirical SPY evidence, trading evidence, or an exact paper replication."
48,no_periodicity,22,QLIKE,0.021772213221885849,0.021796652499560098,1.0011224985455169,2.443927767424414e-05,21,0.95699947753381764,0.51512083392417163,0.60646858499599832,NONE,0,0,0,0,True,500,"Synthetic mechanism check — not empirical SPY evidence, trading evidence, or an exact paper replication."
48,u_shaped_periodicity,1,MSE,1.6619656121450461e-09,1.6535216103391323e-09,0.99491926803767294,-8.4440018059142349e-12,5,0.99899949949937417,-0.50892756997122623,0.61080299421244999,NONE,0,0,0,0,True,500,"Synthetic mechanism check — not empirical SPY evidence, trading evidence, or an exact paper replication."
48,u_shaped_periodicity,1,QLIKE,0.048542955253544434,0.04841659182510992,0.99739687401035837,-0.00012636342843451231,5,0.99899949949937417,-0.32339662634532984,0.74639488418048971,NONE,0,0,0,0,True,500,"Synthetic mechanism check — not empirical SPY evidence, trading evidence, or an exact paper replication."
48,u_shaped_periodicity,5,MSE,8.2535150125233884e-10,8.1875334326065631e-10,0.99200563883185422,-6.5981579916824403e-12,5,0.99099949545900379,-0.60153026335024629,0.54748686114864831,NONE,0,0,0,0,True,500,"Synthetic mechanism check — not empirical SPY evidence, trading evidence, or an exact paper replication."
48,u_shaped_periodicity,5,QLIKE,0.024463195111441609,0.024378432428068045,0.99653509351548597,-8.4762683373567518e-05,5,0.99099949545900379,-0.25139519073725675,0.80150858558021476,NONE,0,0,0,0,True,500,"Synthetic mechanism check — not empirical SPY evidence, trading evidence, or an exact paper replication."
48,u_shaped_periodicity,22,MSE,6.9474521565253424e-10,6.8757640393260875e-10,0.98968138022628593,-7.1688117199254782e-12,21,0.95699947753381764,-0.69234696100436866,0.48871946543475014,NONE,0,0,0,0,True,500,"Synthetic mechanism check — not empirical SPY evidence, trading evidence, or an exact paper replication."
48,u_shaped_periodicity,22,QLIKE,0.021595576528896671,0.02149971943394563,0.99556126251953603,-9.5857094951043109e-05,21,0.95699947753381764,-0.26901826708899651,0.78791562557905703,NONE,0,0,0,0,True,500,"Synthetic mechanism check — not empirical SPY evidence, trading evidence, or an exact paper replication."
49,no_periodicity,1,MSE,3.0047137696945277e-09,2.9966973691042265e-09,0.99733205849051099,-8.0164005903011635e-12,5,0.99899949949937417,-2.8965626566216369,0.0037727529550614235,HARP,0,0,0,0,True,500,"Synthetic mechanism check — not empirical SPY evidence, trading evidence, or an exact paper replication."
49,no_periodicity,1,QLIKE,0.047917928516276118,0.0477943909154055,0.99742189187438146,-0.00012353760087061838,5,0.99899949949937417,-2.7157677263469067,0.0066122290119256322,HARP,0,0,0,0,True,500,"Synthetic mechanism check — not empirical SPY evidence, trading evidence, or an exact paper replication."
49,no_periodicity,5,MSE,1.4123206716888139e-09,1.4041854786474057e-09,0.99423983999916932,-8.1351930414080777e-12,5,0.99099949545900379,-2.5781570392553608,0.0099328845485523367,HARP,0,0,0,0,True,500,"Synthetic mechanism check — not empirical SPY evidence, trading evidence, or an exact paper replication."
49,no_periodicity,5,QLIKE,0.023023283014354613,0.022862327892891308,0.99300902823620107,-0.00016095512146330649,5,0.99099949545900379,-3.2633130717624468,0.0011011780075850181,HARP,0,0,0,0,True,500,"Synthetic mechanism check — not empirical SPY evidence, trading evidence, or an exact paper replication."
49,no_periodicity,22,MSE,1.0170766140712589e-09,1.0068294002900095e-09,0.98992483590766012,-1.0247213781249117e-11,21,0.95699947753381764,-2.2207098229575344,0.026370621697049845,HARP,0,0,0,0,True,500,"Synthetic mechanism check — not empirical SPY evidence, trading evidence, or an exact paper replication."
49,no_periodicity,22,QLIKE,0.01818354982994505,0.017955605945766662,0.98746428028024513,-0.00022794388417838408,21,0.95699947753381764,-3.0126129303554854,0.0025900904615115718,HARP,0,0,0,0,True,500,"Synthetic mechanism check — not empirical SPY evidence, trading evidence, or an exact paper replication."
49,u_shaped_periodicity,1,MSE,3.0329384745218247e-09,3.0048539146812242e-09,0.99074014851388359,-2.8084559840600497e-11,5,0.99899949949937417,-1.3469572869379134,0.17799398954293513,NONE,0,0,0,0,True,500,"Synthetic mechanism check — not empirical SPY evidence, trading evidence, or an exact paper replication."
49,u_shaped_periodicity,1,QLIKE,0.049649534150882982,0.049079017870067992,0.9885091312421741,-0.00057051628081498332,5,0.99899949949937417,-1.8584226764976799,0.063109014516713371,NONE,0,0,0,0,True,500,"Synthetic mechanism check — not empirical SPY evidence, trading evidence, or an exact paper replication."
49,u_shaped_periodicity,5,MSE,1.3404328369660499e-09,1.3140112895946598e-09,0.98028879430379157,-2.6421547371390174e-11,5,0.99099949545900379,-1.1135032373049714,0.26549235873803007,NONE,0,0,0,0,True,500,"Synthetic mechanism check — not empirical SPY evidence, trading evidence, or an exact paper replication."
49,u_shaped_periodicity,5,QLIKE,0.022284242279170838,0.021837030844655891,0.97993149468972707,-0.00044721143451495005,5,0.99099949545900379,-1.3714497439609281,0.17023479972981034,NONE,0,0,0,0,True,500,"Synthetic mechanism check — not empirical SPY evidence, trading evidence, or an exact paper replication."
49,u_shaped_periodicity,22,MSE,1.0026830128207449e-09,9.6169324752434729e-10,0.95911991649176809,-4.0989765296397585e-11,21,0.95699947753381764,-1.4545933257614057,0.14578187982467553,NONE,0,0,0,0,True,500,"Synthetic mechanism check — not empirical SPY evidence, trading evidence, or an exact paper replication."
49,u_shaped_periodicity,22,QLIKE,0.01825178221298725,0.017441860907835987,0.95562508385756673,-0.00080992130515126484,21,0.95699947753381764,-1.9511480397619967,0.051039437938518104,NONE,0,0,0,0,True,500,"Synthetic mechanism check — not empirical SPY evidence, trading evidence, or an exact paper replication."
50,no_periodicity,1,MSE,1.1673652712419905e-09,1.1673753157624261e-09,1.0000086044365744,1.0044520435653253e-14,5,0.99899949949937417,0.0072271254186854926,0.99423363840695589,NONE,0,0,0,0,True,500,"Synthetic mechanism check — not empirical SPY evidence, trading evidence, or an exact paper replication."
50,no_periodicity,1,QLIKE,0.047050434255154136,0.047011428714790589,0.99917098447695463,-3.900554036355075e-05,5,0.99899949949937417,-0.75634099656604847,0.44944477418400453,NONE,0,0,0,0,True,500,"Synthetic mechanism check — not empirical SPY evidence, trading evidence, or an exact paper replication."
50,no_periodicity,5,MSE,5.1669346762217126e-10,5.1634722221005455e-10,0.99932988235034181,-3.4624541211678015e-13,5,0.99099949545900379,-0.34804961346170493,0.72780292387248846,NONE,0,0,0,0,True,500,"Synthetic mechanism check — not empirical SPY evidence, trading evidence, or an exact paper replication."
50,no_periodicity,5,QLIKE,0.022193698726285283,0.022153574339074066,0.99819208200912923,-4.0124387211216918e-05,5,0.99099949545900379,-1.0871324831194449,0.27697826400981806,NONE,0,0,0,0,True,500,"Synthetic mechanism check — not empirical SPY evidence, trading evidence, or an exact paper replication."
50,no_periodicity,22,MSE,3.9838099889131249e-10,3.9797388075067451e-10,0.99897806837732983,-4.0711814063793285e-13,21,0.95699947753381764,-0.48463095944804596,0.62793814847211249,NONE,0,0,0,0,True,500,"Synthetic mechanism check — not empirical SPY evidence, trading evidence, or an exact paper replication."
50,no_periodicity,22,QLIKE,0.018197447383471826,0.018165124537196566,0.99822377031271881,-3.232284627526294e-05,21,0.95699947753381764,-0.99504615924689377,0.319713814802776,NONE,0,0,0,0,True,500,"Synthetic mechanism check — not empirical SPY evidence, trading evidence, or an exact paper replication."
50,u_shaped_periodicity,1,MSE,1.2499960061259369e-09,1.2402606964247352e-09,0.99221172735473451,-9.7353097012018517e-12,5,0.99899949949937417,-0.99473375290865773,0.31986577374107311,NONE,0,0,0,0,True,500,"Synthetic mechanism check — not empirical SPY evidence, trading evidence, or an exact paper replication."
50,u_shaped_periodicity,1,QLIKE,0.049855533352272385,0.049401918994735526,0.99090142403388437,-0.00045361435753686673,5,0.99899949949937417,-1.2697450105313057,0.20417547406374847,NONE,0,0,0,0,True,500,"Synthetic mechanism check — not empirical SPY evidence, trading evidence, or an exact paper replication."
50,u_shaped_periodicity,5,MSE,5.3881743568924675e-10,5.3056924325672638e-10,0.98469204616222294,-8.2481924325203852e-12,5,0.99099949545900379,-1.1170483409608929,0.26397365657241212,NONE,0,0,0,0,True,500,"Synthetic mechanism check — not empirical SPY evidence, trading evidence, or an exact paper replication."
50,u_shaped_periodicity,5,QLIKE,0.023163546654256052,0.022795029572306585,0.98409064520861034,-0.00036851708194947006,5,0.99099949545900379,-1.1023360228898986,0.27031561405494742,NONE,0,0,0,0,True,500,"Synthetic mechanism check — not empirical SPY evidence, trading evidence, or an exact paper replication."
50,u_shaped_periodicity,22,MSE,4.0987003086458829e-10,4.0186448457413151e-10,0.98046808576472466,-8.0055462904567957e-12,21,0.95699947753381764,-1.1905071250248411,0.23384713125990053,NONE,0,0,0,0,True,500,"Synthetic mechanism check — not empirical SPY evidence, trading evidence, or an exact paper replication."
50,u_shaped_periodicity,22,QLIKE,0.018783294493543087,0.018419311519876646,0.98062198440259973,-0.00036398297366644039,21,0.95699947753381764,-1.2138849459129932,0.22479166229953415,NONE,0,0,0,0,True,500,"Synthetic mechanism check — not empirical SPY evidence, trading evidence, or an exact paper replication."
51,no_periodicity,1,MSE,1.1433005298039001e-09,1.1450284939621331e-09,1.0015113822771773,1.72796415823307e-12,5,0.99899949949937417,1.3838432924381796,0.16640644367524296,NONE,0,0,0,0,True,500,"Synthetic mechanism check — not empirical SPY evidence, trading evidence, or an exact paper replication."
51,no_periodicity,1,QLIKE,0.044046240971754969,0.044112066002731466,1.0014944528641776,6.5825030976497613e-05,5,0.99899949949937417,1.4048578710465232,0.16006354629156319,NONE,0,0,0,0,True,500,"Synthetic mechanism check — not empirical SPY evidence, trading evidence, or an exact paper replication."
51,no_periodicity,5,MSE,5.8327086045900707e-10,5.8416209028735756e-10,1.0015279862046411,8.9122982835046037e-13,5,0.99099949545900379,0.66544347583881114,0.50576688536398551,NONE,0,0,0,0,True,500,"Synthetic mechanism check — not empirical SPY evidence, trading evidence, or an exact paper replication."
51,no_periodicity,5,QLIKE,0.022964123550796894,0.023028271752601946,1.0027934095400226,6.4148201805048105e-05,5,0.99099949545900379,1.6294100590654166,0.10322624075731837,NONE,0,0,0,0,True,500,"Synthetic mechanism check — not empirical SPY evidence, trading evidence, or an exact paper replication."
51,no_periodicity,22,MSE,5.7838013488169942e-10,5.7795077519752007e-10,0.99925765139864775,-4.2935968417930264e-13,21,0.95699947753381764,-0.22899776351128021,0.81887065440444518,NONE,0,0,0,0,True,500,"Synthetic mechanism check — not empirical SPY evidence, trading evidence, or an exact paper replication."
51,no_periodicity,22,QLIKE,0.023277474610925983,0.023289020258292603,1.0004960008574642,1.1545647366620671e-05,21,0.95699947753381764,0.17730347342324326,0.85927002262323482,NONE,0,0,0,0,True,500,"Synthetic mechanism check — not empirical SPY evidence, trading evidence, or an exact paper replication."
51,u_shaped_periodicity,1,MSE,1.1832832075618749e-09,1.1701412414056967e-09,0.98889364264430246,-1.3141966156178335e-11,5,0.99899949949937417,-1.7706036387656998,0.076626636440794857,NONE,0,0,0,0,True,500,"Synthetic mechanism check — not empirical SPY evidence, trading evidence, or an exact paper replication."
51,u_shaped_periodicity,1,QLIKE,0.046153752414072546,0.045565292070773138,0.98724999999956697,-0.00058846034329941425,5,0.99899949949937417,-1.8458629107213502,0.064912113190856408,NONE,0,0,0,0,True,500,"Synthetic mechanism check — not empirical SPY evidence, trading evidence, or an exact paper replication."
51,u_shaped_periodicity,5,MSE,5.9847607610456154e-10,5.7657213895715482e-10,0.96340047994904343,-2.1903937147406753e-11,5,0.99099949545900379,-3.4979564732859099,0.00046883764197456996,HARP,0,0,0,0,True,500,"Synthetic mechanism check — not empirical SPY evidence, trading evidence, or an exact paper replication."
51,u_shaped_periodicity,5,QLIKE,0.023881814788859933,0.02316773639333021,0.97009949194217782,-0.00071407839552972479,5,0.99099949545900379,-3.190476982938669,0.0014203815457337471,HARP,0,0,0,0,True,500,"Synthetic mechanism check — not empirical SPY evidence, trading evidence, or an exact paper replication."
51,u_shaped_periodicity,22,MSE,5.8722730814507163e-10,5.7318237200238805e-10,0.97608262431280901,-1.4044936142683588e-11,21,0.95699947753381764,-1.760445503454007,0.07833229985965233,NONE,0,0,0,0,True,500,"Synthetic mechanism check — not empirical SPY evidence, trading evidence, or an exact paper replication."
51,u_shaped_periodicity,22,QLIKE,0.023558504165508625,0.023155949317253746,0.98291254633881853,-0.00040255484825488399,21,0.95699947753381764,-1.5473657487696852,0.12177507554752008,NONE,0,0,0,0,True,500,"Synthetic mechanism check — not empirical SPY evidence, trading evidence, or an exact paper replication."
52,no_periodicity,1,MSE,8.8053777994717219e-10,8.7977416332551647e-10,0.99913278380661696,-7.6361662165574504e-13,5,0.99899949949937417,-0.97418071489429836,0.32996681836757991,NONE,0,0,0,0,True,500,"Synthetic mechanism check — not empirical SPY evidence, trading evidence, or an exact paper replication."
52,no_periodicity,1,QLIKE,0.046341298896607971,0.04628849217791995,0.99886048255130189,-5.2806718688024114e-05,5,0.99899949949937417,-1.4574774206283738,0.14498463969636219,NONE,0,0,0,0,True,500,"Synthetic mechanism check — not empirical SPY evidence, trading evidence, or an exact paper replication."
52,no_periodicity,5,MSE,3.357601334168897e-10,3.3577493029603901e-10,1.0000440697917252,1.4796879149272603e-14,5,0.99099949545900379,0.027616193783644948,0.97796826581976271,NONE,0,0,0,0,True,500,"Synthetic mechanism check — not empirical SPY evidence, trading evidence, or an exact paper replication."
52,no_periodicity,5,QLIKE,0.018555740062698049,0.018530518909891897,0.99864078971138137,-2.5221152806151448e-05,5,0.99099949545900379,-1.1306933252619196,0.25818419168534279,NONE,0,0,0,0,True,500,"Synthetic mechanism check — not empirical SPY evidence, trading evidence, or an exact paper replication."
52,no_periodicity,22,MSE,2.2051579723186374e-10,2.2116139590395512e-10,1.0029276753874126,6.4559867209139127e-13,21,0.95699947753381764,0.7525938824955678,0.45169399488065237,NONE,0,0,0,0,True,500,"Synthetic mechanism check — not empirical SPY evidence, trading evidence, or an exact paper replication."
52,no_periodicity,22,QLIKE,0.012077580386885015,0.012072913591334271,0.99961359846912623,-4.6667955507442295e-06,21,0.95699947753381764,-0.13818038240352756,0.89009785893123849,NONE,0,0,0,0,True,500,"Synthetic mechanism check — not empirical SPY evidence, trading evidence, or an exact paper replication."
52,u_shaped_periodicity,1,MSE,9.671625390986448e-10,9.5678410694162168e-10,0.98926919546874159,-1.0378432157023158e-11,5,0.99899949949937417,-1.5207048285583402,0.12833392645978517,NONE,0,0,0,0,True,500,"Synthetic mechanism check — not empirical SPY evidence, trading evidence, or an exact paper replication."
52,u_shaped_periodicity,1,QLIKE,0.0510647826963819,0.050612172356631291,0.99113654624867953,-0.00045261033975060004,5,0.99899949949937417,-1.4349093789501097,0.1513129227185461,NONE,0,0,0,0,True,500,"Synthetic mechanism check — not empirical SPY evidence, trading evidence, or an exact paper replication."
52,u_shaped_periodicity,5,MSE,3.5523722463263006e-10,3.5505105963715686e-10,0.99947594175788945,-1.8616499547322312e-13,5,0.99099949545900379,-0.047729247924701311,0.96193202418668111,NONE,0,0,0,0,True,500,"Synthetic mechanism check — not empirical SPY evidence, trading evidence, or an exact paper replication."
52,u_shaped_periodicity,5,QLIKE,0.019950537561891923,0.019759064780321859,0.99040262544424862,-0.00019147278157006698,5,0.99099949545900379,-0.84035153406133456,0.40071131482611516,NONE,0,0,0,0,True,500,"Synthetic mechanism check — not empirical SPY evidence, trading evidence, or an exact paper replication."
52,u_shaped_periodicity,22,MSE,2.3802582597723062e-10,2.3217389614410519e-10,0.97541472733431356,-5.8519298331254319e-12,21,0.95699947753381764,-1.3510226040887274,0.17668819195163385,NONE,0,0,0,0,True,500,"Synthetic mechanism check — not empirical SPY evidence, trading evidence, or an exact paper replication."
52,u_shaped_periodicity,22,QLIKE,0.012990540059745368,0.012484707084386357,0.9610614360116968,-0.00050583297535901209,21,0.95699947753381764,-1.6442280541970715,0.10012910409592667,NONE,0,0,0,0,True,500,"Synthetic mechanism check — not empirical SPY evidence, trading evidence, or an exact paper replication."
53,no_periodicity,1,MSE,2.0528598581214229e-09,2.0583858273990371e-09,1.0026918395114759,5.5259692776142483e-12,5,0.99899949949937417,2.1950293154536422,0.028161494922573672,HAR,0,0,0,0,True,500,"Synthetic mechanism check — not empirical SPY evidence, trading evidence, or an exact paper replication."
53,no_periodicity,1,QLIKE,0.045690806840919869,0.045793041890798164,1.0022375409178972,0.00010223504987829823,5,0.99899949949937417,1.9518432093419951,0.05095682246998421,NONE,0,0,0,0,True,500,"Synthetic mechanism check — not empirical SPY evidence, trading evidence, or an exact paper replication."
53,no_periodicity,5,MSE,1.0994320495410918e-09,1.1070290073562913e-09,1.0069098929928142,7.5969578151993225e-12,5,0.99099949545900379,2.1195611103492293,0.034043075054419975,HAR,0,0,0,0,True,500,"Synthetic mechanism check — not empirical SPY evidence, trading evidence, or an exact paper replication."
53,no_periodicity,5,QLIKE,0.021471744859145998,0.02156565105249347,1.0043734775149151,9.3906193347463425e-05,5,0.99099949545900379,1.6909972972273517,0.090837318856517066,NONE,0,0,0,0,True,500,"Synthetic mechanism check — not empirical SPY evidence, trading evidence, or an exact paper replication."
53,no_periodicity,22,MSE,1.6097331913656106e-09,1.614017495364836e-09,1.0026614994473655,4.2843039992252752e-12,21,0.95699947753381764,0.7603144683098203,0.44706663553816084,NONE,0,0,0,0,True,500,"Synthetic mechanism check — not empirical SPY evidence, trading evidence, or an exact paper replication."
53,no_periodicity,22,QLIKE,0.02668550975280546,0.026697055683644166,1.0004326666773713,1.1545930838707363e-05,21,0.95699947753381764,0.110959572108284,0.911648405488236,NONE,0,0,0,0,True,500,"Synthetic mechanism check — not empirical SPY evidence, trading evidence, or an exact paper replication."
53,u_shaped_periodicity,1,MSE,2.2708485938126442e-09,2.2559997062519539e-09,0.99346108428314028,-1.4848887560690665e-11,5,0.99899949949937417,-0.83000353100438962,0.40653678726814824,NONE,0,0,0,0,True,500,"Synthetic mechanism check — not empirical SPY evidence, trading evidence, or an exact paper replication."
53,u_shaped_periodicity,1,QLIKE,0.049137223387078134,0.04924768138110696,1.0022479494447354,0.00011045799402882173,5,0.99899949949937417,0.31125013038358174,0.75561047575285323,NONE,0,0,0,0,True,500,"Synthetic mechanism check — not empirical SPY evidence, trading evidence, or an exact paper replication."
53,u_shaped_periodicity,5,MSE,1.1966485836871157e-09,1.1730277882635286e-09,0.98026087546035723,-2.3620795423587031e-11,5,0.99099949545900379,-1.0245613467170991,0.30557021073825574,NONE,0,0,0,0,True,500,"Synthetic mechanism check — not empirical SPY evidence, trading evidence, or an exact paper replication."
53,u_shaped_periodicity,5,QLIKE,0.023219869284218313,0.023041571194825351,0.99232131381918909,-0.00017829808939295822,5,0.99099949545900379,-0.55878854259874378,0.57630604274490471,NONE,0,0,0,0,True,500,"Synthetic mechanism check — not empirical SPY evidence, trading evidence, or an exact paper replication."
53,u_shaped_periodicity,22,MSE,1.7183674051170536e-09,1.6728355018556931e-09,0.9735028125383588,-4.5531903261360216e-11,21,0.95699947753381764,-0.92328318010436239,0.35585965088349492,NONE,0,0,0,0,True,500,"Synthetic mechanism check — not empirical SPY evidence, trading evidence, or an exact paper replication."
53,u_shaped_periodicity,22,QLIKE,0.027646479741572881,0.027188692137075053,0.98344137811478982,-0.00045778760449782839,21,0.95699947753381764,-1.0150754256967971,0.31006987474357345,NONE,0,0,0,0,True,500,"Synthetic mechanism check — not empirical SPY evidence, trading evidence, or an exact paper replication."
54,no_periodicity,1,MSE,1.4522759793997934e-09,1.4534105838863385e-09,1.0007812595557863,1.134604486545291e-12,5,0.99899949949937417,0.80571575798334993,0.42040676135152533,NONE,0,0,0,0,True,500,"Synthetic mechanism check — not empirical SPY evidence, trading evidence, or an exact paper replication."
54,no_periodicity,1,QLIKE,0.047347470767468057,0.047348542582382462,1.0000226372158223,1.0718149144044453e-06,5,0.99899949949937417,0.026003319619129224,0.979254690674349,NONE,0,0,0,0,True,500,"Synthetic mechanism check — not empirical SPY evidence, trading evidence, or an exact paper replication."
54,no_periodicity,5,MSE,6.1493382584095415e-10,6.1714103824021655e-10,1.0035893494657639,2.2072123992623435e-12,5,0.99099949545900379,2.0218507072952834,0.043191777428847708,HAR,0,0,0,0,True,500,"Synthetic mechanism check — not empirical SPY evidence, trading evidence, or an exact paper replication."
54,no_periodicity,5,QLIKE,0.021284568020970788,0.021340470381345886,1.002626426823416,5.5902360375095658e-05,5,0.99099949545900379,1.6182745169000288,0.10560344998447745,NONE,0,0,0,0,True,500,"Synthetic mechanism check — not empirical SPY evidence, trading evidence, or an exact paper replication."
54,no_periodicity,22,MSE,4.9260679034027604e-10,4.9454886752720275e-10,1.0039424490790823,1.9420771869267098e-12,21,0.95699947753381764,2.0288210969231026,0.042476515670147721,HAR,0,0,0,0,True,500,"Synthetic mechanism check — not empirical SPY evidence, trading evidence, or an exact paper replication."
54,no_periodicity,22,QLIKE,0.017856579972989266,0.017910832212815152,1.0030382211995774,5.4252239825883119e-05,21,0.95699947753381764,1.7147725020783608,0.086386944913780572,NONE,0,0,0,0,True,500,"Synthetic mechanism check — not empirical SPY evidence, trading evidence, or an exact paper replication."
54,u_shaped_periodicity,1,MSE,1.5058780420920756e-09,1.4869663793821208e-09,0.98744143803061146,-1.8911662709954659e-11,5,0.99899949949937417,-1.8766782838235165,0.060562200743546658,NONE,0,0,0,0,True,500,"Synthetic mechanism check — not empirical SPY evidence, trading evidence, or an exact paper replication."
54,u_shaped_periodicity,1,QLIKE,0.049399547217529642,0.048572784228852084,0.98326375371343122,-0.00082676298867755311,5,0.99899949949937417,-2.682540898732515,0.0073065217171060246,HARP,0,0,0,0,True,500,"Synthetic mechanism check — not empirical SPY evidence, trading evidence, or an exact paper replication."
54,u_shaped_periodicity,5,MSE,6.5342881102938053e-10,6.3805782306079437e-10,0.97647641532002327,-1.537098796858631e-11,5,0.99099949545900379,-2.4217678295921781,0.015445214816320997,HARP,0,0,0,0,True,500,"Synthetic mechanism check — not empirical SPY evidence, trading evidence, or an exact paper replication."
54,u_shaped_periodicity,5,QLIKE,0.022719298002321992,0.022048069535191766,0.9704555806670776,-0.00067122846713022887,5,0.99099949545900379,-2.8727616656705277,0.0040690095780487618,HARP,0,0,0,0,True,500,"Synthetic mechanism check — not empirical SPY evidence, trading evidence, or an exact paper replication."
54,u_shaped_periodicity,22,MSE,5.1259682032805804e-10,4.9404795780576485e-10,0.96381393370637358,-1.8548862522293224e-11,21,0.95699947753381764,-2.47935399018706,0.013162060626220407,HARP,0,0,0,0,True,500,"Synthetic mechanism check — not empirical SPY evidence, trading evidence, or an exact paper replication."
54,u_shaped_periodicity,22,QLIKE,0.018548103273804323,0.017921171074846937,0.96619965989499268,-0.00062693219895738309,21,0.95699947753381764,-2.4562080742571974,0.01404118314744565,HARP,0,0,0,0,True,500,"Synthetic mechanism check — not empirical SPY evidence, trading evidence, or an exact paper replication."
55,no_periodicity,1,MSE,8.6314193342441399e-10,8.6169887414646757e-10,0.99832813211586047,-1.4430592779464132e-12,5,0.99899949949937417,-1.8068070740053492,0.070792365356606324,NONE,0,0,0,0,True,500,"Synthetic mechanism check — not empirical SPY evidence, trading evidence, or an exact paper replication."
55,no_periodicity,1,QLIKE,0.044536709253967674,0.044478860603886929,0.99870110183150562,-5.7848650080740696e-05,5,0.99899949949937417,-1.6034925659964834,0.10882594909269758,NONE,0,0,0,0,True,500,"Synthetic mechanism check — not empirical SPY evidence, trading evidence, or an exact paper replication."
55,no_periodicity,5,MSE,3.5633250853438016e-10,3.5591578803747658e-10,0.99883052910716008,-4.1672049690361644e-13,5,0.99099949545900379,-0.63790830749913863,0.52353336961088548,NONE,0,0,0,0,True,500,"Synthetic mechanism check — not empirical SPY evidence, trading evidence, or an exact paper replication."
55,no_periodicity,5,QLIKE,0.018966342693940059,0.018952337460502795,0.99926157437607943,-1.4005233437264675e-05,5,0.99099949545900379,-0.49465699732985074,0.62084226127962516,NONE,0,0,0,0,True,500,"Synthetic mechanism check — not empirical SPY evidence, trading evidence, or an exact paper replication."
55,no_periodicity,22,MSE,3.1996943046424605e-10,3.2007060429937732e-10,1.0003161984411588,1.0117383513136859e-13,21,0.95699947753381764,0.12457977082566678,0.90085624415659349,NONE,0,0,0,0,True,500,"Synthetic mechanism check — not empirical SPY evidence, trading evidence, or an exact paper replication."
55,no_periodicity,22,QLIKE,0.016853278318374434,0.016855731794404114,1.0001455785624216,2.4534760296828217e-06,21,0.95699947753381764,0.07567006831136848,0.9396815897244164,NONE,0,0,0,0,True,500,"Synthetic mechanism check — not empirical SPY evidence, trading evidence, or an exact paper replication."
55,u_shaped_periodicity,1,MSE,8.9444630363201018e-10,8.9408288572302152e-10,0.99959369510778573,-3.6341790898869038e-13,5,0.99899949949937417,-0.059248083672037259,0.95275451164846281,NONE,0,0,0,0,True,500,"Synthetic mechanism check — not empirical SPY evidence, trading evidence, or an exact paper replication."
55,u_shaped_periodicity,1,QLIKE,0.046997673888815046,0.046954183688196337,0.99907463078445979,-4.3490200618695686e-05,5,0.99899949949937417,-0.13500716265358187,0.89260621120437811,NONE,0,0,0,0,True,500,"Synthetic mechanism check — not empirical SPY evidence, trading evidence, or an exact paper replication."
55,u_shaped_periodicity,5,MSE,3.6620902524273855e-10,3.6211456966647612e-10,0.98881934825732798,-4.0944555762623687e-12,5,0.99099949545900379,-1.0471389167959402,0.29503551265342115,NONE,0,0,0,0,True,500,"Synthetic mechanism check — not empirical SPY evidence, trading evidence, or an exact paper replication."
55,u_shaped_periodicity,5,QLIKE,0.019882918039196135,0.01966508164552952,0.98904404307068083,-0.00021783639366661545,5,0.99099949545900379,-1.0831948405022709,0.27872194937502481,NONE,0,0,0,0,True,500,"Synthetic mechanism check — not empirical SPY evidence, trading evidence, or an exact paper replication."
55,u_shaped_periodicity,22,MSE,3.3379285098677728e-10,3.2927191294900292e-10,0.98645585720482243,-4.5209380377743089e-12,21,0.95699947753381764,-1.1562236496362996,0.24758968872203094,NONE,0,0,0,0,True,500,"Synthetic mechanism check — not empirical SPY evidence, trading evidence, or an exact paper replication."
55,u_shaped_periodicity,22,QLIKE,0.0175316293544539,0.01738285138345453,0.9915137396535495,-0.00014877797099937463,21,0.95699947753381764,-0.84797745691696436,0.39645052542441156,NONE,0,0,0,0,True,500,"Synthetic mechanism check — not empirical SPY evidence, trading evidence, or an exact paper replication."
56,no_periodicity,1,MSE,1.3151782286080728e-09,1.3162345856701558e-09,1.0008032044928246,1.0563570620830013e-12,5,0.99899949949937417,0.92912007041800615,0.3528268641989516,NONE,0,0,0,0,True,500,"Synthetic mechanism check — not empirical SPY evidence, trading evidence, or an exact paper replication."
56,no_periodicity,1,QLIKE,0.046677147801416491,0.04671341246469201,1.0007769254331864,3.6264663275523471e-05,5,0.99899949949937417,0.98161623660781949,0.32628894542769599,NONE,0,0,0,0,True,500,"Synthetic mechanism check — not empirical SPY evidence, trading evidence, or an exact paper replication."
56,no_periodicity,5,MSE,5.5207944480716748e-10,5.5278313097548977e-10,1.0012746103390393,7.0368616832228948e-13,5,0.99099949545900379,0.72606697145913934,0.46779771554264166,NONE,0,0,0,0,True,500,"Synthetic mechanism check — not empirical SPY evidence, trading evidence, or an exact paper replication."
56,no_periodicity,5,QLIKE,0.019511521556610317,0.019546815032215625,1.0018088530667846,3.52934756053096e-05,5,0.99099949545900379,1.0929284513728934,0.27442521522194441,NONE,0,0,0,0,True,500,"Synthetic mechanism check — not empirical SPY evidence, trading evidence, or an exact paper replication."
56,no_periodicity,22,MSE,4.1548906408496759e-10,4.1662017487792914e-10,1.0027223599625963,1.1311107929616343e-12,21,0.95699947753381764,1.2067941703970948,0.22751142168328495,NONE,0,0,0,0,True,500,"Synthetic mechanism check — not empirical SPY evidence, trading evidence, or an exact paper replication."
56,no_periodicity,22,QLIKE,0.013617874374860508,0.013656321396759673,1.0028232762941434,3.8447021899162605e-05,21,0.95699947753381764,1.4027774770634183,0.16068320531287436,NONE,0,0,0,0,True,500,"Synthetic mechanism check — not empirical SPY evidence, trading evidence, or an exact paper replication."
56,u_shaped_periodicity,1,MSE,1.3970547724150868e-09,1.3923338699363794e-09,0.99662081790068524,-4.7209024787074235e-12,5,0.99899949949937417,-0.51261284036274846,0.60822216944005492,NONE,0,0,0,0,True,500,"Synthetic mechanism check — not empirical SPY evidence, trading evidence, or an exact paper replication."
56,u_shaped_periodicity,1,QLIKE,0.050087712476200245,0.049954956834756745,0.99734953674503335,-0.00013275564144350495,5,0.99899949949937417,-0.45528952623860547,0.64890096032181255,NONE,0,0,0,0,True,500,"Synthetic mechanism check — not empirical SPY evidence, trading evidence, or an exact paper replication."
56,u_shaped_periodicity,5,MSE,5.6678492443524316e-10,5.7305607125300725e-10,1.0110644206424735,6.2711468177639906e-12,5,0.99099949545900379,0.7550501546819367,0.45021888932530746,NONE,0,0,0,0,True,500,"Synthetic mechanism check — not empirical SPY evidence, trading evidence, or an exact paper replication."
56,u_shaped_periodicity,5,QLIKE,0.020256743371842537,0.020427939121320564,1.0084512967526653,0.00017119574947802407,5,0.99099949545900379,0.70954088744476584,0.47798888771695947,NONE,0,0,0,0,True,500,"Synthetic mechanism check — not empirical SPY evidence, trading evidence, or an exact paper replication."
56,u_shaped_periodicity,22,MSE,4.1631751047784543e-10,4.1411482238724407e-10,0.9947091149539371,-2.2026880906013246e-12,21,0.95699947753381764,-0.18588918119667994,0.85253166648918344,NONE,0,0,0,0,True,500,"Synthetic mechanism check — not empirical SPY evidence, trading evidence, or an exact paper replication."
56,u_shaped_periodicity,22,QLIKE,0.013824816545852716,0.013760664634550753,0.99535965550868688,-6.4151911301963514e-05,21,0.95699947753381764,-0.14882958599600105,0.88168810437751921,NONE,0,0,0,0,True,500,"Synthetic mechanism check — not empirical SPY evidence, trading evidence, or an exact paper replication."
57,no_periodicity,1,MSE,1.6908300584013776e-09,1.6900764959567932e-09,0.99955432396009281,-7.5356244458430411e-13,5,0.99899949949937417,-0.44701124029056422,0.65486694414640179,NONE,0,0,0,0,True,500,"Synthetic mechanism check — not empirical SPY evidence, trading evidence, or an exact paper replication."
57,no_periodicity,1,QLIKE,0.046522609484128723,0.046502898373388751,0.99957631115368328,-1.9711110739975446e-05,5,0.99899949949937417,-0.48266276649406264,0.62933520454734349,NONE,0,0,0,0,True,500,"Synthetic mechanism check — not empirical SPY evidence, trading evidence, or an exact paper replication."
57,no_periodicity,5,MSE,6.6733914552222333e-10,6.6796918446484217e-10,1.0009441060768671,6.3003894261880033e-13,5,0.99099949545900379,0.48129589848494214,0.63030621169174272,NONE,0,0,0,0,True,500,"Synthetic mechanism check — not empirical SPY evidence, trading evidence, or an exact paper replication."
57,no_periodicity,5,QLIKE,0.019590723185608637,0.019601105972537031,1.0005299848724329,1.0382786928391229e-05,5,0.99099949545900379,0.30528969711403275,0.7601455221415393,NONE,0,0,0,0,True,500,"Synthetic mechanism check — not empirical SPY evidence, trading evidence, or an exact paper replication."
57,no_periodicity,22,MSE,5.2153400928155335e-10,5.2386056289718035e-10,1.0044609815931889,2.3265536156271035e-12,21,0.95699947753381764,1.6015673312508187,0.10925131976396699,NONE,0,0,0,0,True,500,"Synthetic mechanism check — not empirical SPY evidence, trading evidence, or an exact paper replication."
57,no_periodicity,22,QLIKE,0.014672918283621147,0.014726008649033064,1.0036182553726329,5.309036541191814e-05,21,0.95699947753381764,1.5602835329462139,0.11869289303441827,NONE,0,0,0,0,True,500,"Synthetic mechanism check — not empirical SPY evidence, trading evidence, or an exact paper replication."
57,u_shaped_periodicity,1,MSE,1.8708837806681944e-09,1.8676218102858949e-09,0.99825645482845848,-3.2619703822989406e-12,5,0.99899949949937417,-0.23695665131769972,0.81269041982256351,NONE,0,0,0,0,True,500,"Synthetic mechanism check — not empirical SPY evidence, trading evidence, or an exact paper replication."
57,u_shaped_periodicity,1,QLIKE,0.050634763749023828,0.050716795354004293,1.0016200649298388,8.2031604980461914e-05,5,0.99899949949937417,0.22983268696852632,0.8182217840078172,NONE,0,0,0,0,True,500,"Synthetic mechanism check — not empirical SPY evidence, trading evidence, or an exact paper replication."
57,u_shaped_periodicity,5,MSE,7.3873984859976378e-10,7.3254424388400537e-10,0.99161327938718646,-6.1956047157583903e-12,5,0.99099949545900379,-0.61943119490198395,0.535632335988109,NONE,0,0,0,0,True,500,"Synthetic mechanism check — not empirical SPY evidence, trading evidence, or an exact paper replication."
57,u_shaped_periodicity,5,QLIKE,0.021368878264604898,0.021315207863114544,0.99748838470481382,-5.367040149035773e-05,5,0.99099949545900379,-0.2088508648127039,0.83456466240952021,NONE,0,0,0,0,True,500,"Synthetic mechanism check — not empirical SPY evidence, trading evidence, or an exact paper replication."
57,u_shaped_periodicity,22,MSE,5.4773144003614597e-10,5.5304147938750322e-10,1.0096946038938477,5.3100393513573564e-12,21,0.95699947753381764,0.37696377135228781,0.70620052845761727,NONE,0,0,0,0,True,500,"Synthetic mechanism check — not empirical SPY evidence, trading evidence, or an exact paper replication."
57,u_shaped_periodicity,22,QLIKE,0.01535000453278213,0.015580894446157435,1.0150416837260345,0.00023088991337530417,21,0.95699947753381764,0.66210582327182887,0.50790340406813717,NONE,0,0,0,0,True,500,"Synthetic mechanism check — not empirical SPY evidence, trading evidence, or an exact paper replication."
58,no_periodicity,1,MSE,7.8237505429675579e-10,7.8193866719363288e-10,0.99944222773882385,-4.3638710312292277e-13,5,0.99899949949937417,-0.56450508742667982,0.57241043883542708,NONE,0,0,0,0,True,500,"Synthetic mechanism check — not empirical SPY evidence, trading evidence, or an exact paper replication."
58,no_periodicity,1,QLIKE,0.04402920043921172,0.043989019916465547,0.99908741193695649,-4.0180522746178672e-05,5,0.99899949949937417,-0.99850481618943998,0.31803463022618583,NONE,0,0,0,0,True,500,"Synthetic mechanism check — not empirical SPY evidence, trading evidence, or an exact paper replication."
58,no_periodicity,5,MSE,4.0678088317374168e-10,4.059085603314813e-10,0.99785554612238803,-8.7232284226033535e-13,5,0.99099949545900379,-1.2137094846956002,0.22485868121118391,NONE,0,0,0,0,True,500,"Synthetic mechanism check — not empirical SPY evidence, trading evidence, or an exact paper replication."
58,no_periodicity,5,QLIKE,0.02314441558170539,0.023078852484700901,0.9971672174320827,-6.5563097004492474e-05,5,0.99099949545900379,-1.7980151871235648,0.072174601109345121,NONE,0,0,0,0,True,500,"Synthetic mechanism check — not empirical SPY evidence, trading evidence, or an exact paper replication."
58,no_periodicity,22,MSE,2.9236966192277594e-10,2.9101168016052753e-10,0.99535525761011723,-1.3579817622484616e-12,21,0.95699947753381764,-1.4509416618527007,0.14679610555889341,NONE,0,0,0,0,True,500,"Synthetic mechanism check — not empirical SPY evidence, trading evidence, or an exact paper replication."
58,no_periodicity,22,QLIKE,0.016366646154392411,0.016271164286274002,0.99416606999273438,-9.5481868118411754e-05,21,0.95699947753381764,-1.6792706668967516,0.093099305044164513,NONE,0,0,0,0,True,500,"Synthetic mechanism check — not empirical SPY evidence, trading evidence, or an exact paper replication."
58,u_shaped_periodicity,1,MSE,8.4635885640999153e-10,8.3708914991944004e-10,0.98904754594301658,-9.2697064905515093e-12,5,0.99899949949937417,-1.6545733624794217,0.098011070556820235,NONE,0,0,0,0,True,500,"Synthetic mechanism check — not empirical SPY evidence, trading evidence, or an exact paper replication."
58,u_shaped_periodicity,1,QLIKE,0.047784565264494989,0.04716566067576744,0.98704802303208539,-0.00061890458872755302,5,0.99899949949937417,-2.155407986986055,0.03112992190882076,HARP,0,0,0,0,True,500,"Synthetic mechanism check — not empirical SPY evidence, trading evidence, or an exact paper replication."
58,u_shaped_periodicity,5,MSE,4.2260033746179669e-10,4.0869502190054578e-10,0.96709582475781164,-1.3905315561250899e-11,5,0.99099949545900379,-2.5097653322448918,0.012081141659974762,HARP,0,0,0,0,True,500,"Synthetic mechanism check — not empirical SPY evidence, trading evidence, or an exact paper replication."
58,u_shaped_periodicity,5,QLIKE,0.023712429879178445,0.02301255798788715,0.97048502009885362,-0.00069987189129129264,5,0.99099949545900379,-2.6891539859591176,0.0071633367019824463,HARP,0,0,0,0,True,500,"Synthetic mechanism check — not empirical SPY evidence, trading evidence, or an exact paper replication."
58,u_shaped_periodicity,22,MSE,3.1237043392505522e-10,2.9728752233354597e-10,0.95171466325417986,-1.5082911591509248e-11,21,0.95699947753381764,-2.4296273889180107,0.015114352412440104,HARP,0,0,0,0,True,500,"Synthetic mechanism check — not empirical SPY evidence, trading evidence, or an exact paper replication."
58,u_shaped_periodicity,22,QLIKE,0.017139950646137977,0.016278175149558764,0.94972123815459231,-0.0008617754965792126,21,0.95699947753381764,-2.2888977368029182,0.022085294797528902,HARP,0,0,0,0,True,500,"Synthetic mechanism check — not empirical SPY evidence, trading evidence, or an exact paper replication."
59,no_periodicity,1,MSE,1.3312754142668309e-09,1.3329959371988736e-09,1.0012923869197947,1.720522932042616e-12,5,0.99899949949937417,1.034257177558352,0.30101595032428691,NONE,0,0,0,0,True,500,"Synthetic mechanism check — not empirical SPY evidence, trading evidence, or an exact paper replication."
59,no_periodicity,1,QLIKE,0.046328874987853368,0.046386760315268102,1.0012494438388566,5.7885327414736401e-05,5,0.99899949949937417,1.3796190972671014,0.16770395430241111,NONE,0,0,0,0,True,500,"Synthetic mechanism check — not empirical SPY evidence, trading evidence, or an exact paper replication."
59,no_periodicity,5,MSE,6.6844635706352043e-10,6.7058377049252155e-10,1.003197584078984,2.1374134290011649e-12,5,0.99099949545900379,1.8561179393982072,0.06343674926382685,NONE,0,0,0,0,True,500,"Synthetic mechanism check — not empirical SPY evidence, trading evidence, or an exact paper replication."
59,no_periodicity,5,QLIKE,0.02285917903695699,0.022923957983081458,1.0028338264475614,6.4778946124466772e-05,5,0.99099949545900379,2.2885984277922415,0.022102695338417813,HAR,0,0,0,0,True,500,"Synthetic mechanism check — not empirical SPY evidence, trading evidence, or an exact paper replication."
59,no_periodicity,22,MSE,6.5974420422927018e-10,6.610017053086174e-10,1.0019060433896745,1.257501079347191e-12,21,0.95699947753381764,0.86896036263275356,0.38486881136545958,NONE,0,0,0,0,True,500,"Synthetic mechanism check — not empirical SPY evidence, trading evidence, or an exact paper replication."
59,no_periodicity,22,QLIKE,0.022917020216083488,0.022943787378328629,1.0011680036057373,2.676716224514175e-05,21,0.95699947753381764,0.65841989391836353,0.51026835553357019,NONE,0,0,0,0,True,500,"Synthetic mechanism check — not empirical SPY evidence, trading evidence, or an exact paper replication."
59,u_shaped_periodicity,1,MSE,1.4711977372036369e-09,1.4532815708098201e-09,0.98782205413945867,-1.791616639381694e-11,5,0.99899949949937417,-1.0137602570230637,0.31069716356599997,NONE,0,0,0,0,True,500,"Synthetic mechanism check — not empirical SPY evidence, trading evidence, or an exact paper replication."
59,u_shaped_periodicity,1,QLIKE,0.048977919998650775,0.048534410262798318,0.99094470047187233,-0.00044350973585246487,5,0.99899949949937417,-1.1314299739212446,0.257874161555043,NONE,0,0,0,0,True,500,"Synthetic mechanism check — not empirical SPY evidence, trading evidence, or an exact paper replication."
59,u_shaped_periodicity,5,MSE,6.9989731840150861e-10,6.7349762252398711e-10,0.96228061576544455,-2.6399695877521512e-11,5,0.99099949545900379,-1.2771790616563314,0.20153903741986562,NONE,0,0,0,0,True,500,"Synthetic mechanism check — not empirical SPY evidence, trading evidence, or an exact paper replication."
59,u_shaped_periodicity,5,QLIKE,0.023342809789279512,0.022633164575065527,0.96959898055889149,-0.00070964521421398223,5,0.99099949545900379,-1.7629814176485907,0.077903623798053753,NONE,0,0,0,0,True,500,"Synthetic mechanism check — not empirical SPY evidence, trading evidence, or an exact paper replication."
59,u_shaped_periodicity,22,MSE,6.5179402208856684e-10,6.3389738153626792e-10,0.97254249050190411,-1.7896640552298915e-11,21,0.95699947753381764,-0.47582254375425626,0.63420080767009179,NONE,0,0,0,0,True,500,"Synthetic mechanism check — not empirical SPY evidence, trading evidence, or an exact paper replication."
59,u_shaped_periodicity,22,QLIKE,0.022076967765948866,0.021779895915332807,0.98654381100858157,-0.00029707185061606103,21,0.95699947753381764,-0.44433451113908251,0.65680075353745393,NONE,0,0,0,0,True,500,"Synthetic mechanism check — not empirical SPY evidence, trading evidence, or an exact paper replication."
60,no_periodicity,1,MSE,1.5080576217759632e-09,1.5111154068504596e-09,1.0020276314580709,3.0577850744962087e-12,5,0.99899949949937417,1.7723306636379683,0.076339684008977449,NONE,0,0,0,0,True,500,"Synthetic mechanism check — not empirical SPY evidence, trading evidence, or an exact paper replication."
60,no_periodicity,1,QLIKE,0.051888363408373162,0.051931535017944869,1.0008320094667842,4.3171609571714066e-05,5,0.99899949949937417,0.96348928595181271,0.33530203832555244,NONE,0,0,0,0,True,500,"Synthetic mechanism check — not empirical SPY evidence, trading evidence, or an exact paper replication."
60,no_periodicity,5,MSE,7.0960411559279675e-10,7.1023762056327636e-10,1.0008927583092586,6.3350497047958318e-13,5,0.99099949545900379,0.75316238028529026,0.45135234265814217,NONE,0,0,0,0,True,500,"Synthetic mechanism check — not empirical SPY evidence, trading evidence, or an exact paper replication."
60,no_periodicity,5,QLIKE,0.02434173774508059,0.024337365938912385,0.99982039876470663,-4.3718061682072043e-06,5,0.99099949545900379,-0.14090701148297419,0.88794340305349961,NONE,0,0,0,0,True,500,"Synthetic mechanism check — not empirical SPY evidence, trading evidence, or an exact paper replication."
60,no_periodicity,22,MSE,5.1703795836301155e-10,5.1644914477240997e-10,0.99886117918215167,-5.8881359060163825e-13,21,0.95699947753381764,-0.67832558976808732,0.49756527702709369,NONE,0,0,0,0,True,500,"Synthetic mechanism check — not empirical SPY evidence, trading evidence, or an exact paper replication."
60,no_periodicity,22,QLIKE,0.017531586544476965,0.017493956388486772,0.99785357954371512,-3.7630155990189262e-05,21,0.95699947753381764,-1.0346734873136036,0.30082142176765569,NONE,0,0,0,0,True,500,"Synthetic mechanism check — not empirical SPY evidence, trading evidence, or an exact paper replication."
60,u_shaped_periodicity,1,MSE,1.6962736199305313e-09,1.6805158623252325e-09,0.99071036805610158,-1.5757757605298877e-11,5,0.99899949949937417,-0.90393014499040858,0.36603244344926938,NONE,0,0,0,0,True,500,"Synthetic mechanism check — not empirical SPY evidence, trading evidence, or an exact paper replication."
60,u_shaped_periodicity,1,QLIKE,0.054757514420138605,0.05441286371378893,0.99370587379651187,-0.00034465070634967797,5,0.99899949949937417,-0.81049636025277771,0.41765495609858977,NONE,0,0,0,0,True,500,"Synthetic mechanism check — not empirical SPY evidence, trading evidence, or an exact paper replication."
60,u_shaped_periodicity,5,MSE,7.4260844893154166e-10,7.4959267551080731e-10,1.0094049920780117,6.984226579265638e-12,5,0.99099949545900379,0.58374870063611206,0.55938939659626108,NONE,0,0,0,0,True,500,"Synthetic mechanism check — not empirical SPY evidence, trading evidence, or an exact paper replication."
60,u_shaped_periodicity,5,QLIKE,0.024344095733690126,0.024614800341592372,1.0111199286621115,0.00027070460790224658,5,0.99099949545900379,0.7930791901528168,0.42773168626676678,NONE,0,0,0,0,True,500,"Synthetic mechanism check — not empirical SPY evidence, trading evidence, or an exact paper replication."
60,u_shaped_periodicity,22,MSE,5.4649650727678482e-10,5.5317673184326814e-10,1.0122237278327197,6.6802245664832573e-12,21,0.95699947753381764,0.5946367997854981,0.55208627592749848,NONE,0,0,0,0,True,500,"Synthetic mechanism check — not empirical SPY evidence, trading evidence, or an exact paper replication."
60,u_shaped_periodicity,22,QLIKE,0.017811279350761506,0.017999690700973368,1.0105782042098961,0.0001884113502118625,21,0.95699947753381764,0.52380530069177333,0.60041396622160859,NONE,0,0,0,0,True,500,"Synthetic mechanism check — not empirical SPY evidence, trading evidence, or an exact paper replication."
61,no_periodicity,1,MSE,1.6822924786950011e-09,1.684732886610044e-09,1.0014506442523812,2.4404079150425526e-12,5,0.99899949949937417,1.3065995697117778,0.19134874285193709,NONE,0,0,0,0,True,500,"Synthetic mechanism check — not empirical SPY evidence, trading evidence, or an exact paper replication."
61,no_periodicity,1,QLIKE,0.044115225847903963,0.044175886106373213,1.0013750413219777,6.0660258469242833e-05,5,0.99899949949937417,1.4794429816063988,0.13902195978646339,NONE,0,0,0,0,True,500,"Synthetic mechanism check — not empirical SPY evidence, trading evidence, or an exact paper replication."
61,no_periodicity,5,MSE,7.1144372188778922e-10,7.1212060823606831e-10,1.0009514264128763,6.7688634827911129e-13,5,0.99099949545900379,0.58432584602503557,0.55900110636507039,NONE,0,0,0,0,True,500,"Synthetic mechanism check — not empirical SPY evidence, trading evidence, or an exact paper replication."
61,no_periodicity,5,QLIKE,0.020834235978612541,0.020867831513183759,1.0016125157939895,3.3595534571221998e-05,5,0.99099949545900379,1.1420446143897525,0.25343547547181022,NONE,0,0,0,0,True,500,"Synthetic mechanism check — not empirical SPY evidence, trading evidence, or an exact paper replication."
61,no_periodicity,22,MSE,5.585912595909579e-10,5.6043153538659693e-10,1.0032944944340636,1.8402757956390431e-12,21,0.95699947753381764,1.0441490385793222,0.29641644056712219,NONE,0,0,0,0,True,500,"Synthetic mechanism check — not empirical SPY evidence, trading evidence, or an exact paper replication."
61,no_periodicity,22,QLIKE,0.017887082801990396,0.017981976731357534,1.0053051652087492,9.4893929367137367e-05,21,0.95699947753381764,1.9360286458913045,0.052864192627996694,NONE,0,0,0,0,True,500,"Synthetic mechanism check — not empirical SPY evidence, trading evidence, or an exact paper replication."
61,u_shaped_periodicity,1,MSE,1.8296975264414615e-09,1.8260174922621713e-09,0.99798871992440885,-3.6800341792899235e-12,5,0.99899949949937417,-0.37962644313347838,0.7042227289876738,NONE,0,0,0,0,True,500,"Synthetic mechanism check — not empirical SPY evidence, trading evidence, or an exact paper replication."
61,u_shaped_periodicity,1,QLIKE,0.047563256639267297,0.047437992388535306,0.99736636514017474,-0.00012526425073198765,5,0.99899949949937417,-0.51748636244082669,0.60481668647564568,NONE,0,0,0,0,True,500,"Synthetic mechanism check — not empirical SPY evidence, trading evidence, or an exact paper replication."
61,u_shaped_periodicity,5,MSE,7.7147755567453371e-10,7.7070454302316543e-10,0.99899801018748702,-7.7301265136827838e-13,5,0.99099949545900379,-0.12009026640282509,0.90441164287430287,NONE,0,0,0,0,True,500,"Synthetic mechanism check — not empirical SPY evidence, trading evidence, or an exact paper replication."
61,u_shaped_periodicity,5,QLIKE,0.022303728936845034,0.022277265284954658,0.99881348755782906,-2.6463651890373365e-05,5,0.99099949545900379,-0.13670650987139743,0.89126278371380618,NONE,0,0,0,0,True,500,"Synthetic mechanism check — not empirical SPY evidence, trading evidence, or an exact paper replication."
61,u_shaped_periodicity,22,MSE,5.7435338274008918e-10,5.996837869928014e-10,1.0441024724741195,2.5330404252712284e-11,21,0.95699947753381764,1.9180191924986447,0.055108577606500765,NONE,0,0,0,0,True,500,"Synthetic mechanism check — not empirical SPY evidence, trading evidence, or an exact paper replication."
61,u_shaped_periodicity,22,QLIKE,0.018766650635129459,0.019285938509783072,1.027670780724268,0.00051928787465361386,21,0.95699947753381764,1.9303498483003296,0.053563504485193508,NONE,0,0,0,0,True,500,"Synthetic mechanism check — not empirical SPY evidence, trading evidence, or an exact paper replication."
62,no_periodicity,1,MSE,1.2037087258097858e-09,1.2041391967083341e-09,1.0003576204851874,4.3047089854840672e-13,5,0.99899949949937417,0.39525241990247717,0.69265660995709111,NONE,0,0,0,0,True,500,"Synthetic mechanism check — not empirical SPY evidence, trading evidence, or an exact paper replication."
62,no_periodicity,1,QLIKE,0.045456189989073116,0.045440346853183607,0.99965146362039325,-1.5843135889515468e-05,5,0.99899949949937417,-0.33725425010660737,0.73592524455317498,NONE,0,0,0,0,True,500,"Synthetic mechanism check — not empirical SPY evidence, trading evidence, or an exact paper replication."
62,no_periodicity,5,MSE,5.3398819905408441e-10,5.3242426932389845e-10,0.99707122791672864,-1.563929730185901e-12,5,0.99099949545900379,-1.4499480951575094,0.14707299400716375,NONE,0,0,0,0,True,500,"Synthetic mechanism check — not empirical SPY evidence, trading evidence, or an exact paper replication."
62,no_periodicity,5,QLIKE,0.021568091501529545,0.021486665622139862,0.99622470632675553,-8.1425879389682263e-05,5,0.99099949545900379,-1.7393028510673716,0.081981506097961274,NONE,0,0,0,0,True,500,"Synthetic mechanism check — not empirical SPY evidence, trading evidence, or an exact paper replication."
62,no_periodicity,22,MSE,4.7104892893989187e-10,4.7051500353356555e-10,0.99886651816080352,-5.3392540632628227e-13,21,0.95699947753381764,-0.37690337679533559,0.70624541186461309,NONE,0,0,0,0,True,500,"Synthetic mechanism check — not empirical SPY evidence, trading evidence, or an exact paper replication."
62,no_periodicity,22,QLIKE,0.019324162692410531,0.019287209445442599,0.99808771807833907,-3.6953246967934117e-05,21,0.95699947753381764,-0.61682825033273359,0.53734801619960271,NONE,0,0,0,0,True,500,"Synthetic mechanism check — not empirical SPY evidence, trading evidence, or an exact paper replication."
62,u_shaped_periodicity,1,MSE,1.2226301786921655e-09,1.2045008258052297e-09,0.98517184247298017,-1.8129352886935714e-11,5,0.99899949949937417,-1.6012362501809294,0.10932460272131478,NONE,0,0,0,0,True,500,"Synthetic mechanism check — not empirical SPY evidence, trading evidence, or an exact paper replication."
62,u_shaped_periodicity,1,QLIKE,0.047154422287214129,0.046341703426581331,0.9827647371929914,-0.00081271886063279954,5,0.99899949949937417,-1.9333223054994479,0.053196505688740327,NONE,0,0,0,0,True,500,"Synthetic mechanism check — not empirical SPY evidence, trading evidence, or an exact paper replication."
62,u_shaped_periodicity,5,MSE,5.2647538511508858e-10,5.244640140765317e-10,0.99617955350729803,-2.0113710385570588e-12,5,0.99099949545900379,-0.27225164727008955,0.78542853225378562,NONE,0,0,0,0,True,500,"Synthetic mechanism check — not empirical SPY evidence, trading evidence, or an exact paper replication."
62,u_shaped_periodicity,5,QLIKE,0.021651967744849222,0.021421113844999558,0.989337971376547,-0.00023085389984966521,5,0.99099949545900379,-0.72548683529447389,0.46815341829850149,NONE,0,0,0,0,True,500,"Synthetic mechanism check — not empirical SPY evidence, trading evidence, or an exact paper replication."
62,u_shaped_periodicity,22,MSE,4.7837770440907672e-10,4.7523013931986803e-10,0.99342033489395842,-3.1475650892088696e-12,21,0.95699947753381764,-0.38782322777124928,0.69814685499825146,NONE,0,0,0,0,True,500,"Synthetic mechanism check — not empirical SPY evidence, trading evidence, or an exact paper replication."
62,u_shaped_periodicity,22,QLIKE,0.01967691881400814,0.019419713409826417,0.98692857318704719,-0.00025720540418171825,21,0.95699947753381764,-0.67263726879805341,0.5011780855493897,NONE,0,0,0,0,True,500,"Synthetic mechanism check — not empirical SPY evidence, trading evidence, or an exact paper replication."
63,no_periodicity,1,MSE,1.1837176964254151e-09,1.1837323570679989e-09,1.0000123852525211,1.4660642583803681e-14,5,0.99899949949937417,0.013066319029275268,0.98957488242531022,NONE,0,0,0,0,True,500,"Synthetic mechanism check — not empirical SPY evidence, trading evidence, or an exact paper replication."
63,no_periodicity,1,QLIKE,0.049830010039656016,0.04980685293833665,0.99953527801216702,-2.315710131937143e-05,5,0.99899949949937417,-0.59063413031117473,0.55476559135434322,NONE,0,0,0,0,True,500,"Synthetic mechanism check — not empirical SPY evidence, trading evidence, or an exact paper replication."
63,no_periodicity,5,MSE,4.6025015743590127e-10,4.5965943196152196e-10,0.99871651217314017,-5.9072547437929714e-13,5,0.99099949545900379,-0.73100872281272877,0.4647738249864482,NONE,0,0,0,0,True,500,"Synthetic mechanism check — not empirical SPY evidence, trading evidence, or an exact paper replication."
63,no_periodicity,5,QLIKE,0.021201044259145058,0.02118888856036549,0.9994266462240734,-1.2155698779561685e-05,5,0.99099949545900379,-0.38723605930317473,0.69858145705482277,NONE,0,0,0,0,True,500,"Synthetic mechanism check — not empirical SPY evidence, trading evidence, or an exact paper replication."
63,no_periodicity,22,MSE,3.3441897974232954e-10,3.3460500176382209e-10,1.0005562543777744,1.860220214924784e-13,21,0.95699947753381764,0.26595022200138307,0.7902775458260265,NONE,0,0,0,0,True,500,"Synthetic mechanism check — not empirical SPY evidence, trading evidence, or an exact paper replication."
63,no_periodicity,22,QLIKE,0.01622506380700544,0.016234138434504393,1.0005592968759256,9.0746274989506055e-06,21,0.95699947753381764,0.31484210023246051,0.75288154468105417,NONE,0,0,0,0,True,500,"Synthetic mechanism check — not empirical SPY evidence, trading evidence, or an exact paper replication."
63,u_shaped_periodicity,1,MSE,1.3266932246425549e-09,1.3144807951570321e-09,0.99079483541584146,-1.2212429485522784e-11,5,0.99899949949937417,-1.2779095602596595,0.2012813167695964,NONE,0,0,0,0,True,500,"Synthetic mechanism check — not empirical SPY evidence, trading evidence, or an exact paper replication."
63,u_shaped_periodicity,1,QLIKE,0.055000679370779633,0.054234060190968346,0.98606164162731103,-0.00076661917981129559,5,0.99899949949937417,-2.1413247347911204,0.032247859799195519,HARP,0,0,0,0,True,500,"Synthetic mechanism check — not empirical SPY evidence, trading evidence, or an exact paper replication."
63,u_shaped_periodicity,5,MSE,4.8477946164203316e-10,4.71638913837367e-10,0.97289376129888672,-1.3140547804666168e-11,5,0.99099949545900379,-1.8605247932596858,0.062811314027165971,NONE,0,0,0,0,True,500,"Synthetic mechanism check — not empirical SPY evidence, trading evidence, or an exact paper replication."
63,u_shaped_periodicity,5,QLIKE,0.022325759735753119,0.021610357416450923,0.96795619375243347,-0.00071540231930219771,5,0.99099949545900379,-2.3283015089465513,0.019896099240244301,HARP,0,0,0,0,True,500,"Synthetic mechanism check — not empirical SPY evidence, trading evidence, or an exact paper replication."
63,u_shaped_periodicity,22,MSE,3.2920784035565963e-10,3.2208952888623837e-10,0.97837745461429171,-7.118311469421249e-12,21,0.95699947753381764,-1.3851320386865988,0.1660120968508465,NONE,0,0,0,0,True,500,"Synthetic mechanism check — not empirical SPY evidence, trading evidence, or an exact paper replication."
63,u_shaped_periodicity,22,QLIKE,0.01593005911044754,0.01544983471648095,0.96985419886787239,-0.00048022439396658756,21,0.95699947753381764,-1.7006729666996876,0.089004414113282179,NONE,0,0,0,0,True,500,"Synthetic mechanism check — not empirical SPY evidence, trading evidence, or an exact paper replication."
64,no_periodicity,1,MSE,1.0836090486974929e-09,1.0825830667451363e-09,0.99905318070794091,-1.0259819523562304e-12,5,0.99899949949937417,-0.93468164472275794,0.34995238908031961,NONE,0,0,0,0,True,500,"Synthetic mechanism check — not empirical SPY evidence, trading evidence, or an exact paper replication."
64,no_periodicity,1,QLIKE,0.047917840073846495,0.047884693059923364,0.99930825317101002,-3.3147013923125354e-05,5,0.99899949949937417,-0.86040057106273504,0.3895682711502465,NONE,0,0,0,0,True,500,"Synthetic mechanism check — not empirical SPY evidence, trading evidence, or an exact paper replication."
64,no_periodicity,5,MSE,4.3787564805136007e-10,4.3684681902681461e-10,0.99765040821720974,-1.0288290245454348e-12,5,0.99099949545900379,-1.0876299357854369,0.27675850970846133,NONE,0,0,0,0,True,500,"Synthetic mechanism check — not empirical SPY evidence, trading evidence, or an exact paper replication."
64,no_periodicity,5,QLIKE,0.021916798820358744,0.02187584180979495,0.99813125032996386,-4.0957010563789089e-05,5,0.99099949545900379,-1.2039089332951685,0.22862477860317745,NONE,0,0,0,0,True,500,"Synthetic mechanism check — not empirical SPY evidence, trading evidence, or an exact paper replication."
64,no_periodicity,22,MSE,4.7003995139586847e-10,4.7204458619421193e-10,1.0042648178998197,2.0046347983433907e-12,21,0.95699947753381764,1.3169019283726919,0.18787150003437142,NONE,0,0,0,0,True,500,"Synthetic mechanism check — not empirical SPY evidence, trading evidence, or an exact paper replication."
64,no_periodicity,22,QLIKE,0.024926251089177561,0.02498638412438425,1.0024124379952506,6.0133035206691778e-05,21,0.95699947753381764,1.1245386503890549,0.26078458342528132,NONE,0,0,0,0,True,500,"Synthetic mechanism check — not empirical SPY evidence, trading evidence, or an exact paper replication."
64,u_shaped_periodicity,1,MSE,1.1488054680052086e-09,1.1421741103803992e-09,0.99422760614438566,-6.6313576248093478e-12,5,0.99899949949937417,-0.56373905776271926,0.57293173204674064,NONE,0,0,0,0,True,500,"Synthetic mechanism check — not empirical SPY evidence, trading evidence, or an exact paper replication."
64,u_shaped_periodicity,1,QLIKE,0.050770567416027819,0.050129894046543423,0.98738100828705455,-0.00064067336948440089,5,0.99899949949937417,-1.5827502260866575,0.11347840552373635,NONE,0,0,0,0,True,500,"Synthetic mechanism check — not empirical SPY evidence, trading evidence, or an exact paper replication."
64,u_shaped_periodicity,5,MSE,4.7610186369425784e-10,4.637440006311713e-10,0.97404365744927546,-1.2357863063086528e-11,5,0.99099949545900379,-1.8842996501643188,0.059524454724790683,NONE,0,0,0,0,True,500,"Synthetic mechanism check — not empirical SPY evidence, trading evidence, or an exact paper replication."
64,u_shaped_periodicity,5,QLIKE,0.022963924893164463,0.022150160661980153,0.9645633647135583,-0.00081376423118431293,5,0.99099949545900379,-2.4778131329608093,0.01321903577014809,HARP,0,0,0,0,True,500,"Synthetic mechanism check — not empirical SPY evidence, trading evidence, or an exact paper replication."
64,u_shaped_periodicity,22,MSE,5.0393784103755695e-10,4.7957061700755244e-10,0.95164636975894712,-2.4367224030004457e-11,21,0.95699947753381764,-2.4853989058635597,0.012940633639124578,HARP,0,0,0,0,True,500,"Synthetic mechanism check — not empirical SPY evidence, trading evidence, or an exact paper replication."
64,u_shaped_periodicity,22,QLIKE,0.025817319635541756,0.024721097838293276,0.95753928708620273,-0.0010962217972484841,21,0.95699947753381764,-2.343771686195526,0.019089853164793565,HARP,0,0,0,0,True,500,"Synthetic mechanism check — not empirical SPY evidence, trading evidence, or an exact paper replication."
65,no_periodicity,1,MSE,6.7260256165029456e-10,6.7244734061451406e-10,0.99976922324619211,-1.5522103578051932e-13,5,0.99899949949937417,-0.19374905649324661,0.84637237804949683,NONE,0,0,0,0,True,500,"Synthetic mechanism check — not empirical SPY evidence, trading evidence, or an exact paper replication."
65,no_periodicity,1,QLIKE,0.045662847706034244,0.045618142042972626,0.99902096200067458,-4.4705663061619824e-05,5,0.99899949949937417,-1.0703596847329253,0.2844574386208138,NONE,0,0,0,0,True,500,"Synthetic mechanism check — not empirical SPY evidence, trading evidence, or an exact paper replication."
65,no_periodicity,5,MSE,2.6868976765892805e-10,2.6784275357713866e-10,0.99684761318166537,-8.470140817894634e-13,5,0.99099949545900379,-1.2550389399253008,0.20946462443149078,NONE,0,0,0,0,True,500,"Synthetic mechanism check — not empirical SPY evidence, trading evidence, or an exact paper replication."
65,no_periodicity,5,QLIKE,0.017606730187469888,0.01756308117365897,0.99752089040121827,-4.3649013810917567e-05,5,0.99099949545900379,-1.289130561073353,0.19735270051420115,NONE,0,0,0,0,True,500,"Synthetic mechanism check — not empirical SPY evidence, trading evidence, or an exact paper replication."
65,no_periodicity,22,MSE,1.9168378574258727e-10,1.9068457643970252e-10,0.99478719966316509,-9.99209302884779e-13,21,0.95699947753381764,-1.5366647479940505,0.1243754279510548,NONE,0,0,0,0,True,500,"Synthetic mechanism check — not empirical SPY evidence, trading evidence, or an exact paper replication."
65,no_periodicity,22,QLIKE,0.014321443604312449,0.014271506993336501,0.99651315800587936,-4.9936610975948258e-05,21,0.95699947753381764,-1.4787431798107804,0.13920896708519126,NONE,0,0,0,0,True,500,"Synthetic mechanism check — not empirical SPY evidence, trading evidence, or an exact paper replication."
65,u_shaped_periodicity,1,MSE,7.3042195168083467e-10,7.261007533290064e-10,0.99408396976311519,-4.3211983518281342e-12,5,0.99899949949937417,-0.91805037705908377,0.35859249236751972,NONE,0,0,0,0,True,500,"Synthetic mechanism check — not empirical SPY evidence, trading evidence, or an exact paper replication."
65,u_shaped_periodicity,1,QLIKE,0.049492776631991316,0.049062873303563632,0.99131381672876684,-0.00042990332842768233,5,0.99899949949937417,-1.7094362826544756,0.08737016493539114,NONE,0,0,0,0,True,500,"Synthetic mechanism check — not empirical SPY evidence, trading evidence, or an exact paper replication."
65,u_shaped_periodicity,5,MSE,2.7149738188374803e-10,2.7309876741378416e-10,1.0058983461237274,1.6013855300361425e-12,5,0.99099949545900379,0.4031666126628704,0.68682565939285978,NONE,0,0,0,0,True,500,"Synthetic mechanism check — not empirical SPY evidence, trading evidence, or an exact paper replication."
65,u_shaped_periodicity,5,QLIKE,0.017760699658569811,0.017879328631231421,1.0066792961393483,0.00011862897266160788,5,0.99099949545900379,0.63689242210135111,0.52419491912605942,NONE,0,0,0,0,True,500,"Synthetic mechanism check — not empirical SPY evidence, trading evidence, or an exact paper replication."
65,u_shaped_periodicity,22,MSE,1.8758714419325085e-10,1.8623613455052321e-10,0.99279796252276309,-1.351009642727662e-12,21,0.95699947753381764,-0.49786924771040214,0.61857620380870038,NONE,0,0,0,0,True,500,"Synthetic mechanism check — not empirical SPY evidence, trading evidence, or an exact paper replication."
65,u_shaped_periodicity,22,QLIKE,0.014247352313667465,0.014114799859922268,0.99069634477852841,-0.00013255245374519653,21,0.95699947753381764,-0.78738069115699094,0.43105904649638588,NONE,0,0,0,0,True,500,"Synthetic mechanism check — not empirical SPY evidence, trading evidence, or an exact paper replication."
66,no_periodicity,1,MSE,1.4162187591375868e-09,1.4163534658942174e-09,1.0000951171955332,1.347067566306876e-13,5,0.99899949949937417,0.073449254815189893,0.94144862373344185,NONE,0,0,0,0,True,500,"Synthetic mechanism check — not empirical SPY evidence, trading evidence, or an exact paper replication."
66,no_periodicity,1,QLIKE,0.049646026859805202,0.049672194713250163,1.000527088572845,2.6167853444964085e-05,5,0.99899949949937417,0.51977385679744637,0.60322120278628188,NONE,0,0,0,0,True,500,"Synthetic mechanism check — not empirical SPY evidence, trading evidence, or an exact paper replication."
66,no_periodicity,5,MSE,6.3579417985854947e-10,6.3604231448855038e-10,1.000390275088797,2.481346300007923e-13,5,0.99099949545900379,0.2121132579297004,0.83201867670435703,NONE,0,0,0,0,True,500,"Synthetic mechanism check — not empirical SPY evidence, trading evidence, or an exact paper replication."
66,no_periodicity,5,QLIKE,0.023706704452546908,0.023737951834495213,1.0013180820645422,3.1247381948302346e-05,5,0.99099949545900379,0.88352051591073089,0.37695510283587574,NONE,0,0,0,0,True,500,"Synthetic mechanism check — not empirical SPY evidence, trading evidence, or an exact paper replication."
66,no_periodicity,22,MSE,5.1794887953819637e-10,5.1903535170482272e-10,1.0020976436276783,1.0864721666262903e-12,21,0.95699947753381764,0.82374331404031609,0.41008542270555259,NONE,0,0,0,0,True,500,"Synthetic mechanism check — not empirical SPY evidence, trading evidence, or an exact paper replication."
66,no_periodicity,22,QLIKE,0.022720497197639133,0.022760070031433776,1.0017417239354585,3.9572833794641491e-05,21,0.95699947753381764,0.80783356049446153,0.41918640256057865,NONE,0,0,0,0,True,500,"Synthetic mechanism check — not empirical SPY evidence, trading evidence, or an exact paper replication."
66,u_shaped_periodicity,1,MSE,1.4887825108949907e-09,1.4735010906398011e-09,0.98973562616207578,-1.5281420255189788e-11,5,0.99899949949937417,-1.3337249860687683,0.1822940030041576,NONE,0,0,0,0,True,500,"Synthetic mechanism check — not empirical SPY evidence, trading evidence, or an exact paper replication."
66,u_shaped_periodicity,1,QLIKE,0.05160079505668768,0.051061283068104257,0.98954450240561753,-0.0005395119885834227,5,0.99899949949937417,-1.6553885676224216,0.097845703516706059,NONE,0,0,0,0,True,500,"Synthetic mechanism check — not empirical SPY evidence, trading evidence, or an exact paper replication."
66,u_shaped_periodicity,5,MSE,6.5361241480903841e-10,6.3894818059188062e-10,0.97756432729105647,-1.4664234217157842e-11,5,0.99099949545900379,-1.848793726458891,0.064487603589094458,NONE,0,0,0,0,True,500,"Synthetic mechanism check — not empirical SPY evidence, trading evidence, or an exact paper replication."
66,u_shaped_periodicity,5,QLIKE,0.024171258603243602,0.023569276851287648,0.97509514246497808,-0.00060198175195595607,5,0.99099949545900379,-2.431376792961367,0.01504156307153387,HARP,0,0,0,0,True,500,"Synthetic mechanism check — not empirical SPY evidence, trading evidence, or an exact paper replication."
66,u_shaped_periodicity,22,MSE,5.2582647858466406e-10,5.1259315572708522e-10,0.97483328931399915,-1.3233322857578864e-11,21,0.95699947753381764,-1.1648736970971263,0.24407012188325011,NONE,0,0,0,0,True,500,"Synthetic mechanism check — not empirical SPY evidence, trading evidence, or an exact paper replication."
66,u_shaped_periodicity,22,QLIKE,0.022869507169604213,0.022329334263171973,0.976380212200192,-0.00054017290643223873,21,0.95699947753381764,-1.3596434331152727,0.17394278669607874,NONE,0,0,0,0,True,500,"Synthetic mechanism check — not empirical SPY evidence, trading evidence, or an exact paper replication."
67,no_periodicity,1,MSE,1.1709140537518732e-09,1.1701881916882718e-09,0.99938008937438616,-7.2586206360125414e-13,5,0.99899949949937417,-0.6914237286270698,0.48929929657840626,NONE,0,0,0,0,True,500,"Synthetic mechanism check — not empirical SPY evidence, trading evidence, or an exact paper replication."
67,no_periodicity,1,QLIKE,0.04995335876222029,0.049939443188588763,0.99972142866913583,-1.3915573631523514e-05,5,0.99899949949937417,-0.37495960164628139,0.70769051154935292,NONE,0,0,0,0,True,500,"Synthetic mechanism check — not empirical SPY evidence, trading evidence, or an exact paper replication."
67,no_periodicity,5,MSE,5.3519749454259785e-10,5.3463692835848841e-10,0.99895259938653391,-5.605661841094187e-13,5,0.99099949545900379,-0.52395972833286508,0.60030655036129876,NONE,0,0,0,0,True,500,"Synthetic mechanism check — not empirical SPY evidence, trading evidence, or an exact paper replication."
67,no_periodicity,5,QLIKE,0.022190272877616237,0.022174411587412346,0.99928521427873518,-1.5861290203892597e-05,5,0.99099949545900379,-0.45238472280370234,0.65099185076372024,NONE,0,0,0,0,True,500,"Synthetic mechanism check — not empirical SPY evidence, trading evidence, or an exact paper replication."
67,no_periodicity,22,MSE,6.8755610636112949e-10,6.8611759799523035e-10,0.99790779493834703,-1.4385083658991307e-12,21,0.95699947753381764,-0.80979877346854756,0.41805583766101528,NONE,0,0,0,0,True,500,"Synthetic mechanism check — not empirical SPY evidence, trading evidence, or an exact paper replication."
67,no_periodicity,22,QLIKE,0.023204774744524301,0.023156475886220846,0.99791858103191233,-4.8298858303450933e-05,21,0.95699947753381764,-0.95338232588782867,0.34039639302829305,NONE,0,0,0,0,True,500,"Synthetic mechanism check — not empirical SPY evidence, trading evidence, or an exact paper replication."
67,u_shaped_periodicity,1,MSE,1.2467677404175536e-09,1.2160591899481101e-09,0.97536946981066497,-3.0708550469443654e-11,5,0.99899949949937417,-2.0762810306318844,0.037867966691136762,HARP,0,0,0,0,True,500,"Synthetic mechanism check — not empirical SPY evidence, trading evidence, or an exact paper replication."
67,u_shaped_periodicity,1,QLIKE,0.052551265276581278,0.051871477713458902,0.98706429693853037,-0.00067978756312237106,5,0.99899949949937417,-1.8363467774494011,0.066306385640716906,NONE,0,0,0,0,True,500,"Synthetic mechanism check — not empirical SPY evidence, trading evidence, or an exact paper replication."
67,u_shaped_periodicity,5,MSE,5.571994423406739e-10,5.2216262249979986e-10,0.93711978659976403,-3.5036819840874053e-11,5,0.99099949545900379,-2.0440644990860113,0.040947175706977569,HARP,0,0,0,0,True,500,"Synthetic mechanism check — not empirical SPY evidence, trading evidence, or an exact paper replication."
67,u_shaped_periodicity,5,QLIKE,0.022676236365096528,0.022156567139099956,0.97708309184867859,-0.00051966922599657112,5,0.99099949545900379,-1.5801373909429925,0.11407540604544016,NONE,0,0,0,0,True,500,"Synthetic mechanism check — not empirical SPY evidence, trading evidence, or an exact paper replication."
67,u_shaped_periodicity,22,MSE,7.1799678624456504e-10,6.6004502966416684e-10,0.91928688583202289,-5.7951756580398162e-11,21,0.95699947753381764,-1.0798691382632721,0.28020045794256315,NONE,0,0,0,0,True,500,"Synthetic mechanism check — not empirical SPY evidence, trading evidence, or an exact paper replication."
67,u_shaped_periodicity,22,QLIKE,0.023558491845639365,0.022647432192406253,0.9613277598921619,-0.00091105965323311103,21,0.95699947753381764,-1.3541470759797973,0.17568945976321709,NONE,0,0,0,0,True,500,"Synthetic mechanism check — not empirical SPY evidence, trading evidence, or an exact paper replication."
68,no_periodicity,1,MSE,7.5045258987681811e-10,7.498700750573981e-10,0.99922378198532746,-5.8251481941996961e-13,5,0.99899949949937417,-0.74503482371755103,0.45625066817236209,NONE,0,0,0,0,True,500,"Synthetic mechanism check — not empirical SPY evidence, trading evidence, or an exact paper replication."
68,no_periodicity,1,QLIKE,0.044497258163672393,0.04448820024522291,0.99979643872851298,-9.0579184494798963e-06,5,0.99899949949937417,-0.21732881066176085,0.82795210595472291,NONE,0,0,0,0,True,500,"Synthetic mechanism check — not empirical SPY evidence, trading evidence, or an exact paper replication."
68,no_periodicity,5,MSE,3.278449201231576e-10,3.2709275643995826e-10,0.99770573329940027,-7.5216368319933836e-13,5,0.99099949545900379,-1.3500889331161721,0.17698745780906636,NONE,0,0,0,0,True,500,"Synthetic mechanism check — not empirical SPY evidence, trading evidence, or an exact paper replication."
68,no_periodicity,5,QLIKE,0.019725827052038323,0.019696030582579942,0.99848946919286197,-2.979646945838077e-05,5,0.99099949545900379,-0.95188051506001625,0.34115758242419136,NONE,0,0,0,0,True,500,"Synthetic mechanism check — not empirical SPY evidence, trading evidence, or an exact paper replication."
68,no_periodicity,22,MSE,2.6603498087165673e-10,2.6546794922133067e-10,0.99786858236285991,-5.6703165032602882e-13,21,0.95699947753381764,-0.87588854411814854,0.38109062792418835,NONE,0,0,0,0,True,500,"Synthetic mechanism check — not empirical SPY evidence, trading evidence, or an exact paper replication."
68,no_periodicity,22,QLIKE,0.016451008548231023,0.016424417381108013,0.9983836147768661,-2.6591167123007687e-05,21,0.95699947753381764,-0.67906790401794503,0.49709483785426534,NONE,0,0,0,0,True,500,"Synthetic mechanism check — not empirical SPY evidence, trading evidence, or an exact paper replication."
68,u_shaped_periodicity,1,MSE,7.6818132231534958e-10,7.6886651933037544e-10,1.0008919730213703,6.8519701502578625e-13,5,0.99899949949937417,0.110246752200309,0.91221368532889346,NONE,0,0,0,0,True,500,"Synthetic mechanism check — not empirical SPY evidence, trading evidence, or an exact paper replication."
68,u_shaped_periodicity,1,QLIKE,0.046315120159398392,0.046254333886793231,0.99868755014785759,-6.0786272605150236e-05,5,0.99899949949937417,-0.1910938361125091,0.84845207672391743,NONE,0,0,0,0,True,500,"Synthetic mechanism check — not empirical SPY evidence, trading evidence, or an exact paper replication."
68,u_shaped_periodicity,5,MSE,3.3773212781397548e-10,3.3277718292269423e-10,0.98532877247020323,-4.9549448912812872e-12,5,0.99099949545900379,-1.1392188521377979,0.25461188440807792,NONE,0,0,0,0,True,500,"Synthetic mechanism check — not empirical SPY evidence, trading evidence, or an exact paper replication."
68,u_shaped_periodicity,5,QLIKE,0.020494949271102545,0.020135448908216474,0.98245907525163001,-0.00035950036288607244,5,0.99099949545900379,-1.4818041919983964,0.13839240337290146,NONE,0,0,0,0,True,500,"Synthetic mechanism check — not empirical SPY evidence, trading evidence, or an exact paper replication."
68,u_shaped_periodicity,22,MSE,2.6000952784922958e-10,2.5536193030090959e-10,0.98212527984353337,-4.6475975483199597e-12,21,0.95699947753381764,-0.9913950377102756,0.32149272237411458,NONE,0,0,0,0,True,500,"Synthetic mechanism check — not empirical SPY evidence, trading evidence, or an exact paper replication."
68,u_shaped_periodicity,22,QLIKE,0.015994229717688532,0.01566056668967394,0.9791385372159821,-0.00033366302801459113,21,0.95699947753381764,-1.1907412215229369,0.23375519007273471,NONE,0,0,0,0,True,500,"Synthetic mechanism check — not empirical SPY evidence, trading evidence, or an exact paper replication."
69,no_periodicity,1,MSE,1.1680533333271434e-09,1.1674121343185807e-09,0.99945105331214945,-6.4119900856263601e-13,5,0.99899949949937417,-0.44336926351846773,0.65749866415350966,NONE,0,0,0,0,True,500,"Synthetic mechanism check — not empirical SPY evidence, trading evidence, or an exact paper replication."
69,no_periodicity,1,QLIKE,0.04479165153188687,0.04477228991470638,0.99956774049363406,-1.9361617180490677e-05,5,0.99899949949937417,-0.44094871597711566,0.65925012452193865,NONE,0,0,0,0,True,500,"Synthetic mechanism check — not empirical SPY evidence, trading evidence, or an exact paper replication."
69,no_periodicity,5,MSE,5.0064864953084891e-10,4.9968256216863534e-10,0.9980703286364222,-9.6608736221351729e-13,5,0.99099949545900379,-0.91471489615633994,0.36034132215681614,NONE,0,0,0,0,True,500,"Synthetic mechanism check — not empirical SPY evidence, trading evidence, or an exact paper replication."
69,no_periodicity,5,QLIKE,0.019524088962850451,0.019492048210210243,0.99835891176785896,-3.2040752640205562e-05,5,0.99099949545900379,-0.96479223328766694,0.33464888683182376,NONE,0,0,0,0,True,500,"Synthetic mechanism check — not empirical SPY evidence, trading evidence, or an exact paper replication."
69,no_periodicity,22,MSE,3.9235676320794969e-10,3.9188244789811716e-10,0.99879111218587269,-4.743153098325307e-13,21,0.95699947753381764,-0.56050515944974566,0.57513492143914036,NONE,0,0,0,0,True,500,"Synthetic mechanism check — not empirical SPY evidence, trading evidence, or an exact paper replication."
69,no_periodicity,22,QLIKE,0.016293630584972497,0.016276707621325499,0.99896137551672459,-1.692296364699608e-05,21,0.95699947753381764,-0.6380199146425477,0.52346071661688365,NONE,0,0,0,0,True,500,"Synthetic mechanism check — not empirical SPY evidence, trading evidence, or an exact paper replication."
69,u_shaped_periodicity,1,MSE,1.1923787714099125e-09,1.1851800276380509e-09,0.99396270384506302,-7.1987437718615655e-12,5,0.99899949949937417,-0.62658752215725111,0.53092964964637335,NONE,0,0,0,0,True,500,"Synthetic mechanism check — not empirical SPY evidence, trading evidence, or an exact paper replication."
69,u_shaped_periodicity,1,QLIKE,0.046115466092865431,0.045765690298306731,0.992415217188647,-0.00034977579455870342,5,0.99899949949937417,-0.91058543862675023,0.36251384569826273,NONE,0,0,0,0,True,500,"Synthetic mechanism check — not empirical SPY evidence, trading evidence, or an exact paper replication."
69,u_shaped_periodicity,5,MSE,5.3028636392362355e-10,5.1689820087440899e-10,0.97475295621378111,-1.3388163049214535e-11,5,0.99099949545900379,-2.0533867897874325,0.040035079474509884,HARP,0,0,0,0,True,500,"Synthetic mechanism check — not empirical SPY evidence, trading evidence, or an exact paper replication."
69,u_shaped_periodicity,5,QLIKE,0.020699936693382177,0.020152282316753905,0.97354318591692324,-0.00054765437662827312,5,0.99099949545900379,-2.3544262623440906,0.018551323928494443,HARP,0,0,0,0,True,500,"Synthetic mechanism check — not empirical SPY evidence, trading evidence, or an exact paper replication."
69,u_shaped_periodicity,22,MSE,4.0569152691740062e-10,3.926865619737386e-10,0.96794371072405994,-1.3004964943662013e-11,21,0.95699947753381764,-1.9248929135867194,0.054242756643705634,NONE,0,0,0,0,True,500,"Synthetic mechanism check — not empirical SPY evidence, trading evidence, or an exact paper replication."
69,u_shaped_periodicity,22,QLIKE,0.016860141776330204,0.016274743075998153,0.96527913536564169,-0.00058539870033204485,21,0.95699947753381764,-2.3431990027726557,0.01911918225907519,HARP,0,0,0,0,True,500,"Synthetic mechanism check — not empirical SPY evidence, trading evidence, or an exact paper replication."
70,no_periodicity,1,MSE,1.6364317973869173e-09,1.640113418764023e-09,1.0022497860179598,3.6816213771060344e-12,5,0.99899949949937417,1.6320339762293354,0.10267232890936605,NONE,0,0,0,0,True,500,"Synthetic mechanism check — not empirical SPY evidence, trading evidence, or an exact paper replication."
70,no_periodicity,1,QLIKE,0.044597278612955926,0.044688797860322885,1.0020521262779556,9.1519247366964154e-05,5,0.99899949949937417,1.7823349077154587,0.074694633405768138,NONE,0,0,0,0,True,500,"Synthetic mechanism check — not empirical SPY evidence, trading evidence, or an exact paper replication."
70,no_periodicity,5,MSE,7.4903561931862802e-10,7.5001435043869795e-10,1.0013066549771827,9.7873112006991212e-13,5,0.99099949545900379,0.69039039574740446,0.4899487148546724,NONE,0,0,0,0,True,500,"Synthetic mechanism check — not empirical SPY evidence, trading evidence, or an exact paper replication."
70,no_periodicity,5,QLIKE,0.022928854427738444,0.022958783266518849,1.0013052914996137,2.9928838780405974e-05,5,0.99099949545900379,0.74139928871131444,0.45845137564376581,NONE,0,0,0,0,True,500,"Synthetic mechanism check — not empirical SPY evidence, trading evidence, or an exact paper replication."
70,no_periodicity,22,MSE,6.8309021880613996e-10,6.860112438961478e-10,1.0042761922357972,2.9210250900078049e-12,21,0.95699947753381764,1.195750704671219,0.23179385799859523,NONE,0,0,0,0,True,500,"Synthetic mechanism check — not empirical SPY evidence, trading evidence, or an exact paper replication."
70,no_periodicity,22,QLIKE,0.022203834586206787,0.022280248966242384,1.0034414947444739,7.6414380035595648e-05,21,0.95699947753381764,1.1266476626499831,0.25989147881935354,NONE,0,0,0,0,True,500,"Synthetic mechanism check — not empirical SPY evidence, trading evidence, or an exact paper replication."
70,u_shaped_periodicity,1,MSE,1.7672342257235957e-09,1.757937027891727e-09,0.99473912529729214,-9.2971978318689239e-12,5,0.99899949949937417,-0.71958357041589094,0.47178143073729023,NONE,0,0,0,0,True,500,"Synthetic mechanism check — not empirical SPY evidence, trading evidence, or an exact paper replication."
70,u_shaped_periodicity,1,QLIKE,0.04853607421308475,0.048436043680179147,0.99793904771806541,-0.00010003053290560437,5,0.99899949949937417,-0.34044737028603628,0.73351965048476853,NONE,0,0,0,0,True,500,"Synthetic mechanism check — not empirical SPY evidence, trading evidence, or an exact paper replication."
70,u_shaped_periodicity,5,MSE,7.6884648124394576e-10,7.580102161331243e-10,0.98590581426178991,-1.0836265110821497e-11,5,0.99099949545900379,-1.1494186623315588,0.25038338833566809,NONE,0,0,0,0,True,500,"Synthetic mechanism check — not empirical SPY evidence, trading evidence, or an exact paper replication."
70,u_shaped_periodicity,5,QLIKE,0.023620711115780849,0.023394290512740973,0.99041431894535104,-0.00022642060303987543,5,0.99099949545900379,-0.99266512185891498,0.32087317743293298,NONE,0,0,0,0,True,500,"Synthetic mechanism check — not empirical SPY evidence, trading evidence, or an exact paper replication."
70,u_shaped_periodicity,22,MSE,7.2038637482366692e-10,6.9889465027903137e-10,0.97016639223653256,-2.1491724544635534e-11,21,0.95699947753381764,-2.2204858783525285,0.026385803233322722,HARP,0,0,0,0,True,500,"Synthetic mechanism check — not empirical SPY evidence, trading evidence, or an exact paper replication."
70,u_shaped_periodicity,22,QLIKE,0.023163142852204496,0.022527208154560371,0.9725454053579089,-0.00063593469764412487,21,0.95699947753381764,-2.0601137275241066,0.039387669837637251,HARP,0,0,0,0,True,500,"Synthetic mechanism check — not empirical SPY evidence, trading evidence, or an exact paper replication."
71,no_periodicity,1,MSE,1.87400637818059e-09,1.8735067028350307e-09,0.99973336518414391,-4.9967534555938477e-13,5,0.99899949949937417,-0.28438395736927286,0.77611615186200034,NONE,0,0,0,0,True,500,"Synthetic mechanism check — not empirical SPY evidence, trading evidence, or an exact paper replication."
71,no_periodicity,1,QLIKE,0.044746555068390682,0.04474282167511888,0.99991656579448196,-3.7333932717960038e-06,5,0.99899949949937417,-0.1097286440465922,0.91262458291485149,NONE,0,0,0,0,True,500,"Synthetic mechanism check — not empirical SPY evidence, trading evidence, or an exact paper replication."
71,no_periodicity,5,MSE,9.3981312898667332e-10,9.3803634641426166e-10,0.99810942993068485,-1.7767825724116223e-12,5,0.99099949545900379,-1.333124806841026,0.18249084985220376,NONE,0,0,0,0,True,500,"Synthetic mechanism check — not empirical SPY evidence, trading evidence, or an exact paper replication."
71,no_periodicity,5,QLIKE,0.02233324624867437,0.022295744850074576,0.99832082635089292,-3.7501398599794731e-05,5,0.99099949545900379,-1.30301965026271,0.19256805302052346,NONE,0,0,0,0,True,500,"Synthetic mechanism check — not empirical SPY evidence, trading evidence, or an exact paper replication."
71,no_periodicity,22,MSE,8.2945721450953354e-10,8.2955531710743896e-10,1.0001182732468767,9.8102597905350757e-14,21,0.95699947753381764,0.080334671707502026,0.93597108328018475,NONE,0,0,0,0,True,500,"Synthetic mechanism check — not empirical SPY evidence, trading evidence, or an exact paper replication."
71,no_periodicity,22,QLIKE,0.020254013612446334,0.020232696014082684,0.99894748770433583,-2.131759836365088e-05,21,0.95699947753381764,-0.52515742095349338,0.59947376168208466,NONE,0,0,0,0,True,500,"Synthetic mechanism check — not empirical SPY evidence, trading evidence, or an exact paper replication."
71,u_shaped_periodicity,1,MSE,2.0388617188905456e-09,2.0207530715182647e-09,0.99111825622870842,-1.8108647372281275e-11,5,0.99899949949937417,-1.4681764067588927,0.14205631121225479,NONE,0,0,0,0,True,500,"Synthetic mechanism check — not empirical SPY evidence, trading evidence, or an exact paper replication."
71,u_shaped_periodicity,1,QLIKE,0.048565765337557638,0.048328421925660794,0.99511294817970675,-0.00023734341189683982,5,0.99899949949937417,-0.89502023908983741,0.37077626898633692,NONE,0,0,0,0,True,500,"Synthetic mechanism check — not empirical SPY evidence, trading evidence, or an exact paper replication."
71,u_shaped_periodicity,5,MSE,9.8141567538851327e-10,9.6692028326060413e-10,0.9852301196206481,-1.4495392127909267e-11,5,0.99099949545900379,-1.0123351992229113,0.31137781031881878,NONE,0,0,0,0,True,500,"Synthetic mechanism check — not empirical SPY evidence, trading evidence, or an exact paper replication."
71,u_shaped_periodicity,5,QLIKE,0.023563619377808889,0.023377334695359991,0.99209439435164481,-0.00018628468244890416,5,0.99099949545900379,-0.718182052991717,0.47264504236464666,NONE,0,0,0,0,True,500,"Synthetic mechanism check — not empirical SPY evidence, trading evidence, or an exact paper replication."
71,u_shaped_periodicity,22,MSE,8.3568609525841485e-10,8.2689525964982455e-10,0.98948069656959892,-8.7908356085902969e-12,21,0.95699947753381764,-0.38200644294687175,0.70245658563384028,NONE,0,0,0,0,True,500,"Synthetic mechanism check — not empirical SPY evidence, trading evidence, or an exact paper replication."
71,u_shaped_periodicity,22,QLIKE,0.020715894535924526,0.02049489236420007,0.98933175821390651,-0.00022100217172445812,21,0.95699947753381764,-0.56966247878494214,0.56890664341115427,NONE,0,0,0,0,True,500,"Synthetic mechanism check — not empirical SPY evidence, trading evidence, or an exact paper replication."
72,no_periodicity,1,MSE,1.6290775049579253e-09,1.6283241878138153e-09,0.99953758053756347,-7.533171441101349e-13,5,0.99899949949937417,-0.58829916955822448,0.55633150290709588,NONE,0,0,0,0,True,500,"Synthetic mechanism check — not empirical SPY evidence, trading evidence, or an exact paper replication."
72,no_periodicity,1,QLIKE,0.046583592136173836,0.046566633746324158,0.999635957875466,-1.6958389849677235e-05,5,0.99899949949937417,-0.43657962271765277,0.6624162433788362,NONE,0,0,0,0,True,500,"Synthetic mechanism check — not empirical SPY evidence, trading evidence, or an exact paper replication."
72,no_periodicity,5,MSE,7.9338760946487793e-10,7.9376180411295864e-10,1.0004716416586503,3.7419464808067986e-13,5,0.99099949545900379,0.26200266900127833,0.79331938448529704,NONE,0,0,0,0,True,500,"Synthetic mechanism check — not empirical SPY evidence, trading evidence, or an exact paper replication."
72,no_periodicity,5,QLIKE,0.022969674851407228,0.022981680168749415,1.0005226594377086,1.200531734218302e-05,5,0.99099949545900379,0.27044638468846044,0.78681685926489531,NONE,0,0,0,0,True,500,"Synthetic mechanism check — not empirical SPY evidence, trading evidence, or an exact paper replication."
72,no_periodicity,22,MSE,8.6411646763825987e-10,8.6605692227939155e-10,1.0022455938681913,1.9404546411317443e-12,21,0.95699947753381764,1.0118301132889025,0.31161928909289827,NONE,0,0,0,0,True,500,"Synthetic mechanism check — not empirical SPY evidence, trading evidence, or an exact paper replication."
72,no_periodicity,22,QLIKE,0.025481485177672486,0.025587449728964096,1.0041584919620172,0.00010596455129160853,21,0.95699947753381764,1.4000230742672715,0.16150640887602705,NONE,0,0,0,0,True,500,"Synthetic mechanism check — not empirical SPY evidence, trading evidence, or an exact paper replication."
72,u_shaped_periodicity,1,MSE,1.7421014217049172e-09,1.7495470147513115e-09,1.0042739147983173,7.4455930463943065e-12,5,0.99899949949937417,0.44777442223520997,0.65431600469330353,NONE,0,0,0,0,True,500,"Synthetic mechanism check — not empirical SPY evidence, trading evidence, or an exact paper replication."
72,u_shaped_periodicity,1,QLIKE,0.048529630232350032,0.048369469313012829,0.99669972924643391,-0.00016016091933720533,5,0.99899949949937417,-0.41028221582955721,0.68159893634183888,NONE,0,0,0,0,True,500,"Synthetic mechanism check — not empirical SPY evidence, trading evidence, or an exact paper replication."
72,u_shaped_periodicity,5,MSE,8.719818591443915e-10,8.6844634812120886e-10,0.99594543053148865,-3.5355110231825169e-12,5,0.99099949545900379,-0.22217789760539508,0.82417539929892292,NONE,0,0,0,0,True,500,"Synthetic mechanism check — not empirical SPY evidence, trading evidence, or an exact paper replication."
72,u_shaped_periodicity,5,QLIKE,0.024449241129036309,0.024083435668642159,0.98503816709633107,-0.00036580546039414498,5,0.99099949545900379,-1.0579839220587317,0.29006277246088691,NONE,0,0,0,0,True,500,"Synthetic mechanism check — not empirical SPY evidence, trading evidence, or an exact paper replication."
72,u_shaped_periodicity,22,MSE,9.296566529290378e-10,9.2751292640154767e-10,0.99769406638382463,-2.143726527489956e-12,21,0.95699947753381764,-0.088762974105504475,0.92927028388224764,NONE,0,0,0,0,True,500,"Synthetic mechanism check — not empirical SPY evidence, trading evidence, or an exact paper replication."
72,u_shaped_periodicity,22,QLIKE,0.02644404078075565,0.026465399928355417,1.0008077111881974,2.1359147599768315e-05,21,0.95699947753381764,0.029136592988353031,0.97675565119370378,NONE,0,0,0,0,True,500,"Synthetic mechanism check — not empirical SPY evidence, trading evidence, or an exact paper replication."
73,no_periodicity,1,MSE,1.1253444295930977e-09,1.125531127604291e-09,1.0001659029949264,1.8669801119318448e-13,5,0.99899949949937417,0.11854259215134066,0.90563774932941055,NONE,0,0,0,0,True,500,"Synthetic mechanism check — not empirical SPY evidence, trading evidence, or an exact paper replication."
73,no_periodicity,1,QLIKE,0.04189362920897001,0.041895217260695755,1.0000379067594698,1.5880517257396143e-06,5,0.99899949949937417,0.035475599036947511,0.97170050327258917,NONE,0,0,0,0,True,500,"Synthetic mechanism check — not empirical SPY evidence, trading evidence, or an exact paper replication."
73,no_periodicity,5,MSE,5.3437086127483173e-10,5.3556436836155527e-10,1.0022334808523732,1.1935070867237408e-12,5,0.99099949545900379,0.81502440388992614,0.41505834124821306,NONE,0,0,0,0,True,500,"Synthetic mechanism check — not empirical SPY evidence, trading evidence, or an exact paper replication."
73,no_periodicity,5,QLIKE,0.018166545321824452,0.018229164364794642,1.0034469428204911,6.2619042970189382e-05,5,0.99099949545900379,1.5273087910079877,0.12668424450830978,NONE,0,0,0,0,True,500,"Synthetic mechanism check — not empirical SPY evidence, trading evidence, or an exact paper replication."
73,no_periodicity,22,MSE,5.9290018892569371e-10,5.9459196053285967e-10,1.0028533834847166,1.6917716071658879e-12,21,0.95699947753381764,1.0359311559711086,0.30023426126113645,NONE,0,0,0,0,True,500,"Synthetic mechanism check — not empirical SPY evidence, trading evidence, or an exact paper replication."
73,no_periodicity,22,QLIKE,0.019416557335260886,0.019489899940294583,1.0037773228161568,7.334260503369894e-05,21,0.95699947753381764,1.7513649793710422,0.07988306136710957,NONE,0,0,0,0,True,500,"Synthetic mechanism check — not empirical SPY evidence, trading evidence, or an exact paper replication."
73,u_shaped_periodicity,1,MSE,1.2144477305625042e-09,1.1941479684085861e-09,0.98328477904560307,-2.0299762153918348e-11,5,0.99899949949937417,-1.5266596303030522,0.12684567079128783,NONE,0,0,0,0,True,500,"Synthetic mechanism check — not empirical SPY evidence, trading evidence, or an exact paper replication."
73,u_shaped_periodicity,1,QLIKE,0.044677519010017673,0.044046690193997165,0.985880397345272,-0.00063082881602050513,5,0.99899949949937417,-1.8582176751172854,0.063138108995579562,NONE,0,0,0,0,True,500,"Synthetic mechanism check — not empirical SPY evidence, trading evidence, or an exact paper replication."
73,u_shaped_periodicity,5,MSE,5.4008931373051753e-10,5.2824501962297279e-10,0.97806974919438128,-1.1844294107544713e-11,5,0.99099949545900379,-1.037976987009775,0.29928076915221619,NONE,0,0,0,0,True,500,"Synthetic mechanism check — not empirical SPY evidence, trading evidence, or an exact paper replication."
73,u_shaped_periodicity,5,QLIKE,0.018622753142972626,0.018344997946213904,0.98508517002688545,-0.00027775519675871904,5,0.99099949545900379,-1.036085977762232,0.30016203335427122,NONE,0,0,0,0,True,500,"Synthetic mechanism check — not empirical SPY evidence, trading evidence, or an exact paper replication."
73,u_shaped_periodicity,22,MSE,5.7470181210346673e-10,5.5426239329736899e-10,0.96443474098108828,-2.0439418806097891e-11,21,0.95699947753381764,-0.7054282324197757,0.48054377959639588,NONE,0,0,0,0,True,500,"Synthetic mechanism check — not empirical SPY evidence, trading evidence, or an exact paper replication."
73,u_shaped_periodicity,22,QLIKE,0.019236683746965084,0.018618723759392879,0.96787596055012859,-0.00061795998757220973,21,0.95699947753381764,-1.1277105302065007,0.25944218903505073,NONE,0,0,0,0,True,500,"Synthetic mechanism check — not empirical SPY evidence, trading evidence, or an exact paper replication."
74,no_periodicity,1,MSE,5.7459015488210903e-10,5.7383283884044385e-10,0.9986819891791906,-7.5731604166523999e-13,5,0.99899949949937417,-0.83132284856588934,0.40579127034043738,NONE,0,0,0,0,True,500,"Synthetic mechanism check — not empirical SPY evidence, trading evidence, or an exact paper replication."
74,no_periodicity,1,QLIKE,0.046308867140947084,0.04624135683827791,0.99854217330638428,-6.7510302669172354e-05,5,0.99899949949937417,-1.4113958039897356,0.15812793952014156,NONE,0,0,0,0,True,500,"Synthetic mechanism check — not empirical SPY evidence, trading evidence, or an exact paper replication."
74,no_periodicity,5,MSE,2.4657829270364249e-10,2.4639219774306344e-10,0.99924529057875044,-1.8609496057906501e-13,5,0.99099949545900379,-0.37279597960373917,0.70930029532199601,NONE,0,0,0,0,True,500,"Synthetic mechanism check — not empirical SPY evidence, trading evidence, or an exact paper replication."
74,no_periodicity,5,QLIKE,0.021323194884087491,0.021242418662144155,0.99621181429975969,-8.0776221943335889e-05,5,0.99099949545900379,-2.5232916569511636,0.011626193029098888,HARP,0,0,0,0,True,500,"Synthetic mechanism check — not empirical SPY evidence, trading evidence, or an exact paper replication."
74,no_periodicity,22,MSE,2.2143009528659556e-10,2.2175977821753646e-10,1.0014888804094773,3.296829309408894e-13,21,0.95699947753381764,0.53140477884606807,0.59513831063798117,NONE,0,0,0,0,True,500,"Synthetic mechanism check — not empirical SPY evidence, trading evidence, or an exact paper replication."
74,no_periodicity,22,QLIKE,0.02149208599687372,0.021465285078132071,0.99875298662281797,-2.6800918741650026e-05,21,0.95699947753381764,-0.75378503814199116,0.45097830947951473,NONE,0,0,0,0,True,500,"Synthetic mechanism check — not empirical SPY evidence, trading evidence, or an exact paper replication."
74,u_shaped_periodicity,1,MSE,6.0481546433775884e-10,5.9536432718111049e-10,0.98437351933949502,-9.4511371566483745e-12,5,0.99899949949937417,-1.6242485445338153,0.10432277414401787,NONE,0,0,0,0,True,500,"Synthetic mechanism check — not empirical SPY evidence, trading evidence, or an exact paper replication."
74,u_shaped_periodicity,1,QLIKE,0.047910536959231066,0.047311378954356637,0.98749423314991702,-0.00059915800487443736,5,0.99899949949937417,-1.5524545018105769,0.12055351121092743,NONE,0,0,0,0,True,500,"Synthetic mechanism check — not empirical SPY evidence, trading evidence, or an exact paper replication."
74,u_shaped_periodicity,5,MSE,2.5672424434334175e-10,2.4823403472886251e-10,0.9669286800855299,-8.4902096144792968e-12,5,0.99099949545900379,-2.3082399151707707,0.020985796248282909,HARP,0,0,0,0,True,500,"Synthetic mechanism check — not empirical SPY evidence, trading evidence, or an exact paper replication."
74,u_shaped_periodicity,5,QLIKE,0.022152267866477275,0.021323488331807878,0.9625871472995513,-0.00082877953466940204,5,0.99099949545900379,-3.4186659037433693,0.00062928941831431895,HARP,0,0,0,0,True,500,"Synthetic mechanism check — not empirical SPY evidence, trading evidence, or an exact paper replication."
74,u_shaped_periodicity,22,MSE,2.2490484218833957e-10,2.1946970684943047e-10,0.97583362240659266,-5.4351353389091057e-12,21,0.95699947753381764,-1.1308905524062356,0.25810116022928076,NONE,0,0,0,0,True,500,"Synthetic mechanism check — not empirical SPY evidence, trading evidence, or an exact paper replication."
74,u_shaped_periodicity,22,QLIKE,0.021487156852879132,0.021060642598808452,0.98015027036890034,-0.00042651425407067787,21,0.95699947753381764,-1.3288784333412988,0.18388808011762392,NONE,0,0,0,0,True,500,"Synthetic mechanism check — not empirical SPY evidence, trading evidence, or an exact paper replication."
75,no_periodicity,1,MSE,1.3345228353955772e-09,1.3354484474056476e-09,1.0006935902372895,9.2561201007070108e-13,5,0.99899949949937417,0.98921643114252589,0.3225572609072595,NONE,0,0,0,0,True,500,"Synthetic mechanism check — not empirical SPY evidence, trading evidence, or an exact paper replication."
75,no_periodicity,1,QLIKE,0.048084792045991323,0.048113680275819824,1.0006007768485485,2.8888229828504032e-05,5,0.99899949949937417,0.8870543241109351,0.37504965374027827,NONE,0,0,0,0,True,500,"Synthetic mechanism check — not empirical SPY evidence, trading evidence, or an exact paper replication."
75,no_periodicity,5,MSE,5.9825681175494516e-10,5.98124179408579e-10,0.99977830198710638,-1.326323463661155e-13,5,0.99099949545900379,-0.15657707119465927,0.87557817416284278,NONE,0,0,0,0,True,500,"Synthetic mechanism check — not empirical SPY evidence, trading evidence, or an exact paper replication."
75,no_periodicity,5,QLIKE,0.021592049501054332,0.021593182844897488,1.0000524889424276,1.1333438431524457e-06,5,0.99099949545900379,0.037857486932551303,0.96980130924478825,NONE,0,0,0,0,True,500,"Synthetic mechanism check — not empirical SPY evidence, trading evidence, or an exact paper replication."
75,no_periodicity,22,MSE,4.2826553907375613e-10,4.2912761790344275e-10,1.0020129539994067,8.62078829686683e-13,21,0.95699947753381764,1.3394853530398565,0.18041271955796542,NONE,0,0,0,0,True,500,"Synthetic mechanism check — not empirical SPY evidence, trading evidence, or an exact paper replication."
75,no_periodicity,22,QLIKE,0.017736590565840538,0.017771324038143563,1.001958294756486,3.4733472303024369e-05,21,0.95699947753381764,1.2120424630276543,0.22549612654262238,NONE,0,0,0,0,True,500,"Synthetic mechanism check — not empirical SPY evidence, trading evidence, or an exact paper replication."
75,u_shaped_periodicity,1,MSE,1.3960371428941874e-09,1.3910032791736567e-09,0.99639417636833438,-5.0338637205310714e-12,5,0.99899949949937417,-0.55925407638128333,0.57598833214806344,NONE,0,0,0,0,True,500,"Synthetic mechanism check — not empirical SPY evidence, trading evidence, or an exact paper replication."
75,u_shaped_periodicity,1,QLIKE,0.050008565154591678,0.049883877447220178,0.99750667296719964,-0.00012468770737149315,5,0.99899949949937417,-0.40555341976585008,0.68507076010393075,NONE,0,0,0,0,True,500,"Synthetic mechanism check — not empirical SPY evidence, trading evidence, or an exact paper replication."
75,u_shaped_periodicity,5,MSE,6.2529964998674535e-10,6.1847595516137579e-10,0.98908732025435453,-6.8236948253697271e-12,5,0.99099949545900379,-1.1203162582488908,0.26257901620273105,NONE,0,0,0,0,True,500,"Synthetic mechanism check — not empirical SPY evidence, trading evidence, or an exact paper replication."
75,u_shaped_periodicity,5,QLIKE,0.022736632833078373,0.022459766183116854,0.98782288248246153,-0.00027686664996151887,5,0.99099949545900379,-1.1663977845115676,0.24345365387105961,NONE,0,0,0,0,True,500,"Synthetic mechanism check — not empirical SPY evidence, trading evidence, or an exact paper replication."
75,u_shaped_periodicity,22,MSE,4.2418031753404153e-10,4.2478044652752561e-10,1.0014147968886744,6.0012899348403873e-13,21,0.95699947753381764,0.15310027612528634,0.87831919812854387,NONE,0,0,0,0,True,500,"Synthetic mechanism check — not empirical SPY evidence, trading evidence, or an exact paper replication."
75,u_shaped_periodicity,22,QLIKE,0.017670189585820919,0.017687439877206813,1.0009762369159716,1.7250291385897842e-05,21,0.95699947753381764,0.090923275995105787,0.92755355522470495,NONE,0,0,0,0,True,500,"Synthetic mechanism check — not empirical SPY evidence, trading evidence, or an exact paper replication."
76,no_periodicity,1,MSE,9.7041951617041927e-10,9.7090663428420082e-10,1.0005019665265018,4.8711811378119601e-13,5,0.99899949949937417,0.42357413819314055,0.67187641946612842,NONE,0,0,0,0,True,500,"Synthetic mechanism check — not empirical SPY evidence, trading evidence, or an exact paper replication."
76,no_periodicity,1,QLIKE,0.046305739436577967,0.04630814819623482,1.0000520185982593,2.4087596568489467e-06,5,0.99899949949937417,0.057961234642948375,0.95377950686191182,NONE,0,0,0,0,True,500,"Synthetic mechanism check — not empirical SPY evidence, trading evidence, or an exact paper replication."
76,no_periodicity,5,MSE,5.0996015918048027e-10,5.0966437374759688e-10,0.99941998325249815,-2.9578543288340931e-13,5,0.99099949545900379,-0.28352674244438875,0.77677308482185836,NONE,0,0,0,0,True,500,"Synthetic mechanism check — not empirical SPY evidence, trading evidence, or an exact paper replication."
76,no_periodicity,5,QLIKE,0.025029319793875508,0.025018957337575688,0.99958598729868975,-1.0362456299818578e-05,5,0.99099949545900379,-0.28359609087692156,0.77671993319820143,NONE,0,0,0,0,True,500,"Synthetic mechanism check — not empirical SPY evidence, trading evidence, or an exact paper replication."
76,no_periodicity,22,MSE,4.2759983946700443e-10,4.2609827784613299e-10,0.99648839526520139,-1.5015616208713199e-12,21,0.95699947753381764,-1.1363044943103311,0.25582915049922633,NONE,0,0,0,0,True,500,"Synthetic mechanism check — not empirical SPY evidence, trading evidence, or an exact paper replication."
76,no_periodicity,22,QLIKE,0.021472658737101375,0.021414750077011029,0.99730314439402468,-5.7908660090349339e-05,21,0.95699947753381764,-1.4059087951443994,0.15975120930656386,NONE,0,0,0,0,True,500,"Synthetic mechanism check — not empirical SPY evidence, trading evidence, or an exact paper replication."
76,u_shaped_periodicity,1,MSE,1.0750047835453632e-09,1.0670411716893145e-09,0.99259202193520968,-7.9636118560488956e-12,5,0.99899949949937417,-0.9194907269110516,0.35783895373606461,NONE,0,0,0,0,True,500,"Synthetic mechanism check — not empirical SPY evidence, trading evidence, or an exact paper replication."
76,u_shaped_periodicity,1,QLIKE,0.049505411666063384,0.049233496012391118,0.99450735496340359,-0.00027191565367226645,5,0.99899949949937417,-0.8298962352773932,0.40659745361148775,NONE,0,0,0,0,True,500,"Synthetic mechanism check — not empirical SPY evidence, trading evidence, or an exact paper replication."
76,u_shaped_periodicity,5,MSE,5.3655004854691766e-10,5.2919232918471512e-10,0.98628698407142323,-7.3577193622026568e-12,5,0.99099949545900379,-1.1366336159094594,0.25569148112429102,NONE,0,0,0,0,True,500,"Synthetic mechanism check — not empirical SPY evidence, trading evidence, or an exact paper replication."
76,u_shaped_periodicity,5,QLIKE,0.026107847179771725,0.025948328189893018,0.99388999832960945,-0.0001595189898787046,5,0.99099949545900379,-0.58889184825192409,0.55593382646244549,NONE,0,0,0,0,True,500,"Synthetic mechanism check — not empirical SPY evidence, trading evidence, or an exact paper replication."
76,u_shaped_periodicity,22,MSE,4.353183457940321e-10,4.1687116188411403e-10,0.95762369289474825,-1.8447183909918042e-11,21,0.95699947753381764,-1.7667792809957554,0.077265199883781693,NONE,0,0,0,0,True,500,"Synthetic mechanism check — not empirical SPY evidence, trading evidence, or an exact paper replication."
76,u_shaped_periodicity,22,QLIKE,0.021832833185550279,0.021270741447663114,0.97425475048931454,-0.00056209173788716264,21,0.95699947753381764,-1.3265497466879923,0.18465766879495335,NONE,0,0,0,0,True,500,"Synthetic mechanism check — not empirical SPY evidence, trading evidence, or an exact paper replication."
77,no_periodicity,1,MSE,1.5347062172647452e-09,1.5354990151752907e-09,1.0005165795913427,7.9279791054563729e-13,5,0.99899949949937417,0.61552305418420594,0.53820934903656603,NONE,0,0,0,0,True,500,"Synthetic mechanism check — not empirical SPY evidence, trading evidence, or an exact paper replication."
77,no_periodicity,1,QLIKE,0.050094359050085364,0.050120412130861637,1.0005200801301843,2.605308077626667e-05,5,0.99899949949937417,0.70182358321581539,0.48278918957427552,NONE,0,0,0,0,True,500,"Synthetic mechanism check — not empirical SPY evidence, trading evidence, or an exact paper replication."
77,no_periodicity,5,MSE,8.2223044217129964e-10,8.2294140349714725e-10,1.0008646740492484,7.1096132584759435e-13,5,0.99099949545900379,0.89813214050524726,0.36911510581416801,NONE,0,0,0,0,True,500,"Synthetic mechanism check — not empirical SPY evidence, trading evidence, or an exact paper replication."
77,no_periodicity,5,QLIKE,0.028991884367903658,0.029016346209661883,1.0008437479070973,2.4461841758222748e-05,5,0.99099949545900379,1.0320161359219855,0.30206455852286357,NONE,0,0,0,0,True,500,"Synthetic mechanism check — not empirical SPY evidence, trading evidence, or an exact paper replication."
77,no_periodicity,22,MSE,7.2588109381970281e-10,7.2595736264206158e-10,1.000105070683075,7.6268822358693991e-14,21,0.95699947753381764,0.136404460401992,0.89150154774649715,NONE,0,0,0,0,True,500,"Synthetic mechanism check — not empirical SPY evidence, trading evidence, or an exact paper replication."
77,no_periodicity,22,QLIKE,0.03059413987347152,0.03059759498087793,1.0001129336343724,3.4551074064119724e-06,21,0.95699947753381764,0.14927983875175077,0.88133282335466767,NONE,0,0,0,0,True,500,"Synthetic mechanism check — not empirical SPY evidence, trading evidence, or an exact paper replication."
77,u_shaped_periodicity,1,MSE,1.6335762560408073e-09,1.617481702656127e-09,0.9901476571264034,-1.6094553384680135e-11,5,0.99899949949937417,-1.3221282035213739,0.18612546363961602,NONE,0,0,0,0,True,500,"Synthetic mechanism check — not empirical SPY evidence, trading evidence, or an exact paper replication."
77,u_shaped_periodicity,1,QLIKE,0.053009764463585553,0.052210736282018978,0.98492677359252445,-0.00079902818156657321,5,0.99899949949937417,-2.2783166946185958,0.022707715700699824,HARP,0,0,0,0,True,500,"Synthetic mechanism check — not empirical SPY evidence, trading evidence, or an exact paper replication."
77,u_shaped_periodicity,5,MSE,8.499431489012795e-10,8.3248603903194042e-10,0.97946084994989857,-1.7457109869339135e-11,5,0.99099949545900379,-2.1375454792108028,0.032553650786471371,HARP,0,0,0,0,True,500,"Synthetic mechanism check — not empirical SPY evidence, trading evidence, or an exact paper replication."
77,u_shaped_periodicity,5,QLIKE,0.029856370938488305,0.029061536638056457,0.9733780672115373,-0.00079483430043184814,5,0.99099949545900379,-3.0889168027205787,0.0020088768655914129,HARP,0,0,0,0,True,500,"Synthetic mechanism check — not empirical SPY evidence, trading evidence, or an exact paper replication."
77,u_shaped_periodicity,22,MSE,7.4825900139772343e-10,7.2922877471842803e-10,0.97456732676286206,-1.9030226679295287e-11,21,0.95699947753381764,-2.3702316321409178,0.017776944230775662,HARP,0,0,0,0,True,500,"Synthetic mechanism check — not empirical SPY evidence, trading evidence, or an exact paper replication."
77,u_shaped_periodicity,22,QLIKE,0.03130412691726403,0.030444568315941008,0.9725416842451855,-0.00085955860132301922,21,0.95699947753381764,-2.6190474405974586,0.0088175683984723432,HARP,0,0,0,0,True,500,"Synthetic mechanism check — not empirical SPY evidence, trading evidence, or an exact paper replication."
78,no_periodicity,1,MSE,9.957059279074222e-10,9.9615137634887757e-10,1.000447369478247,4.4544844145526582e-13,5,0.99899949949937417,0.29154605060782807,0.77063372941577801,NONE,0,0,0,0,True,500,"Synthetic mechanism check — not empirical SPY evidence, trading evidence, or an exact paper replication."
78,no_periodicity,1,QLIKE,0.048144423866959142,0.048141098517825859,0.99993092971384445,-3.3253491332820848e-06,5,0.99899949949937417,-0.062509452716186353,0.95015713448386341,NONE,0,0,0,0,True,500,"Synthetic mechanism check — not empirical SPY evidence, trading evidence, or an exact paper replication."
78,no_periodicity,5,MSE,5.2420113276303231e-10,5.2483481068161353e-10,1.0012088450004699,6.3367791858122132e-13,5,0.99099949545900379,0.77947784389322305,0.43569828409139111,NONE,0,0,0,0,True,500,"Synthetic mechanism check — not empirical SPY evidence, trading evidence, or an exact paper replication."
78,no_periodicity,5,QLIKE,0.025480834643591625,0.02549683780195049,1.0006280468667021,1.600315835886512e-05,5,0.99099949545900379,0.42613219643063566,0.67001152067014602,NONE,0,0,0,0,True,500,"Synthetic mechanism check — not empirical SPY evidence, trading evidence, or an exact paper replication."
78,no_periodicity,22,MSE,4.1276109219329873e-10,4.13061757971659e-10,1.0007284256778239,3.0066577836034662e-13,21,0.95699947753381764,0.24263140645740638,0.80829094924753231,NONE,0,0,0,0,True,500,"Synthetic mechanism check — not empirical SPY evidence, trading evidence, or an exact paper replication."
78,no_periodicity,22,QLIKE,0.01945537753537533,0.019465726933003677,1.0005319556307519,1.0349397628346413e-05,21,0.95699947753381764,0.24419263072785982,0.80708163416887657,NONE,0,0,0,0,True,500,"Synthetic mechanism check — not empirical SPY evidence, trading evidence, or an exact paper replication."
78,u_shaped_periodicity,1,MSE,1.0616316897703605e-09,1.0532629537954778e-09,0.99211710044498302,-8.3687359748824279e-12,5,0.99899949949937417,-0.97391639440465527,0.33009805285410643,NONE,0,0,0,0,True,500,"Synthetic mechanism check — not empirical SPY evidence, trading evidence, or an exact paper replication."
78,u_shaped_periodicity,1,QLIKE,0.05131524974011286,0.051154757218921668,0.99687242053767622,-0.00016049252119118939,5,0.99899949949937417,-0.45493017913877981,0.64915947046384648,NONE,0,0,0,0,True,500,"Synthetic mechanism check — not empirical SPY evidence, trading evidence, or an exact paper replication."
78,u_shaped_periodicity,5,MSE,5.5831271807026035e-10,5.5073750603629999e-10,0.98643195508756609,-7.5752120339604105e-12,5,0.99099949545900379,-1.1428289771630358,0.25310960519660336,NONE,0,0,0,0,True,500,"Synthetic mechanism check — not empirical SPY evidence, trading evidence, or an exact paper replication."
78,u_shaped_periodicity,5,QLIKE,0.026494877643818516,0.026534327867415931,1.0014889754966134,3.9450223597414344e-05,5,0.99099949545900379,0.13245399900493021,0.89462520584168259,NONE,0,0,0,0,True,500,"Synthetic mechanism check — not empirical SPY evidence, trading evidence, or an exact paper replication."
78,u_shaped_periodicity,22,MSE,4.2412007803596668e-10,4.1102516305203024e-10,0.96912451057592719,-1.3094914983936447e-11,21,0.95699947753381764,-1.6249604209180428,0.10417099247533501,NONE,0,0,0,0,True,500,"Synthetic mechanism check — not empirical SPY evidence, trading evidence, or an exact paper replication."
78,u_shaped_periodicity,22,QLIKE,0.01993528010839276,0.019692373466782435,0.98781523809599936,-0.00024290664161033114,21,0.95699947753381764,-0.69726361376661472,0.4856378347537077,NONE,0,0,0,0,True,500,"Synthetic mechanism check — not empirical SPY evidence, trading evidence, or an exact paper replication."
79,no_periodicity,1,MSE,7.1103433034875365e-10,7.1222262393467301e-10,1.0016712183015644,1.1882935859195317e-12,5,0.99899949949937417,1.5146265112199488,0.12986701447971072,NONE,0,0,0,0,True,500,"Synthetic mechanism check — not empirical SPY evidence, trading evidence, or an exact paper replication."
79,no_periodicity,1,QLIKE,0.051087536592899219,0.051125765783506055,1.0007483075747314,3.8229190606834606e-05,5,0.99899949949937417,0.87331199572230123,0.38249304388892902,NONE,0,0,0,0,True,500,"Synthetic mechanism check — not empirical SPY evidence, trading evidence, or an exact paper replication."
79,no_periodicity,5,MSE,3.6090823020898814e-10,3.6177426963127698e-10,1.0023996111748057,8.6603942228888029e-13,5,0.99099949545900379,1.1623272132481535,0.24510257667352481,NONE,0,0,0,0,True,500,"Synthetic mechanism check — not empirical SPY evidence, trading evidence, or an exact paper replication."
79,no_periodicity,5,QLIKE,0.025220894631563424,0.025248078096206123,1.0010778152416797,2.7183464642692723e-05,5,0.99099949545900379,0.67296468435559509,0.50096975869740079,NONE,0,0,0,0,True,500,"Synthetic mechanism check — not empirical SPY evidence, trading evidence, or an exact paper replication."
79,no_periodicity,22,MSE,3.3327503567049924e-10,3.3248288087548189e-10,0.99762311991528663,-7.9215479501735192e-13,21,0.95699947753381764,-1.2353325962990813,0.2167067471109346,NONE,0,0,0,0,True,500,"Synthetic mechanism check — not empirical SPY evidence, trading evidence, or an exact paper replication."
79,no_periodicity,22,QLIKE,0.024167887292233459,0.02408867350630825,0.99672235371808171,-7.9213785925206454e-05,21,0.95699947753381764,-1.9157640369162869,0.055395137259322158,NONE,0,0,0,0,True,500,"Synthetic mechanism check — not empirical SPY evidence, trading evidence, or an exact paper replication."
79,u_shaped_periodicity,1,MSE,7.7208909240793956e-10,7.6015420134977771e-10,0.98454208047294112,-1.1934891058161788e-11,5,0.99899949949937417,-1.8126491268689875,0.069885955561956953,NONE,0,0,0,0,True,500,"Synthetic mechanism check — not empirical SPY evidence, trading evidence, or an exact paper replication."
79,u_shaped_periodicity,1,QLIKE,0.055328970561483802,0.054426802963193993,0.98369448068282273,-0.00090216759828981412,5,0.99899949949937417,-2.1651448850354025,0.030376591544318106,HARP,0,0,0,0,True,500,"Synthetic mechanism check — not empirical SPY evidence, trading evidence, or an exact paper replication."
79,u_shaped_periodicity,5,MSE,3.7253910564649855e-10,3.6444312190804695e-10,0.97826809691722982,-8.095983738451589e-12,5,0.99099949545900379,-2.1471454663257297,0.031781702621187465,HARP,0,0,0,0,True,500,"Synthetic mechanism check — not empirical SPY evidence, trading evidence, or an exact paper replication."
79,u_shaped_periodicity,5,QLIKE,0.026193126246488972,0.025390505889211556,0.96935759596909499,-0.00080262035727741402,5,0.99099949545900379,-2.9089925031547441,0.0036259555482490938,HARP,0,0,0,0,True,500,"Synthetic mechanism check — not empirical SPY evidence, trading evidence, or an exact paper replication."
79,u_shaped_periodicity,22,MSE,3.3479497631569195e-10,3.2172093040802913e-10,0.96094909770887726,-1.3074045907662693e-11,21,0.95699947753381764,-2.4195473408077071,0.015539837827833079,HARP,0,0,0,0,True,500,"Synthetic mechanism check — not empirical SPY evidence, trading evidence, or an exact paper replication."
79,u_shaped_periodicity,22,QLIKE,0.024343789991276722,0.023236900861743976,0.95453094485577694,-0.0011068891295327465,21,0.95699947753381764,-2.8125311925734855,0.0049153255862195667,HARP,0,0,0,0,True,500,"Synthetic mechanism check — not empirical SPY evidence, trading evidence, or an exact paper replication."
80,no_periodicity,1,MSE,9.7084359909047794e-10,9.7136180332322168e-10,1.0005337669561083,5.1820423274375568e-13,5,0.99899949949937417,0.36323548096773034,0.71642898506022512,NONE,0,0,0,0,True,500,"Synthetic mechanism check — not empirical SPY evidence, trading evidence, or an exact paper replication."
80,no_periodicity,1,QLIKE,0.046895206951069329,0.046913718783716987,1.0003947489274752,1.8511832647658988e-05,5,0.99899949949937417,0.4249624325004604,0.67086406105525176,NONE,0,0,0,0,True,500,"Synthetic mechanism check — not empirical SPY evidence, trading evidence, or an exact paper replication."
80,no_periodicity,5,MSE,4.2835532849576961e-10,4.2969690383633151e-10,1.0031319216811729,1.3415753405619013e-12,5,0.99099949545900379,1.7345297101648636,0.082824138932010447,NONE,0,0,0,0,True,500,"Synthetic mechanism check — not empirical SPY evidence, trading evidence, or an exact paper replication."
80,no_periodicity,5,QLIKE,0.020597526967914673,0.020612901307240101,1.0007464167591273,1.5374339325428642e-05,5,0.99099949545900379,0.55471256124988455,0.57909128295395562,NONE,0,0,0,0,True,500,"Synthetic mechanism check — not empirical SPY evidence, trading evidence, or an exact paper replication."
80,no_periodicity,22,MSE,3.4107431072144285e-10,3.4178622781359912e-10,1.0020872785483328,7.1191709215628822e-13,21,0.95699947753381764,0.86896456341991712,0.38486651361015028,NONE,0,0,0,0,True,500,"Synthetic mechanism check — not empirical SPY evidence, trading evidence, or an exact paper replication."
80,no_periodicity,22,QLIKE,0.021028588735097803,0.021014817030013573,0.99934509608525257,-1.3771705084229425e-05,21,0.95699947753381764,-0.36889510559378352,0.71220591163990554,NONE,0,0,0,0,True,500,"Synthetic mechanism check — not empirical SPY evidence, trading evidence, or an exact paper replication."
80,u_shaped_periodicity,1,MSE,1.0234218324207245e-09,1.0146395364518902e-09,0.99141869394357041,-8.7822959688341383e-12,5,0.99899949949937417,-1.0782492486222639,0.28092253914182547,NONE,0,0,0,0,True,500,"Synthetic mechanism check — not empirical SPY evidence, trading evidence, or an exact paper replication."
80,u_shaped_periodicity,1,QLIKE,0.049953877527470297,0.049391154374783565,0.9887351456875938,-0.000562723152686726,5,0.99899949949937417,-1.7554463964082958,0.079182981899211788,NONE,0,0,0,0,True,500,"Synthetic mechanism check — not empirical SPY evidence, trading evidence, or an exact paper replication."
80,u_shaped_periodicity,5,MSE,4.417961604041948e-10,4.3893810106289079e-10,0.99353081896707929,-2.8580593413039965e-12,5,0.99099949545900379,-0.53715033104868048,0.59116377692166555,NONE,0,0,0,0,True,500,"Synthetic mechanism check — not empirical SPY evidence, trading evidence, or an exact paper replication."
80,u_shaped_periodicity,5,QLIKE,0.021468338832014638,0.021088923730859747,0.9823267601595197,-0.00037941510115489183,5,0.99099949545900379,-1.5349317276989694,0.12480059906302367,NONE,0,0,0,0,True,500,"Synthetic mechanism check — not empirical SPY evidence, trading evidence, or an exact paper replication."
80,u_shaped_periodicity,22,MSE,3.5466435205571948e-10,3.5460485594988729e-10,0.99983224672711724,-5.9496105832197843e-14,21,0.95699947753381764,-0.011352237125607609,0.9909424198140121,NONE,0,0,0,0,True,500,"Synthetic mechanism check — not empirical SPY evidence, trading evidence, or an exact paper replication."
80,u_shaped_periodicity,22,QLIKE,0.021909108270386439,0.02163303579231643,0.98739919148406585,-0.00027607247807001032,21,0.95699947753381764,-0.75870565601515494,0.44802865272382475,NONE,0,0,0,0,True,500,"Synthetic mechanism check — not empirical SPY evidence, trading evidence, or an exact paper replication."
81,no_periodicity,1,MSE,1.2269195078803232e-09,1.2253565904729841e-09,0.99872614511603997,-1.5629174073392394e-12,5,0.99899949949937417,-1.0742240194322317,0.28272228948829115,NONE,0,0,0,0,True,500,"Synthetic mechanism check — not empirical SPY evidence, trading evidence, or an exact paper replication."
81,no_periodicity,1,QLIKE,0.041363229921976344,0.041326308949645355,0.99910739629374612,-3.6920972330992894e-05,5,0.99899949949937417,-1.0526437805365716,0.29250428386381028,NONE,0,0,0,0,True,500,"Synthetic mechanism check — not empirical SPY evidence, trading evidence, or an exact paper replication."
81,no_periodicity,5,MSE,5.2469395835913126e-10,5.2445321779167236e-10,0.99954117907472806,-2.4074056745894935e-13,5,0.99099949545900379,-0.34243210353863768,0.73202573206655819,NONE,0,0,0,0,True,500,"Synthetic mechanism check — not empirical SPY evidence, trading evidence, or an exact paper replication."
81,no_periodicity,5,QLIKE,0.016839323687144726,0.016836570845484424,0.99983652302720427,-2.7528416603050941e-06,5,0.99099949545900379,-0.13130834489315332,0.89553139068032284,NONE,0,0,0,0,True,500,"Synthetic mechanism check — not empirical SPY evidence, trading evidence, or an exact paper replication."
81,no_periodicity,22,MSE,3.7522155154568898e-10,3.7474698977869709e-10,0.99873524917468903,-4.745617669918827e-13,21,0.95699947753381764,-0.51857763832998516,0.60405530625535919,NONE,0,0,0,0,True,500,"Synthetic mechanism check — not empirical SPY evidence, trading evidence, or an exact paper replication."
81,no_periodicity,22,QLIKE,0.012442000954489123,0.012423826150612299,0.99853923786509069,-1.8174803876824352e-05,21,0.95699947753381764,-0.488566354431334,0.6251487379749856,NONE,0,0,0,0,True,500,"Synthetic mechanism check — not empirical SPY evidence, trading evidence, or an exact paper replication."
81,u_shaped_periodicity,1,MSE,1.3152456952407815e-09,1.316914325657632e-09,1.0012686834276581,1.6686304168506293e-12,5,0.99899949949937417,0.17800508449334512,0.8587189826653473,NONE,0,0,0,0,True,500,"Synthetic mechanism check — not empirical SPY evidence, trading evidence, or an exact paper replication."
81,u_shaped_periodicity,1,QLIKE,0.044167923941290488,0.044298743510974306,1.0029618682068395,0.00013081956968381058,5,0.99899949949937417,0.49819362659379413,0.61834757421170927,NONE,0,0,0,0,True,500,"Synthetic mechanism check — not empirical SPY evidence, trading evidence, or an exact paper replication."
81,u_shaped_periodicity,5,MSE,5.5637562627156328e-10,5.5673084526698996e-10,1.0006384517557088,3.5521899542670414e-13,5,0.99099949545900379,0.039264609786971799,0.96867942214423153,NONE,0,0,0,0,True,500,"Synthetic mechanism check — not empirical SPY evidence, trading evidence, or an exact paper replication."
81,u_shaped_periodicity,5,QLIKE,0.018020609418786741,0.017990166299044635,0.99831064982128914,-3.044311974210201e-05,5,0.99099949545900379,-0.13031479551175679,0.89631737476106155,NONE,0,0,0,0,True,500,"Synthetic mechanism check — not empirical SPY evidence, trading evidence, or an exact paper replication."
81,u_shaped_periodicity,22,MSE,4.0992210221822514e-10,4.0280858071071354e-10,0.98264665050013655,-7.1135215075115688e-12,21,0.95699947753381764,-1.1569018886106077,0.24731244703844871,NONE,0,0,0,0,True,500,"Synthetic mechanism check — not empirical SPY evidence, trading evidence, or an exact paper replication."
81,u_shaped_periodicity,22,QLIKE,0.013596102984803762,0.013275824543651372,0.97644336457951508,-0.0003202784411523898,21,0.95699947753381764,-1.3903142463263447,0.16443347365218455,NONE,0,0,0,0,True,500,"Synthetic mechanism check — not empirical SPY evidence, trading evidence, or an exact paper replication."
82,no_periodicity,1,MSE,9.9759907309537059e-10,9.9579538390049171e-10,0.99819196985690617,-1.8036891948787543e-12,5,0.99899949949937417,-1.7693640691187567,0.07683313778084766,NONE,0,0,0,0,True,500,"Synthetic mechanism check — not empirical SPY evidence, trading evidence, or an exact paper replication."
82,no_periodicity,1,QLIKE,0.047466119050598027,0.047401924176430944,0.99864756429531021,-6.4194874167077472e-05,5,0.99899949949937417,-1.3530622330236268,0.1760357497106394,NONE,0,0,0,0,True,500,"Synthetic mechanism check — not empirical SPY evidence, trading evidence, or an exact paper replication."
82,no_periodicity,5,MSE,4.6608613251788238e-10,4.6574942020633511e-10,0.9992775749200512,-3.3671231154731236e-13,5,0.99099949545900379,-0.45890294249350277,0.64630386564274478,NONE,0,0,0,0,True,500,"Synthetic mechanism check — not empirical SPY evidence, trading evidence, or an exact paper replication."
82,no_periodicity,5,QLIKE,0.022447798590677227,0.022445058835272411,0.99987794992931045,-2.7397554048174122e-06,5,0.99099949545900379,-0.074583973131536474,0.94054572619041188,NONE,0,0,0,0,True,500,"Synthetic mechanism check — not empirical SPY evidence, trading evidence, or an exact paper replication."
82,no_periodicity,22,MSE,3.3556299279362288e-10,3.363063419538268e-10,1.0022152298559963,7.4334916020387292e-13,21,0.95699947753381764,1.0442809686389218,0.29635541529404025,NONE,0,0,0,0,True,500,"Synthetic mechanism check — not empirical SPY evidence, trading evidence, or an exact paper replication."
82,no_periodicity,22,QLIKE,0.018313627069511694,0.01835793206501048,1.0024192365242899,4.4304995498785973e-05,21,0.95699947753381764,0.96995302665296568,0.3320699067745021,NONE,0,0,0,0,True,500,"Synthetic mechanism check — not empirical SPY evidence, trading evidence, or an exact paper replication."
82,u_shaped_periodicity,1,MSE,1.0377552806184044e-09,1.0333388249843081e-09,0.99574422244186078,-4.4164556340964085e-12,5,0.99899949949937417,-0.53694647897113135,0.59130458428971244,NONE,0,0,0,0,True,500,"Synthetic mechanism check — not empirical SPY evidence, trading evidence, or an exact paper replication."
82,u_shaped_periodicity,1,QLIKE,0.049919979411488499,0.04962565350315841,0.99410404587902623,-0.00029432590833008553,5,0.99899949949937417,-0.8667252619220488,0.38609256062566366,NONE,0,0,0,0,True,500,"Synthetic mechanism check — not empirical SPY evidence, trading evidence, or an exact paper replication."
82,u_shaped_periodicity,5,MSE,4.6792695315386485e-10,4.6700054979549956e-10,0.99802019663086028,-9.2640335836537698e-13,5,0.99099949545900379,-0.16179737396966484,0.87146542106470393,NONE,0,0,0,0,True,500,"Synthetic mechanism check — not empirical SPY evidence, trading evidence, or an exact paper replication."
82,u_shaped_periodicity,5,QLIKE,0.022195163786817497,0.022142552083822115,0.9976295870802887,-5.2611702995382984e-05,5,0.99099949545900379,-0.20025965241088214,0.84127751604025802,NONE,0,0,0,0,True,500,"Synthetic mechanism check — not empirical SPY evidence, trading evidence, or an exact paper replication."
82,u_shaped_periodicity,22,MSE,3.4392831274277136e-10,3.3863043457690929e-10,0.98459598128571513,-5.2978781658620972e-12,21,0.95699947753381764,-0.99626788011479384,0.31912000570250426,NONE,0,0,0,0,True,500,"Synthetic mechanism check — not empirical SPY evidence, trading evidence, or an exact paper replication."
82,u_shaped_periodicity,22,QLIKE,0.018576862731027315,0.01836581514242942,0.98863922333638177,-0.00021104758859789863,21,0.95699947753381764,-0.75749691543409059,0.44875221317486758,NONE,0,0,0,0,True,500,"Synthetic mechanism check — not empirical SPY evidence, trading evidence, or an exact paper replication."
83,no_periodicity,1,MSE,2.5172494626012852e-09,2.5145780665966267e-09,0.99893876389910996,-2.6713960046590914e-12,5,0.99899949949937417,-1.7300427820877355,0.083622631837779474,NONE,0,0,0,0,True,500,"Synthetic mechanism check — not empirical SPY evidence, trading evidence, or an exact paper replication."
83,no_periodicity,1,QLIKE,0.053884138690895346,0.053789240327038197,0.99823884419120945,-9.4898363857153891e-05,5,0.99899949949937417,-2.4686696943490127,0.013561633423385814,HARP,0,0,0,0,True,500,"Synthetic mechanism check — not empirical SPY evidence, trading evidence, or an exact paper replication."
83,no_periodicity,5,MSE,9.4518851947473508e-10,9.4120967540510509e-10,0.99579042277000873,-3.9788440696300909e-12,5,0.99099949545900379,-2.7138954457494764,0.0066497149862535972,HARP,0,0,0,0,True,500,"Synthetic mechanism check — not empirical SPY evidence, trading evidence, or an exact paper replication."
83,no_periodicity,5,QLIKE,0.022000516155736533,0.021902880633373957,0.99556212583052883,-9.7635522362575771e-05,5,0.99099949545900379,-2.8905864525455409,0.0038452375200848489,HARP,0,0,0,0,True,500,"Synthetic mechanism check — not empirical SPY evidence, trading evidence, or an exact paper replication."
83,no_periodicity,22,MSE,6.9176301652213443e-10,6.8924761822156739e-10,0.99636378609366349,-2.5153983005669638e-12,21,0.95699947753381764,-2.2860165952242983,0.022253287718953067,HARP,0,0,0,0,True,500,"Synthetic mechanism check — not empirical SPY evidence, trading evidence, or an exact paper replication."
83,no_periodicity,22,QLIKE,0.018522244279177636,0.018450574759467236,0.99613062441947331,-7.1669519710400916e-05,21,0.95699947753381764,-2.3817558232733695,0.017230318177146226,HARP,0,0,0,0,True,500,"Synthetic mechanism check — not empirical SPY evidence, trading evidence, or an exact paper replication."
83,u_shaped_periodicity,1,MSE,2.7586730371624159e-09,2.7274797836136605e-09,0.98869266015633339,-3.1193253548755342e-11,5,0.99899949949937417,-1.6730375708333876,0.094319900027654224,NONE,0,0,0,0,True,500,"Synthetic mechanism check — not empirical SPY evidence, trading evidence, or an exact paper replication."
83,u_shaped_periodicity,1,QLIKE,0.057603435565662879,0.057116341512539553,0.99154401038167106,-0.00048709405312331855,5,0.99899949949937417,-1.2862702389967275,0.1983487652221303,NONE,0,0,0,0,True,500,"Synthetic mechanism check — not empirical SPY evidence, trading evidence, or an exact paper replication."
83,u_shaped_periodicity,5,MSE,9.887905886039861e-10,9.7439260647966968e-10,0.98543879534225332,-1.4397982124316632e-11,5,0.99099949545900379,-1.2928147218437496,0.19607514742227697,NONE,0,0,0,0,True,500,"Synthetic mechanism check — not empirical SPY evidence, trading evidence, or an exact paper replication."
83,u_shaped_periodicity,5,QLIKE,0.023007329745827594,0.022718533120426022,0.98744762523108776,-0.00028879662540156747,5,0.99099949545900379,-1.0594839950470902,0.28937941444336951,NONE,0,0,0,0,True,500,"Synthetic mechanism check — not empirical SPY evidence, trading evidence, or an exact paper replication."
83,u_shaped_periodicity,22,MSE,7.1370942390477247e-10,7.0432253137434146e-10,0.98684773912739665,-9.386892530431022e-12,21,0.95699947753381764,-0.95808028596194827,0.33802227552496117,NONE,0,0,0,0,True,500,"Synthetic mechanism check — not empirical SPY evidence, trading evidence, or an exact paper replication."
83,u_shaped_periodicity,22,QLIKE,0.019086144245111472,0.018873045580727912,0.98883490234345572,-0.00021309866438356062,21,0.95699947753381764,-0.74198599575081281,0.45809582053051956,NONE,0,0,0,0,True,500,"Synthetic mechanism check — not empirical SPY evidence, trading evidence, or an exact paper replication."
84,no_periodicity,1,MSE,1.739364088471033e-09,1.7405423991771416e-09,1.0006774376416754,1.1783107061083193e-12,5,0.99899949949937417,0.4809026093775548,0.63058571814473552,NONE,0,0,0,0,True,500,"Synthetic mechanism check — not empirical SPY evidence, trading evidence, or an exact paper replication."
84,no_periodicity,1,QLIKE,0.044144351006342349,0.044222693183074466,1.0017746818097033,7.8342176732117076e-05,5,0.99899949949937417,1.4488655282182792,0.14737513958402446,NONE,0,0,0,0,True,500,"Synthetic mechanism check — not empirical SPY evidence, trading evidence, or an exact paper replication."
84,no_periodicity,5,MSE,7.1731777899720811e-10,7.1789471056048485e-10,1.000804290065253,5.7693156327683664e-13,5,0.99099949545900379,0.32767144220643446,0.74316009812669892,NONE,0,0,0,0,True,500,"Synthetic mechanism check — not empirical SPY evidence, trading evidence, or an exact paper replication."
84,no_periodicity,5,QLIKE,0.01953459660944773,0.019568584681200079,1.0017398911496289,3.3988071752349749e-05,5,0.99099949545900379,0.87071308232150235,0.38391083354793787,NONE,0,0,0,0,True,500,"Synthetic mechanism check — not empirical SPY evidence, trading evidence, or an exact paper replication."
84,no_periodicity,22,MSE,4.7311101628962307e-10,4.6943614532617445e-10,0.99223253985445359,-3.6748709634485926e-12,21,0.95699947753381764,-1.5489617964498057,0.12139090410627532,NONE,0,0,0,0,True,500,"Synthetic mechanism check — not empirical SPY evidence, trading evidence, or an exact paper replication."
84,no_periodicity,22,QLIKE,0.015779864011041509,0.015739119362435244,0.99741793411034751,-4.0744648606267919e-05,21,0.95699947753381764,-0.72680401879073131,0.46734602085378341,NONE,0,0,0,0,True,500,"Synthetic mechanism check — not empirical SPY evidence, trading evidence, or an exact paper replication."
84,u_shaped_periodicity,1,MSE,1.7996080643264526e-09,1.7882327568487482e-09,0.99367900838899503,-1.1375307477704364e-11,5,0.99899949949937417,-0.74115774938042256,0.45859779781684668,NONE,0,0,0,0,True,500,"Synthetic mechanism check — not empirical SPY evidence, trading evidence, or an exact paper replication."
84,u_shaped_periodicity,1,QLIKE,0.046342859467848274,0.046231572636636402,0.99759861966892482,-0.00011128683121186933,5,0.99899949949937417,-0.32350167765379517,0.74631533719553256,NONE,0,0,0,0,True,500,"Synthetic mechanism check — not empirical SPY evidence, trading evidence, or an exact paper replication."
84,u_shaped_periodicity,5,MSE,7.4496950396594103e-10,7.4367775683721838e-10,0.99826604025823085,-1.291747128722697e-12,5,0.99099949545900379,-0.12546711205635541,0.90015376003730796,NONE,0,0,0,0,True,500,"Synthetic mechanism check — not empirical SPY evidence, trading evidence, or an exact paper replication."
84,u_shaped_periodicity,5,QLIKE,0.020216652622358177,0.020250056944482685,1.0016523171638991,3.34043221245115e-05,5,0.99099949545900379,0.12586854185471358,0.8998359845530578,NONE,0,0,0,0,True,500,"Synthetic mechanism check — not empirical SPY evidence, trading evidence, or an exact paper replication."
84,u_shaped_periodicity,22,MSE,4.8567294206083592e-10,4.8868488455367563e-10,1.0062015859480646,3.0119424928398192e-12,21,0.95699947753381764,0.35132487865626472,0.72534463258195125,NONE,0,0,0,0,True,500,"Synthetic mechanism check — not empirical SPY evidence, trading evidence, or an exact paper replication."
84,u_shaped_periodicity,22,QLIKE,0.016341351501211191,0.01638193045677044,1.0024832068238811,4.0578955559251731e-05,21,0.95699947753381764,0.13104057148878753,0.8957432126999374,NONE,0,0,0,0,True,500,"Synthetic mechanism check — not empirical SPY evidence, trading evidence, or an exact paper replication."
85,no_periodicity,1,MSE,1.6265233020959457e-09,1.6247097402804903e-09,0.99888500717258799,-1.8135618154555117e-12,5,0.99899949949937417,-0.97999737401530085,0.32708741489294429,NONE,0,0,0,0,True,500,"Synthetic mechanism check — not empirical SPY evidence, trading evidence, or an exact paper replication."
85,no_periodicity,1,QLIKE,0.045309189356269056,0.045256543911455893,0.99883808460135515,-5.2645444813157026e-05,5,0.99899949949937417,-1.2759363442878981,0.20197802213299615,NONE,0,0,0,0,True,500,"Synthetic mechanism check — not empirical SPY evidence, trading evidence, or an exact paper replication."
85,no_periodicity,5,MSE,8.0272381695768229e-10,8.0140779790674982e-10,0.99836055811085789,-1.3160190509325948e-12,5,0.99099949545900379,-0.78379020943257738,0.43316321961125148,NONE,0,0,0,0,True,500,"Synthetic mechanism check — not empirical SPY evidence, trading evidence, or an exact paper replication."
85,no_periodicity,5,QLIKE,0.023175411732502899,0.023138312897832535,0.99839921572489976,-3.7098834670364681e-05,5,0.99099949545900379,-0.94300819508411216,0.34567671118795756,NONE,0,0,0,0,True,500,"Synthetic mechanism check — not empirical SPY evidence, trading evidence, or an exact paper replication."
85,no_periodicity,22,MSE,7.1758322181678681e-10,7.1750497706920945e-10,0.99989096073431138,-7.8244747577347518e-14,21,0.95699947753381764,-0.035596039818304462,0.97160446608947015,NONE,0,0,0,0,True,500,"Synthetic mechanism check — not empirical SPY evidence, trading evidence, or an exact paper replication."
85,no_periodicity,22,QLIKE,0.022525539955795211,0.02254241541238667,1.0007491699033442,1.6875456591462169e-05,21,0.95699947753381764,0.26885670319432475,0.78803995636693713,NONE,0,0,0,0,True,500,"Synthetic mechanism check — not empirical SPY evidence, trading evidence, or an exact paper replication."
85,u_shaped_periodicity,1,MSE,1.7724028658388946e-09,1.7570037371408733e-09,0.9913117220724349,-1.5399128698021301e-11,5,0.99899949949937417,-1.0316655784687183,0.30222880783697303,NONE,0,0,0,0,True,500,"Synthetic mechanism check — not empirical SPY evidence, trading evidence, or an exact paper replication."
85,u_shaped_periodicity,1,QLIKE,0.048382798386535267,0.048202907758882745,0.9962819300732596,-0.0001798906276525183,5,0.99899949949937417,-0.54364041301775923,0.58668894412808292,NONE,0,0,0,0,True,500,"Synthetic mechanism check — not empirical SPY evidence, trading evidence, or an exact paper replication."
85,u_shaped_periodicity,5,MSE,8.484370879603646e-10,8.3342950917354831e-10,0.98231150075853668,-1.5007578786816247e-11,5,0.99099949545900379,-0.97241761958236261,0.33084282989442715,NONE,0,0,0,0,True,500,"Synthetic mechanism check — not empirical SPY evidence, trading evidence, or an exact paper replication."
85,u_shaped_periodicity,5,QLIKE,0.024563679638593801,0.024364290795854032,0.99188277791953883,-0.00019938884273976675,5,0.99099949545900379,-0.653517273136343,0.51342285741457938,NONE,0,0,0,0,True,500,"Synthetic mechanism check — not empirical SPY evidence, trading evidence, or an exact paper replication."
85,u_shaped_periodicity,22,MSE,7.5951863102065917e-10,7.5374591215195502e-10,0.99239950327361082,-5.7727188687040923e-12,21,0.95699947753381764,-0.33351221991691504,0.73874766679703385,NONE,0,0,0,0,True,500,"Synthetic mechanism check — not empirical SPY evidence, trading evidence, or an exact paper replication."
85,u_shaped_periodicity,22,QLIKE,0.02387264677450348,0.023968003887568499,1.0039944089135044,9.5357113065018599e-05,21,0.95699947753381764,0.24153960601535915,0.80913692381635416,NONE,0,0,0,0,True,500,"Synthetic mechanism check — not empirical SPY evidence, trading evidence, or an exact paper replication."
86,no_periodicity,1,MSE,2.1495190972936796e-09,2.1489698870960766e-09,0.99974449624648853,-5.4921019760304985e-13,5,0.99899949949937417,-0.2494829213526237,0.80298725011698058,NONE,0,0,0,0,True,500,"Synthetic mechanism check — not empirical SPY evidence, trading evidence, or an exact paper replication."
86,no_periodicity,1,QLIKE,0.045052434270575883,0.045057015704523938,1.0001016911521481,4.581433948047664e-06,5,0.99899949949937417,0.10023488230464354,0.92015785337924361,NONE,0,0,0,0,True,500,"Synthetic mechanism check — not empirical SPY evidence, trading evidence, or an exact paper replication."
86,no_periodicity,5,MSE,9.5821385408842427e-10,9.5855783513967629e-10,1.0003589815047909,3.4398105125193227e-13,5,0.99099949545900379,0.21675858330622177,0.82839649028729834,NONE,0,0,0,0,True,500,"Synthetic mechanism check — not empirical SPY evidence, trading evidence, or an exact paper replication."
86,no_periodicity,5,QLIKE,0.019731156848446795,0.019740999506333075,1.0004988383581297,9.8426578862773615e-06,5,0.99099949545900379,0.32686550860363844,0.7437696095288564,NONE,0,0,0,0,True,500,"Synthetic mechanism check — not empirical SPY evidence, trading evidence, or an exact paper replication."
86,no_periodicity,22,MSE,6.4954728478810538e-10,6.4954489368297451e-10,0.99999631881283035,-2.3911051308473478e-15,21,0.95699947753381764,-0.0012952916560722897,0.99896650707487888,NONE,0,0,0,0,True,500,"Synthetic mechanism check — not empirical SPY evidence, trading evidence, or an exact paper replication."
86,no_periodicity,22,QLIKE,0.013697971330467512,0.013683777875345967,0.99896382794363314,-1.4193455121545017e-05,21,0.95699947753381764,-0.41080950661791804,0.6812122217769101,NONE,0,0,0,0,True,500,"Synthetic mechanism check — not empirical SPY evidence, trading evidence, or an exact paper replication."
86,u_shaped_periodicity,1,MSE,2.1958288290966987e-09,2.176157048709939e-09,0.99104129605819402,-1.96717803867595e-11,5,0.99899949949937417,-1.0833966989303807,0.2786323802757748,NONE,0,0,0,0,True,500,"Synthetic mechanism check — not empirical SPY evidence, trading evidence, or an exact paper replication."
86,u_shaped_periodicity,1,QLIKE,0.046518020237993112,0.046290979201796388,0.99511928850292541,-0.00022704103619672943,5,0.99899949949937417,-0.65479978972791197,0.5125966660442598,NONE,0,0,0,0,True,500,"Synthetic mechanism check — not empirical SPY evidence, trading evidence, or an exact paper replication."
86,u_shaped_periodicity,5,MSE,9.6374859861391338e-10,9.5471051253997688e-10,0.99062194633856249,-9.0380860739365071e-12,5,0.99099949545900379,-0.80708567554081545,0.41961712430746334,NONE,0,0,0,0,True,500,"Synthetic mechanism check — not empirical SPY evidence, trading evidence, or an exact paper replication."
86,u_shaped_periodicity,5,QLIKE,0.01994823369168474,0.019766828531446849,0.99090620437670585,-0.00018140516023789743,5,0.99099949545900379,-0.84862566018754282,0.3960896238725371,NONE,0,0,0,0,True,500,"Synthetic mechanism check — not empirical SPY evidence, trading evidence, or an exact paper replication."
86,u_shaped_periodicity,22,MSE,6.1774366736501801e-10,6.17206005388627e-10,0.99912963579426983,-5.3766197639102061e-13,21,0.95699947753381764,-0.042208163922492666,0.96633275449269418,NONE,0,0,0,0,True,500,"Synthetic mechanism check — not empirical SPY evidence, trading evidence, or an exact paper replication."
86,u_shaped_periodicity,22,QLIKE,0.01322057420753352,0.013127376503537765,0.99295055551046729,-9.319770399575455e-05,21,0.95699947753381764,-0.33373896991919538,0.73857654018124652,NONE,0,0,0,0,True,500,"Synthetic mechanism check — not empirical SPY evidence, trading evidence, or an exact paper replication."
87,no_periodicity,1,MSE,9.3748202725354747e-10,9.3733556218885645e-10,0.99984376760254268,-1.4646506469094553e-13,5,0.99899949949937417,-0.16764444368420042,0.86686300496419155,NONE,0,0,0,0,True,500,"Synthetic mechanism check — not empirical SPY evidence, trading evidence, or an exact paper replication."
87,no_periodicity,1,QLIKE,0.043492929019879084,0.043457933864616605,0.99919538288059462,-3.4995155262477875e-05,5,0.99899949949937417,-1.0112288203405519,0.31190692485570176,NONE,0,0,0,0,True,500,"Synthetic mechanism check — not empirical SPY evidence, trading evidence, or an exact paper replication."
87,no_periodicity,5,MSE,4.3941411289808812e-10,4.3942331430355942e-10,1.000020940168286,9.2014054714060505e-15,5,0.99099949545900379,0.015451457794554943,0.98767201093197288,NONE,0,0,0,0,True,500,"Synthetic mechanism check — not empirical SPY evidence, trading evidence, or an exact paper replication."
87,no_periodicity,5,QLIKE,0.02100911335557433,0.021017761250488244,1.0004116258867068,8.6478949139188185e-06,5,0.99099949545900379,0.28448854797974926,0.77603600903041081,NONE,0,0,0,0,True,500,"Synthetic mechanism check — not empirical SPY evidence, trading evidence, or an exact paper replication."
87,no_periodicity,22,MSE,2.5501779970923561e-10,2.5500656504749959e-10,0.99995594557811718,-1.123466173606604e-14,21,0.95699947753381764,-0.01599229298245574,0.98724054021905827,NONE,0,0,0,0,True,500,"Synthetic mechanism check — not empirical SPY evidence, trading evidence, or an exact paper replication."
87,no_periodicity,22,QLIKE,0.014048261902290833,0.014068859197199265,1.0014661810159642,2.0597294908432316e-05,21,0.95699947753381764,0.51542463750116152,0.60625631967364679,NONE,0,0,0,0,True,500,"Synthetic mechanism check — not empirical SPY evidence, trading evidence, or an exact paper replication."
87,u_shaped_periodicity,1,MSE,9.3682392894141335e-10,9.2328482598142594e-10,0.98554786813004847,-1.3539102959987487e-11,5,0.99899949949937417,-1.5537567408254247,0.12024245283680032,NONE,0,0,0,0,True,500,"Synthetic mechanism check — not empirical SPY evidence, trading evidence, or an exact paper replication."
87,u_shaped_periodicity,1,QLIKE,0.043622815000347016,0.043052083028009377,0.98691666339430184,-0.00057073197233764269,5,0.99899949949937417,-1.6431388989123146,0.10035419824445416,NONE,0,0,0,0,True,500,"Synthetic mechanism check — not empirical SPY evidence, trading evidence, or an exact paper replication."
87,u_shaped_periodicity,5,MSE,4.2498660558650168e-10,4.2053249594033369e-10,0.98951941169999669,-4.4541096461679853e-12,5,0.99099949545900379,-0.75692245817594683,0.44909631963366931,NONE,0,0,0,0,True,500,"Synthetic mechanism check — not empirical SPY evidence, trading evidence, or an exact paper replication."
87,u_shaped_periodicity,5,QLIKE,0.020806742781118919,0.020514337093437859,0.98594658997051643,-0.00029240568768106056,5,0.99099949545900379,-1.1673083941239379,0.24308584998685759,NONE,0,0,0,0,True,500,"Synthetic mechanism check — not empirical SPY evidence, trading evidence, or an exact paper replication."
87,u_shaped_periodicity,22,MSE,2.4285471652136336e-10,2.425063529021106e-10,0.99856554723646018,-3.4836361925274427e-13,21,0.95699947753381764,-0.075047901792271249,0.94017659920521035,NONE,0,0,0,0,True,500,"Synthetic mechanism check — not empirical SPY evidence, trading evidence, or an exact paper replication."
87,u_shaped_periodicity,22,QLIKE,0.013501175899432753,0.01344273116405798,0.99567113740239266,-5.844473537477324e-05,21,0.95699947753381764,-0.26605393885194162,0.79019766828786131,NONE,0,0,0,0,True,500,"Synthetic mechanism check — not empirical SPY evidence, trading evidence, or an exact paper replication."
88,no_periodicity,1,MSE,1.1626566756429052e-09,1.1624612034174697e-09,0.99983187450815836,-1.954722254352451e-13,5,0.99899949949937417,-0.14389805053811211,0.88558097511228673,NONE,0,0,0,0,True,500,"Synthetic mechanism check — not empirical SPY evidence, trading evidence, or an exact paper replication."
88,no_periodicity,1,QLIKE,0.043052786567843906,0.04305647221988089,1.0000856077464619,3.6856520369723534e-06,5,0.99899949949937417,0.079501614368891346,0.9366336475985646,NONE,0,0,0,0,True,500,"Synthetic mechanism check — not empirical SPY evidence, trading evidence, or an exact paper replication."
88,no_periodicity,5,MSE,5.875022290261859e-10,5.8855571124553072e-10,1.0017931544210326,1.0534822193447242e-12,5,0.99099949545900379,1.137773742445944,0.25521497189519687,NONE,0,0,0,0,True,500,"Synthetic mechanism check — not empirical SPY evidence, trading evidence, or an exact paper replication."
88,no_periodicity,5,QLIKE,0.022667579691704503,0.022708003278506056,1.0017833217022436,4.0423586801547893e-05,5,0.99099949545900379,1.1870338048971172,0.23521428660609164,NONE,0,0,0,0,True,500,"Synthetic mechanism check — not empirical SPY evidence, trading evidence, or an exact paper replication."
88,no_periodicity,22,MSE,3.7896513140774131e-10,3.8075084878894422e-10,1.0047120888789147,1.7857173812028449e-12,21,0.95699947753381764,1.6917781512112262,0.090688280954477438,NONE,0,0,0,0,True,500,"Synthetic mechanism check — not empirical SPY evidence, trading evidence, or an exact paper replication."
88,no_periodicity,22,QLIKE,0.015182271640504246,0.015243408546655606,1.0040268615658448,6.1136906151360916e-05,21,0.95699947753381764,1.5592186830116845,0.11894463034293841,NONE,0,0,0,0,True,500,"Synthetic mechanism check — not empirical SPY evidence, trading evidence, or an exact paper replication."
88,u_shaped_periodicity,1,MSE,1.2547989405037421e-09,1.2307015147189928e-09,0.98079578727164418,-2.4097425784749348e-11,5,0.99899949949937417,-2.0041335631636308,0.045055754961548955,HARP,0,0,0,0,True,500,"Synthetic mechanism check — not empirical SPY evidence, trading evidence, or an exact paper replication."
88,u_shaped_periodicity,1,QLIKE,0.046519324951168034,0.045770216518490107,0.9838968335532754,-0.00074910843267791494,5,0.99899949949937417,-1.9797054097568234,0.047736640349301258,HARP,0,0,0,0,True,500,"Synthetic mechanism check — not empirical SPY evidence, trading evidence, or an exact paper replication."
88,u_shaped_periodicity,5,MSE,5.7223455745857467e-10,5.7012501501575758e-10,0.99631350044257017,-2.1095424428171102e-12,5,0.99099949545900379,-0.30856712020426269,0.75765083534636202,NONE,0,0,0,0,True,500,"Synthetic mechanism check — not empirical SPY evidence, trading evidence, or an exact paper replication."
88,u_shaped_periodicity,5,QLIKE,0.022439933558694357,0.022381255733041578,0.99738511589175161,-5.8677825652773128e-05,5,0.99099949545900379,-0.25968729181614347,0.79510499609045437,NONE,0,0,0,0,True,500,"Synthetic mechanism check — not empirical SPY evidence, trading evidence, or an exact paper replication."
88,u_shaped_periodicity,22,MSE,3.6977115249243654e-10,3.7795061941582514e-10,1.0221203489462469,8.179466923388621e-12,21,0.95699947753381764,1.3321782486849956,0.18280162232357056,NONE,0,0,0,0,True,500,"Synthetic mechanism check — not empirical SPY evidence, trading evidence, or an exact paper replication."
88,u_shaped_periodicity,22,QLIKE,0.014698588466031538,0.014976883555383355,1.0189334567734145,0.00027829508935181877,21,0.95699947753381764,1.3141653588296636,0.18879056325698901,NONE,0,0,0,0,True,500,"Synthetic mechanism check — not empirical SPY evidence, trading evidence, or an exact paper replication."
89,no_periodicity,1,MSE,1.4677345282226428e-09,1.4676628856997071e-09,0.99995118836440922,-7.1642522935931827e-14,5,0.99899949949937417,-0.046772795602452226,0.96269431126000027,NONE,0,0,0,0,True,500,"Synthetic mechanism check — not empirical SPY evidence, trading evidence, or an exact paper replication."
89,no_periodicity,1,QLIKE,0.046843525902215834,0.046822959091368653,0.9995609465672991,-2.0566810847177487e-05,5,0.99899949949937417,-0.44489893778042838,0.65639279030953745,NONE,0,0,0,0,True,500,"Synthetic mechanism check — not empirical SPY evidence, trading evidence, or an exact paper replication."
89,no_periodicity,5,MSE,6.5900793707271639e-10,6.6095947958701035e-10,1.002961333854282,1.9515425142940116e-12,5,0.99099949545900379,2.0396972396545356,0.041380490029458275,HAR,0,0,0,0,True,500,"Synthetic mechanism check — not empirical SPY evidence, trading evidence, or an exact paper replication."
89,no_periodicity,5,QLIKE,0.022508912384753686,0.022575385917422912,1.0029532094457949,6.6473532669224063e-05,5,0.99099949545900379,2.1262396539140451,0.033483309881506267,HAR,0,0,0,0,True,500,"Synthetic mechanism check — not empirical SPY evidence, trading evidence, or an exact paper replication."
89,no_periodicity,22,MSE,4.6771243120422236e-10,4.6968940037601374e-10,1.0042268903708658,1.9769691717913718e-12,21,0.95699947753381764,1.9324034877317431,0.053309723903841581,NONE,0,0,0,0,True,500,"Synthetic mechanism check — not empirical SPY evidence, trading evidence, or an exact paper replication."
89,no_periodicity,22,QLIKE,0.016722767424579652,0.016789005065422174,1.0039609257942057,6.6237640842521813e-05,21,0.95699947753381764,1.9807664249753647,0.047617473676819407,HAR,0,0,0,0,True,500,"Synthetic mechanism check — not empirical SPY evidence, trading evidence, or an exact paper replication."
89,u_shaped_periodicity,1,MSE,1.5666821679609119e-09,1.563344431370874e-09,0.99786955091575336,-3.3377365900375974e-12,5,0.99899949949937417,-0.23511292386311189,0.81412108803441086,NONE,0,0,0,0,True,500,"Synthetic mechanism check — not empirical SPY evidence, trading evidence, or an exact paper replication."
89,u_shaped_periodicity,1,QLIKE,0.04936389657453355,0.049128698398571494,0.99523542118262609,-0.00023519817596205251,5,0.99899949949937417,-0.53769084960915592,0.59079049753350277,NONE,0,0,0,0,True,500,"Synthetic mechanism check — not empirical SPY evidence, trading evidence, or an exact paper replication."
89,u_shaped_periodicity,5,MSE,7.1584861029194065e-10,7.1044256433257054e-10,0.99244805971312089,-5.4060459593700791e-12,5,0.99099949545900379,-0.42346545522367091,0.67195569735374638,NONE,0,0,0,0,True,500,"Synthetic mechanism check — not empirical SPY evidence, trading evidence, or an exact paper replication."
89,u_shaped_periodicity,5,QLIKE,0.023851441903016284,0.023703065228367591,0.9937791318758834,-0.00014837667464869276,5,0.99099949545900379,-0.37786694714949798,0.70552943751733266,NONE,0,0,0,0,True,500,"Synthetic mechanism check — not empirical SPY evidence, trading evidence, or an exact paper replication."
89,u_shaped_periodicity,22,MSE,5.2291882801124651e-10,5.0682312266154177e-10,0.96921949547902186,-1.6095705349704705e-11,21,0.95699947753381764,-0.79156872243172305,0.42861219039552234,NONE,0,0,0,0,True,500,"Synthetic mechanism check — not empirical SPY evidence, trading evidence, or an exact paper replication."
89,u_shaped_periodicity,22,QLIKE,0.018089668427674465,0.017805672844668663,0.98430067504325669,-0.00028399558300580096,21,0.95699947753381764,-0.48275518479171031,0.62926957476086731,NONE,0,0,0,0,True,500,"Synthetic mechanism check — not empirical SPY evidence, trading evidence, or an exact paper replication."
90,no_periodicity,1,MSE,8.7427765092370647e-10,8.740061240738018e-10,0.99968942720928777,-2.7152684990471247e-13,5,0.99899949949937417,-0.38891987732859373,0.6973354175298716,NONE,0,0,0,0,True,500,"Synthetic mechanism check — not empirical SPY evidence, trading evidence, or an exact paper replication."
90,no_periodicity,1,QLIKE,0.049307576982399196,0.049299251461348108,0.9998311512842325,-8.3255210510948528e-06,5,0.99899949949937417,-0.23315072482027308,0.81564436733431378,NONE,0,0,0,0,True,500,"Synthetic mechanism check — not empirical SPY evidence, trading evidence, or an exact paper replication."
90,no_periodicity,5,MSE,4.1478702483410076e-10,4.1525855487703525e-10,1.0011368003691126,4.7153004293457302e-13,5,0.99099949545900379,0.83613034099903194,0.40308158108934533,NONE,0,0,0,0,True,500,"Synthetic mechanism check — not empirical SPY evidence, trading evidence, or an exact paper replication."
90,no_periodicity,5,QLIKE,0.026763979743450451,0.026783023192452588,1.0007115327834157,1.904344900213939e-05,5,0.99099949545900379,0.61361161264994224,0.53947200793745975,NONE,0,0,0,0,True,500,"Synthetic mechanism check — not empirical SPY evidence, trading evidence, or an exact paper replication."
90,no_periodicity,22,MSE,3.9222970540362565e-10,3.915281010563737e-10,0.99821124117427573,-7.0160434725194671e-13,21,0.95699947753381764,-1.9812667160533695,0.047561370892841494,HARP,0,0,0,0,True,500,"Synthetic mechanism check — not empirical SPY evidence, trading evidence, or an exact paper replication."
90,no_periodicity,22,QLIKE,0.024753169003955414,0.024715916279668581,0.99849503211969015,-3.7252724286836793e-05,21,0.95699947753381764,-2.0241289063529924,0.042956890097118401,HARP,0,0,0,0,True,500,"Synthetic mechanism check — not empirical SPY evidence, trading evidence, or an exact paper replication."
90,u_shaped_periodicity,1,MSE,9.0020464977720447e-10,8.9512422180169325e-10,0.99435636332608524,-5.0804279755112372e-12,5,0.99899949949937417,-0.6572299138737111,0.511033093791327,NONE,0,0,0,0,True,500,"Synthetic mechanism check — not empirical SPY evidence, trading evidence, or an exact paper replication."
90,u_shaped_periodicity,1,QLIKE,0.052383934098970686,0.051894708583744099,0.99066077178735223,-0.00048922551522658831,5,0.99899949949937417,-1.2827866681445783,0.19956682613261653,NONE,0,0,0,0,True,500,"Synthetic mechanism check — not empirical SPY evidence, trading evidence, or an exact paper replication."
90,u_shaped_periodicity,5,MSE,4.1986119124268756e-10,4.1620526478783516e-10,0.99129253541144935,-3.65592645485245e-12,5,0.99099949545900379,-0.70574261173913433,0.48034821640993064,NONE,0,0,0,0,True,500,"Synthetic mechanism check — not empirical SPY evidence, trading evidence, or an exact paper replication."
90,u_shaped_periodicity,5,QLIKE,0.027274353777134976,0.026958150028815697,0.98840655397729849,-0.00031620374831927431,5,0.99099949545900379,-1.0677657800884446,0.28562617769079451,NONE,0,0,0,0,True,500,"Synthetic mechanism check — not empirical SPY evidence, trading evidence, or an exact paper replication."
90,u_shaped_periodicity,22,MSE,3.9741126533355942e-10,3.9610154559547607e-10,0.99670437188793815,-1.3097197380832767e-12,21,0.95699947753381764,-0.26316099194423392,0.79242649529546916,NONE,0,0,0,0,True,500,"Synthetic mechanism check — not empirical SPY evidence, trading evidence, or an exact paper replication."
90,u_shaped_periodicity,22,QLIKE,0.025266353309343154,0.025110975675888627,0.99385041317390788,-0.00015537763345452316,21,0.95699947753381764,-0.56275009985842783,0.57360506380234155,NONE,0,0,0,0,True,500,"Synthetic mechanism check — not empirical SPY evidence, trading evidence, or an exact paper replication."
91,no_periodicity,1,MSE,1.039277670254585e-09,1.0397636345897419e-09,1.0004675981684836,4.8596433515685699e-13,5,0.99899949949937417,0.41642459164234391,0.67709933665993272,NONE,0,0,0,0,True,500,"Synthetic mechanism check — not empirical SPY evidence, trading evidence, or an exact paper replication."
91,no_periodicity,1,QLIKE,0.049715538114347216,0.049761809436150745,1.0009307215321115,4.6271321803516233e-05,5,0.99899949949937417,1.1210849410038908,0.26225170805375231,NONE,0,0,0,0,True,500,"Synthetic mechanism check — not empirical SPY evidence, trading evidence, or an exact paper replication."
91,no_periodicity,5,MSE,4.411063530046364e-10,4.4265553483639873e-10,1.0035120369979029,1.5491818317623462e-12,5,0.99099949545900379,2.1038265312266096,0.035393581567759534,HAR,0,0,0,0,True,500,"Synthetic mechanism check — not empirical SPY evidence, trading evidence, or an exact paper replication."
91,no_periodicity,5,QLIKE,0.021974556367402961,0.022038700504226447,1.0029190185117292,6.4144136823482965e-05,5,0.99099949545900379,2.177124716775984,0.029471263353374737,HAR,0,0,0,0,True,500,"Synthetic mechanism check — not empirical SPY evidence, trading evidence, or an exact paper replication."
91,no_periodicity,22,MSE,4.1174591372395505e-10,4.1395351810362115e-10,1.0053615696138909,2.2076043796660755e-12,21,0.95699947753381764,2.3173030796287808,0.020487227670628272,HAR,0,0,0,0,True,500,"Synthetic mechanism check — not empirical SPY evidence, trading evidence, or an exact paper replication."
91,no_periodicity,22,QLIKE,0.021170043336699026,0.02127104943237635,1.0047711803925421,0.0001010060956773251,21,0.95699947753381764,2.6655503403484877,0.0076862423163979246,HAR,0,0,0,0,True,500,"Synthetic mechanism check — not empirical SPY evidence, trading evidence, or an exact paper replication."
91,u_shaped_periodicity,1,MSE,1.0761222363603334e-09,1.0898239835721108e-09,1.0127325193633387,1.3701747211777298e-11,5,0.99899949949937417,1.2502027569687157,0.21122548996960927,NONE,0,0,0,0,True,500,"Synthetic mechanism check — not empirical SPY evidence, trading evidence, or an exact paper replication."
91,u_shaped_periodicity,1,QLIKE,0.052414657061955555,0.05309822644284936,1.0130415692710879,0.00068356938089380876,5,0.99899949949937417,1.6932461942865813,0.090408615064955622,NONE,0,0,0,0,True,500,"Synthetic mechanism check — not empirical SPY evidence, trading evidence, or an exact paper replication."
91,u_shaped_periodicity,5,MSE,4.4822605309692342e-10,4.5842152338638737e-10,1.0227462688057076,1.0195470289463975e-11,5,0.99099949545900379,1.5653666346111954,0.11749696710912595,NONE,0,0,0,0,True,500,"Synthetic mechanism check — not empirical SPY evidence, trading evidence, or an exact paper replication."
91,u_shaped_periodicity,5,QLIKE,0.023025518591766759,0.023426887637177131,1.0174314877561059,0.00040136904541037002,5,0.99099949545900379,1.6420853063312275,0.10057232635974167,NONE,0,0,0,0,True,500,"Synthetic mechanism check — not empirical SPY evidence, trading evidence, or an exact paper replication."
91,u_shaped_periodicity,22,MSE,4.1843666366582445e-10,4.2060192391609749e-10,1.0051746427554977,2.1652602502731345e-12,21,0.95699947753381764,0.30558804632492786,0.7599183230153409,NONE,0,0,0,0,True,500,"Synthetic mechanism check — not empirical SPY evidence, trading evidence, or an exact paper replication."
91,u_shaped_periodicity,22,QLIKE,0.021484325708692957,0.021480250474212169,0.99981031592352287,-4.0752344807870597e-06,21,0.95699947753381764,-0.013532469659017518,0.98920298092948378,NONE,0,0,0,0,True,500,"Synthetic mechanism check — not empirical SPY evidence, trading evidence, or an exact paper replication."
92,no_periodicity,1,MSE,9.0701005376296255e-10,9.0857947711170144e-10,1.0017303262981792,1.569423348738769e-12,5,0.99899949949937417,1.41108903229084,0.15821836353552371,NONE,0,0,0,0,True,500,"Synthetic mechanism check — not empirical SPY evidence, trading evidence, or an exact paper replication."
92,no_periodicity,1,QLIKE,0.049378046993312691,0.049438180288707771,1.0012178143741333,6.0133295395072838e-05,5,0.99899949949937417,1.1051742207933462,0.26908410493286061,NONE,0,0,0,0,True,500,"Synthetic mechanism check — not empirical SPY evidence, trading evidence, or an exact paper replication."
92,no_periodicity,5,MSE,4.9762072349452468e-10,4.9934047505428952e-10,1.003455948433353,1.7197515597649098e-12,5,0.99099949545900379,1.8086108814950002,0.070511476781011995,NONE,0,0,0,0,True,500,"Synthetic mechanism check — not empirical SPY evidence, trading evidence, or an exact paper replication."
92,no_periodicity,5,QLIKE,0.028229409798050321,0.028305330634067923,1.0026894234261619,7.5920836017606235e-05,5,0.99099949545900379,1.6313939739929775,0.10280721560009867,NONE,0,0,0,0,True,500,"Synthetic mechanism check — not empirical SPY evidence, trading evidence, or an exact paper replication."
92,no_periodicity,22,MSE,4.8687993720536732e-10,4.8766180342708735e-10,1.0016058706920803,7.8186622172012196e-13,21,0.95699947753381764,0.67366382612825204,0.50052506481672832,NONE,0,0,0,0,True,500,"Synthetic mechanism check — not empirical SPY evidence, trading evidence, or an exact paper replication."
92,no_periodicity,22,QLIKE,0.027966245731199241,0.027996780857272315,1.0010918564603404,3.0535126073071963e-05,21,0.95699947753381764,0.56239059072215047,0.5738499284348948,NONE,0,0,0,0,True,500,"Synthetic mechanism check — not empirical SPY evidence, trading evidence, or an exact paper replication."
92,u_shaped_periodicity,1,MSE,9.5033588302649783e-10,9.4231846949567968e-10,0.99156360011863864,-8.0174135308180725e-12,5,0.99899949949937417,-0.90173587306532943,0.36719719194901801,NONE,0,0,0,0,True,500,"Synthetic mechanism check — not empirical SPY evidence, trading evidence, or an exact paper replication."
92,u_shaped_periodicity,1,QLIKE,0.050465193265325566,0.050230729975354889,0.99535396032790435,-0.00023446328997066423,5,0.99899949949937417,-0.60333333147365686,0.54628696350923778,NONE,0,0,0,0,True,500,"Synthetic mechanism check — not empirical SPY evidence, trading evidence, or an exact paper replication."
92,u_shaped_periodicity,5,MSE,5.0609433158730832e-10,4.9986404563413444e-10,0.9876894769130623,-6.2302859531739132e-12,5,0.99099949545900379,-0.80898019807072974,0.41852653649797145,NONE,0,0,0,0,True,500,"Synthetic mechanism check — not empirical SPY evidence, trading evidence, or an exact paper replication."
92,u_shaped_periodicity,5,QLIKE,0.028301161213429352,0.028247465729745222,0.99810271093545622,-5.3695483684129465e-05,5,0.99099949545900379,-0.17185146016637734,0.86355430791900356,NONE,0,0,0,0,True,500,"Synthetic mechanism check — not empirical SPY evidence, trading evidence, or an exact paper replication."
92,u_shaped_periodicity,22,MSE,4.8359958241928073e-10,4.8970986710263033e-10,1.0126350081875215,6.1102846833497291e-12,21,0.95699947753381764,0.64682468907670776,0.51774541160044063,NONE,0,0,0,0,True,500,"Synthetic mechanism check — not empirical SPY evidence, trading evidence, or an exact paper replication."
92,u_shaped_periodicity,22,QLIKE,0.027821370418864504,0.02822916654310852,1.0146576576963839,0.00040779612424401447,21,0.95699947753381764,1.0345327554627497,0.30088717199644588,NONE,0,0,0,0,True,500,"Synthetic mechanism check — not empirical SPY evidence, trading evidence, or an exact paper replication."
93,no_periodicity,1,MSE,1.1262427794467322e-09,1.1231550775351524e-09,0.99725840469929883,-3.0877019115799657e-12,5,0.99899949949937417,-2.0254591144579068,0.042820242659272409,HARP,0,0,0,0,True,500,"Synthetic mechanism check — not empirical SPY evidence, trading evidence, or an exact paper replication."
93,no_periodicity,1,QLIKE,0.045050490944800771,0.044961789028727224,0.99803105550653748,-8.8701916073548049e-05,5,0.99899949949937417,-1.7098007891150717,0.087302717054497853,NONE,0,0,0,0,True,500,"Synthetic mechanism check — not empirical SPY evidence, trading evidence, or an exact paper replication."
93,no_periodicity,5,MSE,5.8014255047212317e-10,5.7782731906529998e-10,0.99600920255730419,-2.3152314068231685e-12,5,0.99099949545900379,-1.8549062948933994,0.063609608914782623,NONE,0,0,0,0,True,500,"Synthetic mechanism check — not empirical SPY evidence, trading evidence, or an exact paper replication."
93,no_periodicity,5,QLIKE,0.02391002774188572,0.023862237064918187,0.99800122871108954,-4.7790676967533586e-05,5,0.99099949545900379,-1.178690764089793,0.23852133467070741,NONE,0,0,0,0,True,500,"Synthetic mechanism check — not empirical SPY evidence, trading evidence, or an exact paper replication."
93,no_periodicity,22,MSE,4.3728484944656867e-10,4.3665466694480299e-10,0.99855887414676436,-6.3018250176567788e-13,21,0.95699947753381764,-0.76030021622172794,0.44707515265980668,NONE,0,0,0,0,True,500,"Synthetic mechanism check — not empirical SPY evidence, trading evidence, or an exact paper replication."
93,no_periodicity,22,QLIKE,0.018470344619609842,0.018457872888356451,0.99932476997531761,-1.2471731253392182e-05,21,0.95699947753381764,-0.40908843391358896,0.68247476387584216,NONE,0,0,0,0,True,500,"Synthetic mechanism check — not empirical SPY evidence, trading evidence, or an exact paper replication."
93,u_shaped_periodicity,1,MSE,1.1415614606832212e-09,1.1251640721276682e-09,0.985636000232752,-1.639738855555295e-11,5,0.99899949949937417,-1.6340818162288049,0.10224167242587597,NONE,0,0,0,0,True,500,"Synthetic mechanism check — not empirical SPY evidence, trading evidence, or an exact paper replication."
93,u_shaped_periodicity,1,QLIKE,0.046054557199829475,0.045402657274966715,0.98584505064212902,-0.00065189992486275686,5,0.99899949949937417,-1.7152231358501435,0.086304324657992815,NONE,0,0,0,0,True,500,"Synthetic mechanism check — not empirical SPY evidence, trading evidence, or an exact paper replication."
93,u_shaped_periodicity,5,MSE,5.6439424961154571e-10,5.6737908206858442e-10,1.0052885592989176,2.9848324570387017e-12,5,0.99099949545900379,0.38779343886280626,0.69816890134967668,NONE,0,0,0,0,True,500,"Synthetic mechanism check — not empirical SPY evidence, trading evidence, or an exact paper replication."
93,u_shaped_periodicity,5,QLIKE,0.023595982045496816,0.023530784261648782,0.99723691161815931,-6.519778384803488e-05,5,0.99099949545900379,-0.21158854753990289,0.83242804478573906,NONE,0,0,0,0,True,500,"Synthetic mechanism check — not empirical SPY evidence, trading evidence, or an exact paper replication."
93,u_shaped_periodicity,22,MSE,4.2539097622585894e-10,4.2909172831954585e-10,1.0086996487949054,3.7007520936869272e-12,21,0.95699947753381764,0.50054395744722602,0.61669211243958233,NONE,0,0,0,0,True,500,"Synthetic mechanism check — not empirical SPY evidence, trading evidence, or an exact paper replication."
93,u_shaped_periodicity,22,QLIKE,0.018063367847471919,0.018036696972663177,0.99852348271740066,-2.6670874808743417e-05,21,0.95699947753381764,-0.092972337329740015,0.9259255376267771,NONE,0,0,0,0,True,500,"Synthetic mechanism check — not empirical SPY evidence, trading evidence, or an exact paper replication."
94,no_periodicity,1,MSE,1.3315371479137327e-09,1.3276717450828825e-09,0.99709703718224718,-3.8654028308498642e-12,5,0.99899949949937417,-2.6247673967883829,0.0086708179044837491,HARP,0,0,0,0,True,500,"Synthetic mechanism check — not empirical SPY evidence, trading evidence, or an exact paper replication."
94,no_periodicity,1,QLIKE,0.046109058130675236,0.045958100813092255,0.99672608108465022,-0.00015095731758297726,5,0.99899949949937417,-3.2301039564923855,0.0012374521488558855,HARP,0,0,0,0,True,500,"Synthetic mechanism check — not empirical SPY evidence, trading evidence, or an exact paper replication."
94,no_periodicity,5,MSE,5.6370378578081335e-10,5.6219552119085396e-10,0.9973243667543048,-1.5082645899595073e-12,5,0.99099949545900379,-1.6934781168371114,0.09036449677482751,NONE,0,0,0,0,True,500,"Synthetic mechanism check — not empirical SPY evidence, trading evidence, or an exact paper replication."
94,no_periodicity,5,QLIKE,0.020966449532664477,0.02089944123364312,0.99680402259252521,-6.700829902135918e-05,5,0.99099949545900379,-1.7194989791541531,0.08552355337347442,NONE,0,0,0,0,True,500,"Synthetic mechanism check — not empirical SPY evidence, trading evidence, or an exact paper replication."
94,no_periodicity,22,MSE,3.6294578089305127e-10,3.6165910565539434e-10,0.99645491060816027,-1.2866752376569616e-12,21,0.95699947753381764,-1.0824659925044653,0.27904551857397553,NONE,0,0,0,0,True,500,"Synthetic mechanism check — not empirical SPY evidence, trading evidence, or an exact paper replication."
94,no_periodicity,22,QLIKE,0.013809575169523886,0.013761725546264161,0.99653504016797545,-4.7849623259725861e-05,21,0.95699947753381764,-1.1644914087332652,0.24422492299268772,NONE,0,0,0,0,True,500,"Synthetic mechanism check — not empirical SPY evidence, trading evidence, or an exact paper replication."
94,u_shaped_periodicity,1,MSE,1.3573573166663534e-09,1.337188928545649e-09,0.98514143043024394,-2.0168388120704153e-11,5,0.99899949949937417,-1.753725833698804,0.079477496729446401,NONE,0,0,0,0,True,500,"Synthetic mechanism check — not empirical SPY evidence, trading evidence, or an exact paper replication."
94,u_shaped_periodicity,1,QLIKE,0.048537697866294895,0.047829161013354965,0.9854023391284088,-0.0007085368529399299,5,0.99899949949937417,-1.8607530455620211,0.062779059072489721,NONE,0,0,0,0,True,500,"Synthetic mechanism check — not empirical SPY evidence, trading evidence, or an exact paper replication."
94,u_shaped_periodicity,5,MSE,5.7087639861432543e-10,5.5612132383190935e-10,0.97415364373403646,-1.4755074782416059e-11,5,0.99099949545900379,-1.5924908439319052,0.11127445878264595,NONE,0,0,0,0,True,500,"Synthetic mechanism check — not empirical SPY evidence, trading evidence, or an exact paper replication."
94,u_shaped_periodicity,5,QLIKE,0.021177273786620789,0.020787167494635356,0.98157901267575376,-0.000390106291985437,5,0.99099949545900379,-1.2257217036333556,0.22030341992882116,NONE,0,0,0,0,True,500,"Synthetic mechanism check — not empirical SPY evidence, trading evidence, or an exact paper replication."
94,u_shaped_periodicity,22,MSE,3.6505311648422885e-10,3.4732484930785067e-10,0.9514364721848797,-1.7728267176378227e-11,21,0.95699947753381764,-1.5580131939792021,0.11923012048839567,NONE,0,0,0,0,True,500,"Synthetic mechanism check — not empirical SPY evidence, trading evidence, or an exact paper replication."
94,u_shaped_periodicity,22,QLIKE,0.013993240083579769,0.013460359807629342,0.96191873556320029,-0.00053288027595042745,21,0.95699947753381764,-1.4210953456926105,0.15528904289884227,NONE,0,0,0,0,True,500,"Synthetic mechanism check — not empirical SPY evidence, trading evidence, or an exact paper replication."
95,no_periodicity,1,MSE,8.3755847240494125e-10,8.3875571559346543e-10,1.0014294443050482,1.1972431885243348e-12,5,0.99899949949937417,1.6537298736464621,0.098182409989254649,NONE,0,0,0,0,True,500,"Synthetic mechanism check — not empirical SPY evidence, trading evidence, or an exact paper replication."
95,no_periodicity,1,QLIKE,0.047755340235437684,0.04780767920104128,1.0010959814199953,5.233896560359996e-05,5,0.99899949949937417,1.349429540378813,0.1771990377673123,NONE,0,0,0,0,True,500,"Synthetic mechanism check — not empirical SPY evidence, trading evidence, or an exact paper replication."
95,no_periodicity,5,MSE,4.0516181509982751e-10,4.0578191634213706e-10,1.0015305026762129,6.2010124230957085e-13,5,0.99099949545900379,0.91724586996591273,0.35901381521021641,NONE,0,0,0,0,True,500,"Synthetic mechanism check — not empirical SPY evidence, trading evidence, or an exact paper replication."
95,no_periodicity,5,QLIKE,0.022778547913929151,0.022811279020323347,1.0014369268189471,3.2731106394193079e-05,5,0.99099949545900379,0.93030378223738963,0.35221382008554736,NONE,0,0,0,0,True,500,"Synthetic mechanism check — not empirical SPY evidence, trading evidence, or an exact paper replication."
95,no_periodicity,22,MSE,2.7135019136158558e-10,2.7221562477767041e-10,1.0031893598885715,8.6543341608484773e-13,21,0.95699947753381764,1.1414127784927073,0.25369818951387624,NONE,0,0,0,0,True,500,"Synthetic mechanism check — not empirical SPY evidence, trading evidence, or an exact paper replication."
95,no_periodicity,22,QLIKE,0.016118024262202938,0.016170900971598456,1.0032805949746282,5.2876709395515143e-05,21,0.95699947753381764,1.2898414608409106,0.19710570923699469,NONE,0,0,0,0,True,500,"Synthetic mechanism check — not empirical SPY evidence, trading evidence, or an exact paper replication."
95,u_shaped_periodicity,1,MSE,8.7667315730327441e-10,8.7565257752679096e-10,0.99883584917824697,-1.0205797764834345e-12,5,0.99899949949937417,-0.14527886421113884,0.88449070159056875,NONE,0,0,0,0,True,500,"Synthetic mechanism check — not empirical SPY evidence, trading evidence, or an exact paper replication."
95,u_shaped_periodicity,1,QLIKE,0.049650736910726294,0.049518872701967115,0.99734416411590676,-0.00013186420875918126,5,0.99899949949937417,-0.36882507790995078,0.71225811100911618,NONE,0,0,0,0,True,500,"Synthetic mechanism check — not empirical SPY evidence, trading evidence, or an exact paper replication."
95,u_shaped_periodicity,5,MSE,4.2600327679746858e-10,4.1807400127711255e-10,0.98138682035507963,-7.9292755203560204e-12,5,0.99099949545900379,-1.2315781139738122,0.218106720613884,NONE,0,0,0,0,True,500,"Synthetic mechanism check — not empirical SPY evidence, trading evidence, or an exact paper replication."
95,u_shaped_periodicity,5,QLIKE,0.023726100220172856,0.023357088532022629,0.98444701469158935,-0.00036901168815022477,5,0.99099949545900379,-1.2287201655541165,0.21917674281894917,NONE,0,0,0,0,True,500,"Synthetic mechanism check — not empirical SPY evidence, trading evidence, or an exact paper replication."
95,u_shaped_periodicity,22,MSE,2.8229629467510924e-10,2.7963562203060015e-10,0.99057489349064531,-2.6606726445090965e-12,21,0.95699947753381764,-0.46718591683337818,0.64036686862250225,NONE,0,0,0,0,True,500,"Synthetic mechanism check — not empirical SPY evidence, trading evidence, or an exact paper replication."
95,u_shaped_periodicity,22,QLIKE,0.016861245894211792,0.016806513847437751,0.99675397375037211,-5.473204677404242e-05,21,0.95699947753381764,-0.19456472820266754,0.84573371811528675,NONE,0,0,0,0,True,500,"Synthetic mechanism check — not empirical SPY evidence, trading evidence, or an exact paper replication."
96,no_periodicity,1,MSE,1.4540299288000011e-09,1.4574436119510358e-09,1.0023477392613589,3.413683151034613e-12,5,0.99899949949937417,1.8977279467016268,0.057731929133478431,NONE,0,0,0,0,True,500,"Synthetic mechanism check — not empirical SPY evidence, trading evidence, or an exact paper replication."
96,no_periodicity,1,QLIKE,0.050216406774294745,0.050322818549265874,1.0021190639037438,0.00010641177497113086,5,0.99899949949937417,2.1711729038639827,0.029918104773479823,HAR,0,0,0,0,True,500,"Synthetic mechanism check — not empirical SPY evidence, trading evidence, or an exact paper replication."
96,no_periodicity,5,MSE,6.4912947363155153e-10,6.518418382877345e-10,1.0041784647999554,2.712364656182994e-12,5,0.99099949545900379,1.9681637548423456,0.049049199147986527,HAR,0,0,0,0,True,500,"Synthetic mechanism check — not empirical SPY evidence, trading evidence, or an exact paper replication."
96,no_periodicity,5,QLIKE,0.024775503096215297,0.024868679695471664,1.0037608358100547,9.3176599256367338e-05,5,0.99099949545900379,2.0484779205484922,0.040513193380231093,HAR,0,0,0,0,True,500,"Synthetic mechanism check — not empirical SPY evidence, trading evidence, or an exact paper replication."
96,no_periodicity,22,MSE,5.1144536300641537e-10,5.1506566318661577e-10,1.0070785668266093,3.6203001802004739e-12,21,0.95699947753381764,2.0689303730891062,0.038552620908859407,HAR,0,0,0,0,True,500,"Synthetic mechanism check — not empirical SPY evidence, trading evidence, or an exact paper replication."
96,no_periodicity,22,QLIKE,0.019267493574601773,0.019378533898545131,1.005763091266304,0.00011104032394335572,21,0.95699947753381764,2.2591412035162439,0.023874602817228877,HAR,0,0,0,0,True,500,"Synthetic mechanism check — not empirical SPY evidence, trading evidence, or an exact paper replication."
96,u_shaped_periodicity,1,MSE,1.5305303672443174e-09,1.5238179314543375e-09,0.99561430734493339,-6.7124357899797538e-12,5,0.99899949949937417,-0.52481900841301254,0.59970901620783468,NONE,0,0,0,0,True,500,"Synthetic mechanism check — not empirical SPY evidence, trading evidence, or an exact paper replication."
96,u_shaped_periodicity,1,QLIKE,0.053259381350753067,0.053173512226279911,0.998387718326887,-8.5869124473155091e-05,5,0.99899949949937417,-0.21313914932477937,0.83121842939096824,NONE,0,0,0,0,True,500,"Synthetic mechanism check — not empirical SPY evidence, trading evidence, or an exact paper replication."
96,u_shaped_periodicity,5,MSE,6.4509950391304626e-10,6.4825272620564588e-10,1.0048879626685074,3.1532222925996588e-12,5,0.99099949545900379,0.31103905408851862,0.75577093224408221,NONE,0,0,0,0,True,500,"Synthetic mechanism check — not empirical SPY evidence, trading evidence, or an exact paper replication."
96,u_shaped_periodicity,5,QLIKE,0.024968748705544656,0.025185876306581836,1.0086959744598241,0.00021712760103718097,5,0.99099949545900379,0.68531090752250634,0.49314775028025309,NONE,0,0,0,0,True,500,"Synthetic mechanism check — not empirical SPY evidence, trading evidence, or an exact paper replication."
96,u_shaped_periodicity,22,MSE,5.1364476795140578e-10,5.3052368476526064e-10,1.0328610702707512,1.6878916813854922e-11,21,0.95699947753381764,1.5194642985357618,0.1286456679215392,NONE,0,0,0,0,True,500,"Synthetic mechanism check — not empirical SPY evidence, trading evidence, or an exact paper replication."
96,u_shaped_periodicity,22,QLIKE,0.019450487124938638,0.020208574007062909,1.0389752131787118,0.00075808688212426832,21,0.95699947753381764,1.9222371622489074,0.054575922721143776,NONE,0,0,0,0,True,500,"Synthetic mechanism check — not empirical SPY evidence, trading evidence, or an exact paper replication."
97,no_periodicity,1,MSE,1.2619613166405027e-09,1.262428783676466e-09,1.0003704289741684,4.674670359635795e-13,5,0.99899949949937417,0.47953154154036254,0.63156053491531905,NONE,0,0,0,0,True,500,"Synthetic mechanism check — not empirical SPY evidence, trading evidence, or an exact paper replication."
97,no_periodicity,1,QLIKE,0.044843717701169086,0.044880057340407987,1.0008103618767976,3.6339639238912372e-05,5,0.99899949949937417,1.0635119297592563,0.28754985803587924,NONE,0,0,0,0,True,500,"Synthetic mechanism check — not empirical SPY evidence, trading evidence, or an exact paper replication."
97,no_periodicity,5,MSE,5.5498408547208023e-10,5.5605547102937408e-10,1.0019304797837265,1.0713855572938973e-12,5,0.99099949545900379,0.86985087578906695,0.38438190421409391,NONE,0,0,0,0,True,500,"Synthetic mechanism check — not empirical SPY evidence, trading evidence, or an exact paper replication."
97,no_periodicity,5,QLIKE,0.018632665185299536,0.01867933240797752,1.0025045919203659,4.6667222677982071e-05,5,0.99099949545900379,1.1700181268754624,0.24199367417373033,NONE,0,0,0,0,True,500,"Synthetic mechanism check — not empirical SPY evidence, trading evidence, or an exact paper replication."
97,no_periodicity,22,MSE,4.3186373397664558e-10,4.334194862836738e-10,1.0036024148003879,1.5557523070281451e-12,21,0.95699947753381764,1.2235710830215791,0.2211140737311304,NONE,0,0,0,0,True,500,"Synthetic mechanism check — not empirical SPY evidence, trading evidence, or an exact paper replication."
97,no_periodicity,22,QLIKE,0.016037143273049451,0.016093458987747684,1.0035115801947641,5.6315714698233157e-05,21,0.95699947753381764,1.2238755043772058,0.22099919557216041,NONE,0,0,0,0,True,500,"Synthetic mechanism check — not empirical SPY evidence, trading evidence, or an exact paper replication."
97,u_shaped_periodicity,1,MSE,1.3687366506392803e-09,1.3508979404790241e-09,0.98696702528428359,-1.7838710160256264e-11,5,0.99899949949937417,-1.9574131073889163,0.050298918680905427,NONE,0,0,0,0,True,500,"Synthetic mechanism check — not empirical SPY evidence, trading evidence, or an exact paper replication."
97,u_shaped_periodicity,1,QLIKE,0.048231644298256188,0.047763929696749627,0.99030274401149809,-0.0004677146015065601,5,0.99899949949937417,-1.5874572372954789,0.11240912472977072,NONE,0,0,0,0,True,500,"Synthetic mechanism check — not empirical SPY evidence, trading evidence, or an exact paper replication."
97,u_shaped_periodicity,5,MSE,5.8981208423165151e-10,5.8466815090265447e-10,0.99127869118568834,-5.1439333289969046e-12,5,0.99099949545900379,-0.94979632578411843,0.34221575318734193,NONE,0,0,0,0,True,500,"Synthetic mechanism check — not empirical SPY evidence, trading evidence, or an exact paper replication."
97,u_shaped_periodicity,5,QLIKE,0.019666221232591631,0.019533110002012265,0.99323147904190312,-0.00013311123057936446,5,0.99099949545900379,-0.68573091594595614,0.49288280748117375,NONE,0,0,0,0,True,500,"Synthetic mechanism check — not empirical SPY evidence, trading evidence, or an exact paper replication."
97,u_shaped_periodicity,22,MSE,4.770437745318804e-10,4.6351668124992007e-10,0.97164391612649303,-1.3527093281960223e-11,21,0.95699947753381764,-2.2144789518244972,0.026795849053447684,HARP,0,0,0,0,True,500,"Synthetic mechanism check — not empirical SPY evidence, trading evidence, or an exact paper replication."
97,u_shaped_periodicity,22,QLIKE,0.01726061241048954,0.016885440510995057,0.97826427645947922,-0.00037517189949448063,21,0.95699947753381764,-1.4294201795374133,0.152883501823394,NONE,0,0,0,0,True,500,"Synthetic mechanism check — not empirical SPY evidence, trading evidence, or an exact paper replication."
98,no_periodicity,1,MSE,7.4321826033601849e-10,7.4345293089640847e-10,1.0003157491855541,2.3467056038995411e-13,5,0.99899949949937417,0.24333745408838364,0.80774399201584379,NONE,0,0,0,0,True,500,"Synthetic mechanism check — not empirical SPY evidence, trading evidence, or an exact paper replication."
98,no_periodicity,1,QLIKE,0.048004347208783792,0.047991093599667807,0.99972390814818624,-1.3253609115984499e-05,5,0.99899949949937417,-0.2507752821774582,0.80198785299427644,NONE,0,0,0,0,True,500,"Synthetic mechanism check — not empirical SPY evidence, trading evidence, or an exact paper replication."
98,no_periodicity,5,MSE,3.2384742980503715e-10,3.2456818640143517e-10,1.0022256054242331,7.2075659639799205e-13,5,0.99099949545900379,1.0615909717896439,0.28842141406864497,NONE,0,0,0,0,True,500,"Synthetic mechanism check — not empirical SPY evidence, trading evidence, or an exact paper replication."
98,no_periodicity,5,QLIKE,0.021681716792363907,0.021698577030337774,1.0007776246749891,1.6860237973866708e-05,5,0.99099949545900379,0.4588415417461868,0.64634796074808554,NONE,0,0,0,0,True,500,"Synthetic mechanism check — not empirical SPY evidence, trading evidence, or an exact paper replication."
98,no_periodicity,22,MSE,2.9717841173582327e-10,2.9876184080948317e-10,1.005328210297683,1.5834290736599215e-12,21,0.95699947753381764,1.4911263507176062,0.13592832525275142,NONE,0,0,0,0,True,500,"Synthetic mechanism check — not empirical SPY evidence, trading evidence, or an exact paper replication."
98,no_periodicity,22,QLIKE,0.018844720636859654,0.018883701868204639,1.002068549175982,3.8981231344988656e-05,21,0.95699947753381764,0.74945596532625014,0.45358243000254944,NONE,0,0,0,0,True,500,"Synthetic mechanism check — not empirical SPY evidence, trading evidence, or an exact paper replication."
98,u_shaped_periodicity,1,MSE,7.983580439440112e-10,7.870696885707712e-10,0.98586053530885243,-1.1288355373240102e-11,5,0.99899949949937417,-1.4614151959106674,0.14390153294984945,NONE,0,0,0,0,True,500,"Synthetic mechanism check — not empirical SPY evidence, trading evidence, or an exact paper replication."
98,u_shaped_periodicity,1,QLIKE,0.051114529579201262,0.050410421381021406,0.98622489135718538,-0.00070410819817984564,5,0.99899949949937417,-1.7905471160979693,0.073365999953124469,NONE,0,0,0,0,True,500,"Synthetic mechanism check — not empirical SPY evidence, trading evidence, or an exact paper replication."
98,u_shaped_periodicity,5,MSE,3.4619858771626148e-10,3.3843691379740009e-10,0.97758028428116317,-7.7616739188613394e-12,5,0.99099949545900379,-1.4304531639447411,0.15258699903413858,NONE,0,0,0,0,True,500,"Synthetic mechanism check — not empirical SPY evidence, trading evidence, or an exact paper replication."
98,u_shaped_periodicity,5,QLIKE,0.0224863853097798,0.022267867158305123,0.99028220194289562,-0.00021851815147467591,5,0.99099949545900379,-0.70345104882607512,0.48177470268484612,NONE,0,0,0,0,True,500,"Synthetic mechanism check — not empirical SPY evidence, trading evidence, or an exact paper replication."
98,u_shaped_periodicity,22,MSE,3.1979862635426366e-10,3.0957405776122765e-10,0.96802810346749413,-1.0224568593036025e-11,21,0.95699947753381764,-1.3703763901785249,0.17056943820563633,NONE,0,0,0,0,True,500,"Synthetic mechanism check — not empirical SPY evidence, trading evidence, or an exact paper replication."
98,u_shaped_periodicity,22,QLIKE,0.019960467072909681,0.01957959640421451,0.9809187496813595,-0.00038087066869516749,21,0.95699947753381764,-0.83610359658742284,0.40309662522705419,NONE,0,0,0,0,True,500,"Synthetic mechanism check — not empirical SPY evidence, trading evidence, or an exact paper replication."
99,no_periodicity,1,MSE,1.74557190118266e-09,1.7428456524291547e-09,0.99843819165990344,-2.7262487535049275e-12,5,0.99899949949937417,-1.2134544070932689,0.22495613574024992,NONE,0,0,0,0,True,500,"Synthetic mechanism check — not empirical SPY evidence, trading evidence, or an exact paper replication."
99,no_periodicity,1,QLIKE,0.044588803726932726,0.044535593672660564,0.99880664988013523,-5.3210054272146314e-05,5,0.99899949949937417,-1.0879139508620574,0.2766330967360538,NONE,0,0,0,0,True,500,"Synthetic mechanism check — not empirical SPY evidence, trading evidence, or an exact paper replication."
99,no_periodicity,5,MSE,7.1682744780032327e-10,7.1580184823129245e-10,0.99856925181621048,-1.0255995690307781e-12,5,0.99099949545900379,-0.72623419226583263,0.46769521414357762,NONE,0,0,0,0,True,500,"Synthetic mechanism check — not empirical SPY evidence, trading evidence, or an exact paper replication."
99,no_periodicity,5,QLIKE,0.019593441399076157,0.019582808996311391,0.99945734888791571,-1.0632402764763516e-05,5,0.99099949545900379,-0.30158570276728086,0.76296790834897166,NONE,0,0,0,0,True,500,"Synthetic mechanism check — not empirical SPY evidence, trading evidence, or an exact paper replication."
99,no_periodicity,22,MSE,4.6598917032562915e-10,4.6490291951194948e-10,0.99766893549710478,-1.0862508136797569e-12,21,0.95699947753381764,-0.9323534742323879,0.35115388077448129,NONE,0,0,0,0,True,500,"Synthetic mechanism check — not empirical SPY evidence, trading evidence, or an exact paper replication."
99,no_periodicity,22,QLIKE,0.015014246985873168,0.014975451107721739,0.99741606234478941,-3.8795878151428822e-05,21,0.95699947753381764,-1.052924088072474,0.29237578513850448,NONE,0,0,0,0,True,500,"Synthetic mechanism check — not empirical SPY evidence, trading evidence, or an exact paper replication."
99,u_shaped_periodicity,1,MSE,1.8107162488326585e-09,1.7982379587855051e-09,0.99310864413173627,-1.247829004715309e-11,5,0.99899949949937417,-1.0002642863175821,0.31718262566041383,NONE,0,0,0,0,True,500,"Synthetic mechanism check — not empirical SPY evidence, trading evidence, or an exact paper replication."
99,u_shaped_periodicity,1,QLIKE,0.046219332739382155,0.045958789314760426,0.99436289082555862,-0.00026054342462173753,5,0.99899949949937417,-0.84171666639833842,0.39994656703178083,NONE,0,0,0,0,True,500,"Synthetic mechanism check — not empirical SPY evidence, trading evidence, or an exact paper replication."
99,u_shaped_periodicity,5,MSE,7.3769236261186717e-10,7.3297364666256335e-10,0.99360340951260928,-4.7187159493037712e-12,5,0.99099949545900379,-0.47014732700363471,0.63824976333605432,NONE,0,0,0,0,True,500,"Synthetic mechanism check — not empirical SPY evidence, trading evidence, or an exact paper replication."
99,u_shaped_periodicity,5,QLIKE,0.020022451966007267,0.019928614706570327,0.99531339819936882,-9.3837259436938773e-05,5,0.99099949545900379,-0.36810749165918338,0.71279308497180438,NONE,0,0,0,0,True,500,"Synthetic mechanism check — not empirical SPY evidence, trading evidence, or an exact paper replication."
99,u_shaped_periodicity,22,MSE,5.0756069243589183e-10,4.860334489654088e-10,0.95758685849534719,-2.1527243470483059e-11,21,0.95699947753381764,-2.4294866766293897,0.015120220637792319,HARP,0,0,0,0,True,500,"Synthetic mechanism check — not empirical SPY evidence, trading evidence, or an exact paper replication."
99,u_shaped_periodicity,22,QLIKE,0.016273881516781559,0.015608821168009357,0.95913326835479329,-0.00066506034877220218,21,0.95699947753381764,-2.7523122787786694,0.0059176062261083852,HARP,0,0,0,0,True,500,"Synthetic mechanism check — not empirical SPY evidence, trading evidence, or an exact paper replication."
100,no_periodicity,1,MSE,1.261632548062357e-09,1.2620321955870856e-09,1.0003167701446372,3.99647524728699e-13,5,0.99899949949937417,0.301220421928728,0.76324641814074701,NONE,0,0,0,0,True,500,"Synthetic mechanism check — not empirical SPY evidence, trading evidence, or an exact paper replication."
100,no_periodicity,1,QLIKE,0.041855148228385826,0.041830993062173777,0.99942288661647438,-2.4155166212064482e-05,5,0.99899949949937417,-0.53224428450783612,0.59455681516854675,NONE,0,0,0,0,True,500,"Synthetic mechanism check — not empirical SPY evidence, trading evidence, or an exact paper replication."
100,no_periodicity,5,MSE,7.4824688673466884e-10,7.4763090826654361e-10,0.999176771091139,-6.1597846812524003e-13,5,0.99099949545900379,-0.47483842901207463,0.63490213980656529,NONE,0,0,0,0,True,500,"Synthetic mechanism check — not empirical SPY evidence, trading evidence, or an exact paper replication."
100,no_periodicity,5,QLIKE,0.023782333121105885,0.023723633688019774,0.99753180510981831,-5.8699433086114363e-05,5,0.99099949545900379,-1.3518050589492792,0.17643768536077856,NONE,0,0,0,0,True,500,"Synthetic mechanism check — not empirical SPY evidence, trading evidence, or an exact paper replication."
100,no_periodicity,22,MSE,5.0612520420465574e-10,5.0514021857372072e-10,0.99805386962998044,-9.8498563093506222e-13,21,0.95699947753381764,-0.597706354976976,0.55003588436338946,NONE,0,0,0,0,True,500,"Synthetic mechanism check — not empirical SPY evidence, trading evidence, or an exact paper replication."
100,no_periodicity,22,QLIKE,0.017896629422051936,0.017851160924776423,0.99745938208792062,-4.5468497275512386e-05,21,0.95699947753381764,-1.0398062370560075,0.2984299308352803,NONE,0,0,0,0,True,500,"Synthetic mechanism check — not empirical SPY evidence, trading evidence, or an exact paper replication."
100,u_shaped_periodicity,1,MSE,1.3876288796645179e-09,1.3507863835012544e-09,0.97344931580541127,-3.6842496163263706e-11,5,0.99899949949937417,-3.0563870946336924,0.0022402183312788169,HARP,0,0,0,0,True,500,"Synthetic mechanism check — not empirical SPY evidence, trading evidence, or an exact paper replication."
100,u_shaped_periodicity,1,QLIKE,0.045547912325628659,0.044897808771016554,0.98572703947517026,-0.00065010355461209807,5,0.99899949949937417,-1.687430365489516,0.09152062910072159,NONE,0,0,0,0,True,500,"Synthetic mechanism check — not empirical SPY evidence, trading evidence, or an exact paper replication."
100,u_shaped_periodicity,5,MSE,7.3093040733451878e-10,7.3238723844384714e-10,1.0019931187630311,1.4568311093283415e-12,5,0.99099949545900379,0.1604055183447704,0.87256164289674076,NONE,0,0,0,0,True,500,"Synthetic mechanism check — not empirical SPY evidence, trading evidence, or an exact paper replication."
100,u_shaped_periodicity,5,QLIKE,0.023833962071285228,0.024008711268058081,1.0073319407092365,0.0001747491967728565,5,0.99099949545900379,0.56154732453668543,0.57442447821347198,NONE,0,0,0,0,True,500,"Synthetic mechanism check — not empirical SPY evidence, trading evidence, or an exact paper replication."
100,u_shaped_periodicity,22,MSE,4.9180678429861477e-10,5.0570733871973322e-10,1.0282642591865474,1.3900554421118553e-11,21,0.95699947753381764,1.0489763967405845,0.29418898188239945,NONE,0,0,0,0,True,500,"Synthetic mechanism check — not empirical SPY evidence, trading evidence, or an exact paper replication."
100,u_shaped_periodicity,22,QLIKE,0.017709399039971679,0.018130281115339129,1.0237660281084344,0.00042088207536745205,21,0.95699947753381764,1.3916234965491325,0.16403643985171287,NONE,0,0,0,0,True,500,"Synthetic mechanism check — not empirical SPY evidence, trading evidence, or an exact paper replication."
101,no_periodicity,1,MSE,1.6819754944073062e-09,1.6804524532719084e-09,0.99909449267218109,-1.523041135397691e-12,5,0.99899949949937417,-0.70212882859954195,0.48259882532496406,NONE,0,0,0,0,True,500,"Synthetic mechanism check — not empirical SPY evidence, trading evidence, or an exact paper replication."
101,no_periodicity,1,QLIKE,0.052770741383341799,0.052752635397151179,0.99965689346565945,-1.8105986190616539e-05,5,0.99899949949937417,-0.36419987810252941,0.71570875800709899,NONE,0,0,0,0,True,500,"Synthetic mechanism check — not empirical SPY evidence, trading evidence, or an exact paper replication."
101,no_periodicity,5,MSE,8.6644748369069014e-10,8.6634642119462695e-10,0.99988335992894495,-1.0106249606317329e-13,5,0.99099949545900379,-0.052156878997945508,0.95840369171273121,NONE,0,0,0,0,True,500,"Synthetic mechanism check — not empirical SPY evidence, trading evidence, or an exact paper replication."
101,no_periodicity,5,QLIKE,0.026060976596681613,0.02606693563771249,1.000228657625656,5.9590410308754119e-06,5,0.99099949545900379,0.13578862959871896,0.89198838006707182,NONE,0,0,0,0,True,500,"Synthetic mechanism check — not empirical SPY evidence, trading evidence, or an exact paper replication."
101,no_periodicity,22,MSE,9.1436230969458257e-10,9.1497068798679869e-10,1.0006653580159262,6.0837829221596236e-13,21,0.95699947753381764,0.51744995140811323,0.60484209777231301,NONE,0,0,0,0,True,500,"Synthetic mechanism check — not empirical SPY evidence, trading evidence, or an exact paper replication."
101,no_periodicity,22,QLIKE,0.022754737128861301,0.022762036829977447,1.0003207991845746,7.2997011161493039e-06,21,0.95699947753381764,0.21189688760716416,0.83218747879474841,NONE,0,0,0,0,True,500,"Synthetic mechanism check — not empirical SPY evidence, trading evidence, or an exact paper replication."
101,u_shaped_periodicity,1,MSE,1.8240918124676732e-09,1.822317645583282e-09,0.99902736974517137,-1.77416688439113e-12,5,0.99899949949937417,-0.14266580432485518,0.88655412459640304,NONE,0,0,0,0,True,500,"Synthetic mechanism check — not empirical SPY evidence, trading evidence, or an exact paper replication."
101,u_shaped_periodicity,1,QLIKE,0.055734495356968526,0.055676843967234289,0.99896560667922096,-5.7651389734235004e-05,5,0.99899949949937417,-0.16099656800268536,0.87209610371803459,NONE,0,0,0,0,True,500,"Synthetic mechanism check — not empirical SPY evidence, trading evidence, or an exact paper replication."
101,u_shaped_periodicity,5,MSE,9.1564246212798401e-10,9.186994033596119e-10,1.0033385752169286,3.0569412316277875e-12,5,0.99099949545900379,0.27977250118424829,0.77965205040044627,NONE,0,0,0,0,True,500,"Synthetic mechanism check — not empirical SPY evidence, trading evidence, or an exact paper replication."
101,u_shaped_periodicity,5,QLIKE,0.027336564695847627,0.027398055199438852,1.0022493866466171,6.1490503591225655e-05,5,0.99099949545900379,0.20067658516669634,0.84095146958929501,NONE,0,0,0,0,True,500,"Synthetic mechanism check — not empirical SPY evidence, trading evidence, or an exact paper replication."
101,u_shaped_periodicity,22,MSE,9.5258608623545892e-10,9.6299495225238936e-10,1.0109269557547973,1.0408866016930238e-11,21,0.95699947753381764,0.68559045692454523,0.49297140103881676,NONE,0,0,0,0,True,500,"Synthetic mechanism check — not empirical SPY evidence, trading evidence, or an exact paper replication."
101,u_shaped_periodicity,22,QLIKE,0.023838651439650565,0.0240446037913454,1.0086394296345254,0.00020595235169483273,21,0.95699947753381764,0.44187912788052108,0.65857667510513718,NONE,0,0,0,0,True,500,"Synthetic mechanism check — not empirical SPY evidence, trading evidence, or an exact paper replication."
102,no_periodicity,1,MSE,1.1698665045403778e-09,1.1684854653671732e-09,0.99881948994364345,-1.3810391732047267e-12,5,0.99899949949937417,-1.2924178177787651,0.19621248951530618,NONE,0,0,0,0,True,500,"Synthetic mechanism check — not empirical SPY evidence, trading evidence, or an exact paper replication."
102,no_periodicity,1,QLIKE,0.046773856124865773,0.046717554394986496,0.99879629916060431,-5.6301729879278281e-05,5,0.99899949949937417,-1.4781232618842621,0.13937478882665774,NONE,0,0,0,0,True,500,"Synthetic mechanism check — not empirical SPY evidence, trading evidence, or an exact paper replication."
102,no_periodicity,5,MSE,5.6542930916262791e-10,5.6525042717431736e-10,0.99968363509741742,-1.7888198831052575e-13,5,0.99099949545900379,-0.19148872874919393,0.84814271030818122,NONE,0,0,0,0,True,500,"Synthetic mechanism check — not empirical SPY evidence, trading evidence, or an exact paper replication."
102,no_periodicity,5,QLIKE,0.024781162965748074,0.024771200039892298,0.99959796374893517,-9.9629258557762949e-06,5,0.99099949545900379,-0.29589019467491395,0.76731393948260007,NONE,0,0,0,0,True,500,"Synthetic mechanism check — not empirical SPY evidence, trading evidence, or an exact paper replication."
102,no_periodicity,22,MSE,4.8451366781687063e-10,4.8362066227101266e-10,0.99815690329257034,-8.9300554585805041e-13,21,0.95699947753381764,-1.2881666121506892,0.19768797159179649,NONE,0,0,0,0,True,500,"Synthetic mechanism check — not empirical SPY evidence, trading evidence, or an exact paper replication."
102,no_periodicity,22,QLIKE,0.023350439860628021,0.023314418243292698,0.99845734737545311,-3.6021617335323167e-05,21,0.95699947753381764,-1.0854531030892385,0.27772102374929786,NONE,0,0,0,0,True,500,"Synthetic mechanism check — not empirical SPY evidence, trading evidence, or an exact paper replication."
102,u_shaped_periodicity,1,MSE,1.2153667400427463e-09,1.2063700759367999e-09,0.99259757256017234,-8.9966641059460793e-12,5,0.99899949949937417,-0.90948758109082206,0.36309281026539614,NONE,0,0,0,0,True,500,"Synthetic mechanism check — not empirical SPY evidence, trading evidence, or an exact paper replication."
102,u_shaped_periodicity,1,QLIKE,0.048745851884444358,0.048255472099949619,0.98994007150275631,-0.00049037978449474194,5,0.99899949949937417,-1.4175437086808615,0.15632402470470921,NONE,0,0,0,0,True,500,"Synthetic mechanism check — not empirical SPY evidence, trading evidence, or an exact paper replication."
102,u_shaped_periodicity,5,MSE,5.7828873033706814e-10,5.7109309298828556e-10,0.98755701612136126,-7.195637348782493e-12,5,0.99099949545900379,-0.76461343844637419,0.44450176456175267,NONE,0,0,0,0,True,500,"Synthetic mechanism check — not empirical SPY evidence, trading evidence, or an exact paper replication."
102,u_shaped_periodicity,5,QLIKE,0.025326972586512304,0.024826752869494931,0.98024952586383096,-0.00050021971701737526,5,0.99099949545900379,-1.5596314370409257,0.11884700303553121,NONE,0,0,0,0,True,500,"Synthetic mechanism check — not empirical SPY evidence, trading evidence, or an exact paper replication."
102,u_shaped_periodicity,22,MSE,5.0330996746901868e-10,4.800078467881095e-10,0.95370224675245774,-2.3302120680909275e-11,21,0.95699947753381764,-2.5544889330431406,0.010634381026490686,HARP,0,0,0,0,True,500,"Synthetic mechanism check — not empirical SPY evidence, trading evidence, or an exact paper replication."
102,u_shaped_periodicity,22,QLIKE,0.024088727456096384,0.023106281389139845,0.95921552648444697,-0.00098244606695654111,21,0.95699947753381764,-2.8523513868496324,0.004339709930557864,HARP,0,0,0,0,True,500,"Synthetic mechanism check — not empirical SPY evidence, trading evidence, or an exact paper replication."
103,no_periodicity,1,MSE,9.0540109301597661e-10,9.0589171521612384e-10,1.0005418838169422,4.9062220014728848e-13,5,0.99899949949937417,0.4821293184404189,0.62971408372597759,NONE,0,0,0,0,True,500,"Synthetic mechanism check — not empirical SPY evidence, trading evidence, or an exact paper replication."
103,no_periodicity,1,QLIKE,0.04363341987166286,0.043621336091477433,0.99972306135478339,-1.2083780185426552e-05,5,0.99899949949937417,-0.30745469247111518,0.75849730410504623,NONE,0,0,0,0,True,500,"Synthetic mechanism check — not empirical SPY evidence, trading evidence, or an exact paper replication."
103,no_periodicity,5,MSE,3.2982499135809377e-10,3.2951846892508094e-10,0.99907065128160633,-3.0652243301283794e-13,5,0.99099949545900379,-0.4156626791292144,0.67765685433724265,NONE,0,0,0,0,True,500,"Synthetic mechanism check — not empirical SPY evidence, trading evidence, or an exact paper replication."
103,no_periodicity,5,QLIKE,0.016705581248159525,0.016652673396015869,0.99683292359854381,-5.2907852143655457e-05,5,0.99099949545900379,-1.4933717000762057,0.13533991657742853,NONE,0,0,0,0,True,500,"Synthetic mechanism check — not empirical SPY evidence, trading evidence, or an exact paper replication."
103,no_periodicity,22,MSE,2.7365518734142191e-10,2.7401739985450999e-10,1.0013236091616131,3.6221251308809211e-13,21,0.95699947753381764,0.38233922164783402,0.70220976588364592,NONE,0,0,0,0,True,500,"Synthetic mechanism check — not empirical SPY evidence, trading evidence, or an exact paper replication."
103,no_periodicity,22,QLIKE,0.014070993979052076,0.014061162261508917,0.99930127768103694,-9.8317175431579251e-06,21,0.95699947753381764,-0.23932600460918582,0.81085280245092117,NONE,0,0,0,0,True,500,"Synthetic mechanism check — not empirical SPY evidence, trading evidence, or an exact paper replication."
103,u_shaped_periodicity,1,MSE,9.6682707856348907e-10,9.6006080787800357e-10,0.99300157097840203,-6.7662706854853507e-12,5,0.99899949949937417,-0.89764297708596941,0.36937591896029243,NONE,0,0,0,0,True,500,"Synthetic mechanism check — not empirical SPY evidence, trading evidence, or an exact paper replication."
103,u_shaped_periodicity,1,QLIKE,0.046154355084667399,0.045804250469808225,0.99241448365561757,-0.00035010461485917335,5,0.99899949949937417,-1.1527665338712998,0.24900622408098938,NONE,0,0,0,0,True,500,"Synthetic mechanism check — not empirical SPY evidence, trading evidence, or an exact paper replication."
103,u_shaped_periodicity,5,MSE,3.2862882869606809e-10,3.2895888987131886e-10,1.0010043585541792,3.3006117525074693e-13,5,0.99099949545900379,0.063742411647733782,0.94917533378104368,NONE,0,0,0,0,True,500,"Synthetic mechanism check — not empirical SPY evidence, trading evidence, or an exact paper replication."
103,u_shaped_periodicity,5,QLIKE,0.016360413342187484,0.016431238357512631,1.0043290480407678,7.0825015325145735e-05,5,0.99099949545900379,0.32748006638573818,0.74330481725981312,NONE,0,0,0,0,True,500,"Synthetic mechanism check — not empirical SPY evidence, trading evidence, or an exact paper replication."
103,u_shaped_periodicity,22,MSE,2.6227245625754551e-10,2.6913391919871771e-10,1.0261615841750245,6.8614629411722168e-12,21,0.95699947753381764,1.2041885321292485,0.22851671739447357,NONE,0,0,0,0,True,500,"Synthetic mechanism check — not empirical SPY evidence, trading evidence, or an exact paper replication."
103,u_shaped_periodicity,22,QLIKE,0.013631724575445961,0.013954580016455278,1.0236841229605576,0.00032285544100931716,21,0.95699947753381764,1.3478899424505497,0.17769378339892108,NONE,0,0,0,0,True,500,"Synthetic mechanism check — not empirical SPY evidence, trading evidence, or an exact paper replication."
104,no_periodicity,1,MSE,1.1775676754712611e-09,1.1767311347906095e-09,0.99928960288391333,-8.3654068065134305e-13,5,0.99899949949937417,-0.79466100144686314,0.42681072350563298,NONE,0,0,0,0,True,500,"Synthetic mechanism check — not empirical SPY evidence, trading evidence, or an exact paper replication."
104,no_periodicity,1,QLIKE,0.050416066914426051,0.050389938150616959,0.99948173736254675,-2.6128763809097677e-05,5,0.99899949949937417,-0.61349521116538575,0.53954894825631405,NONE,0,0,0,0,True,500,"Synthetic mechanism check — not empirical SPY evidence, trading evidence, or an exact paper replication."
104,no_periodicity,5,MSE,6.5584569120307268e-10,6.5594409057028151e-10,1.0001500343274778,9.8399367208919861e-14,5,0.99099949545900379,0.11526018687003235,0.90823889426581628,NONE,0,0,0,0,True,500,"Synthetic mechanism check — not empirical SPY evidence, trading evidence, or an exact paper replication."
104,no_periodicity,5,QLIKE,0.029315084288696846,0.029315058104416914,0.99999910679840887,-2.618427993050787e-08,5,0.99099949545900379,-0.00082175599815965462,0.99934433365011466,NONE,0,0,0,0,True,500,"Synthetic mechanism check — not empirical SPY evidence, trading evidence, or an exact paper replication."
104,no_periodicity,22,MSE,4.8806534150796419e-10,4.8768856113536928e-10,0.99922801243900916,-3.7678037259488412e-13,21,0.95699947753381764,-0.43657819017008476,0.66241728248662746,NONE,0,0,0,0,True,500,"Synthetic mechanism check — not empirical SPY evidence, trading evidence, or an exact paper replication."
104,no_periodicity,22,QLIKE,0.024298101821111528,0.024297785837944331,0.99998699556164827,-3.1598316720149453e-07,21,0.95699947753381764,-0.0071212898091177037,0.99431808083265139,NONE,0,0,0,0,True,500,"Synthetic mechanism check — not empirical SPY evidence, trading evidence, or an exact paper replication."
104,u_shaped_periodicity,1,MSE,1.3176800475025694e-09,1.3012694553104164e-09,0.98754584451418503,-1.6410592192153078e-11,5,0.99899949949937417,-1.4656963327788237,0.14273103368543225,NONE,0,0,0,0,True,500,"Synthetic mechanism check — not empirical SPY evidence, trading evidence, or an exact paper replication."
104,u_shaped_periodicity,1,QLIKE,0.055753069787684566,0.055352436546889067,0.99281414920611244,-0.0004006332407955022,5,0.99899949949937417,-1.04480963034507,0.29611096305769041,NONE,0,0,0,0,True,500,"Synthetic mechanism check — not empirical SPY evidence, trading evidence, or an exact paper replication."
104,u_shaped_periodicity,5,MSE,7.2174019558624645e-10,6.9833829082447896e-10,0.96757572197740926,-2.3401904761767659e-11,5,0.99099949545900379,-1.9634443126496357,0.049594569139684207,HARP,0,0,0,0,True,500,"Synthetic mechanism check — not empirical SPY evidence, trading evidence, or an exact paper replication."
104,u_shaped_periodicity,5,QLIKE,0.031690870622130572,0.031263702982553224,0.98652079822385674,-0.00042716763957734605,5,0.99099949545900379,-1.1426710950336045,0.25317517521556993,NONE,0,0,0,0,True,500,"Synthetic mechanism check — not empirical SPY evidence, trading evidence, or an exact paper replication."
104,u_shaped_periodicity,22,MSE,4.94864748138248e-10,4.8698676200411411e-10,0.98408052672215585,-7.8779861341338489e-12,21,0.95699947753381764,-0.64580642817963807,0.51840472445932351,NONE,0,0,0,0,True,500,"Synthetic mechanism check — not empirical SPY evidence, trading evidence, or an exact paper replication."
104,u_shaped_periodicity,22,QLIKE,0.024629133373600134,0.02468968836661373,1.0024586733156637,6.0554993013600008e-05,21,0.95699947753381764,0.1148581375322477,0.90855756683514255,NONE,0,0,0,0,True,500,"Synthetic mechanism check — not empirical SPY evidence, trading evidence, or an exact paper replication."
105,no_periodicity,1,MSE,1.2451271668177181e-09,1.244125572865127e-09,0.99919558902955197,-1.0015939525915749e-12,5,0.99899949949937417,-0.74195132542615461,0.45811682707486306,NONE,0,0,0,0,True,500,"Synthetic mechanism check — not empirical SPY evidence, trading evidence, or an exact paper replication."
105,no_periodicity,1,QLIKE,0.048029493828687264,0.047996249249335446,0.99930782990405032,-3.3244579351814795e-05,5,0.99899949949937417,-0.81923874191268498,0.41265021507370686,NONE,0,0,0,0,True,500,"Synthetic mechanism check — not empirical SPY evidence, trading evidence, or an exact paper replication."
105,no_periodicity,5,MSE,5.8502522948497806e-10,5.8323050956009466e-10,0.99693223499700456,-1.7947199248832981e-12,5,0.99099949545900379,-1.4214715229853785,0.15517972655580584,NONE,0,0,0,0,True,500,"Synthetic mechanism check — not empirical SPY evidence, trading evidence, or an exact paper replication."
105,no_periodicity,5,QLIKE,0.023067076260180348,0.023021179576209954,0.99801029469653146,-4.5896683970395812e-05,5,0.99099949545900379,-1.3223101060054836,0.18606490890601554,NONE,0,0,0,0,True,500,"Synthetic mechanism check — not empirical SPY evidence, trading evidence, or an exact paper replication."
105,no_periodicity,22,MSE,4.1943595576201876e-10,4.1555295832818633e-10,0.99074233531844469,-3.882997433832442e-12,21,0.95699947753381764,-2.6286447133198356,0.0085725872263932856,HARP,0,0,0,0,True,500,"Synthetic mechanism check — not empirical SPY evidence, trading evidence, or an exact paper replication."
105,no_periodicity,22,QLIKE,0.01669993877829222,0.016583460433739556,0.99302522325985587,-0.00011647834455266403,21,0.95699947753381764,-2.9707189744215885,0.0029710351419001864,HARP,0,0,0,0,True,500,"Synthetic mechanism check — not empirical SPY evidence, trading evidence, or an exact paper replication."
105,u_shaped_periodicity,1,MSE,1.3466186558403766e-09,1.3505321916227109e-09,1.0029061945379718,3.9135357823341984e-12,5,0.99899949949937417,0.22391233129114799,0.82282552035006407,NONE,0,0,0,0,True,500,"Synthetic mechanism check — not empirical SPY evidence, trading evidence, or an exact paper replication."
105,u_shaped_periodicity,1,QLIKE,0.050433769650587539,0.050624921927215773,1.003790164367101,0.00019115227662823696,5,0.99899949949937417,0.43321623961041789,0.6648576820978066,NONE,0,0,0,0,True,500,"Synthetic mechanism check — not empirical SPY evidence, trading evidence, or an exact paper replication."
105,u_shaped_periodicity,5,MSE,6.2136277003409002e-10,6.2019288940129014e-10,0.99811723410345987,-1.1698806327998354e-12,5,0.99099949545900379,-0.073120321506985081,0.94171037071878649,NONE,0,0,0,0,True,500,"Synthetic mechanism check — not empirical SPY evidence, trading evidence, or an exact paper replication."
105,u_shaped_periodicity,5,QLIKE,0.023531375206160322,0.023741757566101709,1.008940504245851,0.00021038235994138654,5,0.99099949545900379,0.52560087316232873,0.59916554992979698,NONE,0,0,0,0,True,500,"Synthetic mechanism check — not empirical SPY evidence, trading evidence, or an exact paper replication."
105,u_shaped_periodicity,22,MSE,4.522394021501755e-10,4.4822982217785322e-10,0.99113394376239949,-4.0095799723222612e-12,21,0.95699947753381764,-0.22099282289138847,0.82509802133643373,NONE,0,0,0,0,True,500,"Synthetic mechanism check — not empirical SPY evidence, trading evidence, or an exact paper replication."
105,u_shaped_periodicity,22,QLIKE,0.017301943029332457,0.017424656160944671,1.0070924480218306,0.00012271313161221452,21,0.95699947753381764,0.26265999131734308,0.79281265654482458,NONE,0,0,0,0,True,500,"Synthetic mechanism check — not empirical SPY evidence, trading evidence, or an exact paper replication."
106,no_periodicity,1,MSE,7.7910337070974035e-10,7.8034040840815965e-10,1.0015877709491776,1.237037698419253e-12,5,0.99899949949937417,1.2634286892724231,0.206435159208333,NONE,0,0,0,0,True,500,"Synthetic mechanism check — not empirical SPY evidence, trading evidence, or an exact paper replication."
106,no_periodicity,1,QLIKE,0.047073002939929706,0.047155166272451712,1.0017454448917749,8.2163332522005474e-05,5,0.99899949949937417,1.7271130447124159,0.084147363295166269,NONE,0,0,0,0,True,500,"Synthetic mechanism check — not empirical SPY evidence, trading evidence, or an exact paper replication."
106,no_periodicity,5,MSE,3.0964363757424918e-10,3.1095014535945322e-10,1.0042193916704998,1.30650778520404e-12,5,0.99099949545900379,1.9276691680210987,0.053896289439209613,NONE,0,0,0,0,True,500,"Synthetic mechanism check — not empirical SPY evidence, trading evidence, or an exact paper replication."
106,no_periodicity,5,QLIKE,0.01966863221095759,0.019736604953960138,1.0034558957772712,6.797274300254807e-05,5,0.99099949545900379,1.9339334842961142,0.053121306546993229,NONE,0,0,0,0,True,500,"Synthetic mechanism check — not empirical SPY evidence, trading evidence, or an exact paper replication."
106,no_periodicity,22,MSE,2.0675842936790924e-10,2.0841072233016467e-10,1.0079914176525075,1.6522929622554436e-12,21,0.95699947753381764,1.6391533186884262,0.10118133304031372,NONE,0,0,0,0,True,500,"Synthetic mechanism check — not empirical SPY evidence, trading evidence, or an exact paper replication."
106,no_periodicity,22,QLIKE,0.013396676311176409,0.013483098287498687,1.0064510013017318,8.6421976322276881e-05,21,0.95699947753381764,1.6875623625912954,0.091495269265664203,NONE,0,0,0,0,True,500,"Synthetic mechanism check — not empirical SPY evidence, trading evidence, or an exact paper replication."
106,u_shaped_periodicity,1,MSE,8.1946000818204274e-10,8.0539310971277202e-10,0.98283394146289349,-1.4066898469270874e-11,5,0.99899949949937417,-2.1147987898172511,0.034447100072851532,HARP,0,0,0,0,True,500,"Synthetic mechanism check — not empirical SPY evidence, trading evidence, or an exact paper replication."
106,u_shaped_periodicity,1,QLIKE,0.049200758976218936,0.048498158768123557,0.98571972825795273,-0.00070260020809538213,5,0.99899949949937417,-2.1436852568505436,0.032058114292183124,HARP,0,0,0,0,True,500,"Synthetic mechanism check — not empirical SPY evidence, trading evidence, or an exact paper replication."
106,u_shaped_periodicity,5,MSE,3.2071547292008466e-10,3.1606661793350101e-10,0.98550473744139544,-4.6488549865836163e-12,5,0.99099949545900379,-1.0077732566914928,0.31356332733169079,NONE,0,0,0,0,True,500,"Synthetic mechanism check — not empirical SPY evidence, trading evidence, or an exact paper replication."
106,u_shaped_periodicity,5,QLIKE,0.020292347327527199,0.020086031606915352,0.98983283120075649,-0.00020631572061184799,5,0.99099949545900379,-0.87599761881805449,0.38103132827002528,NONE,0,0,0,0,True,500,"Synthetic mechanism check — not empirical SPY evidence, trading evidence, or an exact paper replication."
106,u_shaped_periodicity,22,MSE,2.1514284201774157e-10,2.0984187352392892e-10,0.97536070247981799,-5.3009684938126241e-12,21,0.95699947753381764,-1.2311528444458599,0.21826570425818267,NONE,0,0,0,0,True,500,"Synthetic mechanism check — not empirical SPY evidence, trading evidence, or an exact paper replication."
106,u_shaped_periodicity,22,QLIKE,0.013831373029512171,0.013557071833839043,0.98016818756259061,-0.00027430119567312914,21,0.95699947753381764,-1.2617638810743528,0.20703376257864525,NONE,0,0,0,0,True,500,"Synthetic mechanism check — not empirical SPY evidence, trading evidence, or an exact paper replication."
107,no_periodicity,1,MSE,1.4417225045709575e-09,1.4446524674237514e-09,1.0020322654626701,2.9299628527937211e-12,5,0.99899949949937417,1.9848891207430099,0.047156809055354749,HAR,0,0,0,0,True,500,"Synthetic mechanism check — not empirical SPY evidence, trading evidence, or an exact paper replication."
107,no_periodicity,1,QLIKE,0.04433453539898316,0.044421159907938629,1.0019538833141231,8.6624508955466696e-05,5,0.99899949949937417,1.8237349069884312,0.068192158881034817,NONE,0,0,0,0,True,500,"Synthetic mechanism check — not empirical SPY evidence, trading evidence, or an exact paper replication."
107,no_periodicity,5,MSE,5.7732601334958623e-10,5.7964395746974626e-10,1.0040149656633546,2.3179441201599737e-12,5,0.99099949545900379,2.3333454643682332,0.019630021068991171,HAR,0,0,0,0,True,500,"Synthetic mechanism check — not empirical SPY evidence, trading evidence, or an exact paper replication."
107,no_periodicity,5,QLIKE,0.01925759176890076,0.019326281099445723,1.0035668702176921,6.8689330544962962e-05,5,0.99099949545900379,2.2677175912493674,0.023346424969984948,HAR,0,0,0,0,True,500,"Synthetic mechanism check — not empirical SPY evidence, trading evidence, or an exact paper replication."
107,no_periodicity,22,MSE,4.544331661161729e-10,4.5577185317699863e-10,1.0029458392578756,1.3386870608257498e-12,21,0.95699947753381764,1.0823660594919799,0.27908990334906014,NONE,0,0,0,0,True,500,"Synthetic mechanism check — not empirical SPY evidence, trading evidence, or an exact paper replication."
107,no_periodicity,22,QLIKE,0.015949515742847635,0.015976537485568879,1.001694204586328,2.7021742721243138e-05,21,0.95699947753381764,0.64245116520340162,0.52058028765218389,NONE,0,0,0,0,True,500,"Synthetic mechanism check — not empirical SPY evidence, trading evidence, or an exact paper replication."
107,u_shaped_periodicity,1,MSE,1.4915430115720025e-09,1.490092503851861e-09,0.99902751197324657,-1.4505077201415578e-12,5,0.99899949949937417,-0.14243429204503349,0.88673697736827628,NONE,0,0,0,0,True,500,"Synthetic mechanism check — not empirical SPY evidence, trading evidence, or an exact paper replication."
107,u_shaped_periodicity,1,QLIKE,0.045011420498944674,0.04462088820278149,0.99132370647639656,-0.00039053229616317739,5,0.99899949949937417,-1.0948723116144568,0.27357258091101005,NONE,0,0,0,0,True,500,"Synthetic mechanism check — not empirical SPY evidence, trading evidence, or an exact paper replication."
107,u_shaped_periodicity,5,MSE,5.8900240633568275e-10,5.8513120337999812e-10,0.99342752607791829,-3.8712029556846291e-12,5,0.99099949545900379,-0.44753871421719305,0.65448614174032371,NONE,0,0,0,0,True,500,"Synthetic mechanism check — not empirical SPY evidence, trading evidence, or an exact paper replication."
107,u_shaped_periodicity,5,QLIKE,0.019154018083903556,0.018918152923854698,0.98768586523121893,-0.00023586516004885506,5,0.99099949545900379,-0.80012418292806997,0.42363885125030121,NONE,0,0,0,0,True,500,"Synthetic mechanism check — not empirical SPY evidence, trading evidence, or an exact paper replication."
107,u_shaped_periodicity,22,MSE,4.823406423032422e-10,4.7640553233130811e-10,0.98769518997281025,-5.9351099719341978e-12,21,0.95699947753381764,-0.48993316178379914,0.62418119598467747,NONE,0,0,0,0,True,500,"Synthetic mechanism check — not empirical SPY evidence, trading evidence, or an exact paper replication."
107,u_shaped_periodicity,22,QLIKE,0.016582525600331004,0.016336657551005877,0.98517306378708569,-0.00024586804932512238,21,0.95699947753381764,-0.5648149734368193,0.5721996213649464,NONE,0,0,0,0,True,500,"Synthetic mechanism check — not empirical SPY evidence, trading evidence, or an exact paper replication."
108,no_periodicity,1,MSE,1.4932226438644151e-09,1.4959170145145053e-09,1.0018043998067947,2.6943706500901335e-12,5,0.99899949949937417,1.7860318167008031,0.074094106710381191,NONE,0,0,0,0,True,500,"Synthetic mechanism check — not empirical SPY evidence, trading evidence, or an exact paper replication."
108,no_periodicity,1,QLIKE,0.050370145666002911,0.050408209177623432,1.000755676028275,3.8063511620535452e-05,5,0.99899949949937417,0.76250912936563686,0.44575619650952597,NONE,0,0,0,0,True,500,"Synthetic mechanism check — not empirical SPY evidence, trading evidence, or an exact paper replication."
108,no_periodicity,5,MSE,6.5650642568299283e-10,6.579031304547272e-10,1.0021274807330047,1.3967047717343209e-12,5,0.99099949545900379,1.3683398073628952,0.17120573593974531,NONE,0,0,0,0,True,500,"Synthetic mechanism check — not empirical SPY evidence, trading evidence, or an exact paper replication."
108,no_periodicity,5,QLIKE,0.023314635990373787,0.023332820822611833,1.0007799749584576,1.8184832238044014e-05,5,0.99099949545900379,0.51463831363546164,0.60680578664672624,NONE,0,0,0,0,True,500,"Synthetic mechanism check — not empirical SPY evidence, trading evidence, or an exact paper replication."
108,no_periodicity,22,MSE,4.5416173143458623e-10,4.5499474472927737e-10,1.0018341776442938,8.3301329469131183e-13,21,0.95699947753381764,0.83173365198549554,0.40555930131958012,NONE,0,0,0,0,True,500,"Synthetic mechanism check — not empirical SPY evidence, trading evidence, or an exact paper replication."
108,no_periodicity,22,QLIKE,0.016677294663896322,0.016702607271821917,1.0015177886123456,2.5312607925593865e-05,21,0.95699947753381764,0.6286269878757621,0.52959328766855229,NONE,0,0,0,0,True,500,"Synthetic mechanism check — not empirical SPY evidence, trading evidence, or an exact paper replication."
108,u_shaped_periodicity,1,MSE,1.5605207352222057e-09,1.5427319972277734e-09,0.98860076794051743,-1.7788737994432553e-11,5,0.99899949949937417,-1.7607693776184377,0.078277444799564486,NONE,0,0,0,0,True,500,"Synthetic mechanism check — not empirical SPY evidence, trading evidence, or an exact paper replication."
108,u_shaped_periodicity,1,QLIKE,0.053673120293885719,0.053088641155677532,0.98911039389907118,-0.00058447913820818486,5,0.99899949949937417,-1.6715643494693384,0.094610259653964413,NONE,0,0,0,0,True,500,"Synthetic mechanism check — not empirical SPY evidence, trading evidence, or an exact paper replication."
108,u_shaped_periodicity,5,MSE,6.6573240153979689e-10,6.5236302806189976e-10,0.97991779662973499,-1.3369373477897203e-11,5,0.99099949545900379,-1.624013948188854,0.10437283171960203,NONE,0,0,0,0,True,500,"Synthetic mechanism check — not empirical SPY evidence, trading evidence, or an exact paper replication."
108,u_shaped_periodicity,5,QLIKE,0.024112800662662814,0.023659950518110304,0.98121951278543429,-0.00045285014455251062,5,0.99099949545900379,-1.5858185330275141,0.11278048031556276,NONE,0,0,0,0,True,500,"Synthetic mechanism check — not empirical SPY evidence, trading evidence, or an exact paper replication."
108,u_shaped_periodicity,22,MSE,4.5492755071743106e-10,4.4995109697633409e-10,0.98906099722197749,-4.9764537410969913e-12,21,0.95699947753381764,-0.75766129684557604,0.44865377437802062,NONE,0,0,0,0,True,500,"Synthetic mechanism check — not empirical SPY evidence, trading evidence, or an exact paper replication."
108,u_shaped_periodicity,22,QLIKE,0.016703415094220454,0.016497569015059253,0.98767640760885922,-0.00020584607916119779,21,0.95699947753381764,-0.85688051641673213,0.39151092156519401,NONE,0,0,0,0,True,500,"Synthetic mechanism check — not empirical SPY evidence, trading evidence, or an exact paper replication."
109,no_periodicity,1,MSE,4.6851479965534377e-10,4.6838253204230365e-10,0.99971768743882283,-1.322676130401225e-13,5,0.99899949949937417,-0.24448153684844048,0.80685789965749433,NONE,0,0,0,0,True,500,"Synthetic mechanism check — not empirical SPY evidence, trading evidence, or an exact paper replication."
109,no_periodicity,1,QLIKE,0.041072325052342588,0.041076599859912619,1.0001040799994785,4.274807570027406e-06,5,0.99899949949937417,0.095760301949390336,0.92371094686707944,NONE,0,0,0,0,True,500,"Synthetic mechanism check — not empirical SPY evidence, trading evidence, or an exact paper replication."
109,no_periodicity,5,MSE,2.2725103426885661e-10,2.2726972214791449e-10,1.000082234517075,1.868787905793918e-14,5,0.99099949545900379,0.045324721730553144,0.96384848259228362,NONE,0,0,0,0,True,500,"Synthetic mechanism check — not empirical SPY evidence, trading evidence, or an exact paper replication."
109,no_periodicity,5,QLIKE,0.020477761433672168,0.020477682923455535,0.99999616607426123,-7.8510216633187471e-08,5,0.99099949545900379,-0.0020784015879184077,0.99834167665577644,NONE,0,0,0,0,True,500,"Synthetic mechanism check — not empirical SPY evidence, trading evidence, or an exact paper replication."
109,no_periodicity,22,MSE,1.8768051319451325e-10,1.8781771148660723e-10,1.0007310204440447,1.3719829209395055e-13,21,0.95699947753381764,0.38648001311801239,0.69914120216673314,NONE,0,0,0,0,True,500,"Synthetic mechanism check — not empirical SPY evidence, trading evidence, or an exact paper replication."
109,no_periodicity,22,QLIKE,0.017994502120543081,0.018001217306625406,1.0003731798766835,6.715186082322688e-06,21,0.95699947753381764,0.21257440898453572,0.83165893389985934,NONE,0,0,0,0,True,500,"Synthetic mechanism check — not empirical SPY evidence, trading evidence, or an exact paper replication."
109,u_shaped_periodicity,1,MSE,5.0184056519794694e-10,5.0046326508279976e-10,0.99725550262242368,-1.3773001151472171e-12,5,0.99899949949937417,-0.3338777767926655,0.73847179000942464,NONE,0,0,0,0,True,500,"Synthetic mechanism check — not empirical SPY evidence, trading evidence, or an exact paper replication."
109,u_shaped_periodicity,1,QLIKE,0.043491160862494452,0.043382348301184752,0.99749805341702114,-0.00010881256130970929,5,0.99899949949937417,-0.33442631144832502,0.73805788756596125,NONE,0,0,0,0,True,500,"Synthetic mechanism check — not empirical SPY evidence, trading evidence, or an exact paper replication."
109,u_shaped_periodicity,5,MSE,2.4656854724454093e-10,2.4731270949220527e-10,1.0030180745110457,7.4416224766435166e-13,5,0.99099949545900379,0.24040291386889379,0.81001791949440205,NONE,0,0,0,0,True,500,"Synthetic mechanism check — not empirical SPY evidence, trading evidence, or an exact paper replication."
109,u_shaped_periodicity,5,QLIKE,0.021978965857588115,0.021968695526110863,0.99953271998583559,-1.0270331477252981e-05,5,0.99099949545900379,-0.040698466169390518,0.96753628440356731,NONE,0,0,0,0,True,500,"Synthetic mechanism check — not empirical SPY evidence, trading evidence, or an exact paper replication."
109,u_shaped_periodicity,22,MSE,1.8755457756108011e-10,1.8921523538329519e-10,1.0088542644163097,1.6606578222150893e-12,21,0.95699947753381764,0.68121315245118941,0.49573662692491954,NONE,0,0,0,0,True,500,"Synthetic mechanism check — not empirical SPY evidence, trading evidence, or an exact paper replication."
109,u_shaped_periodicity,22,QLIKE,0.017712909576575547,0.017876693445092309,1.0092465818678011,0.00016378386851676385,21,0.95699947753381764,0.80933428068389057,0.41832289294362479,NONE,0,0,0,0,True,500,"Synthetic mechanism check — not empirical SPY evidence, trading evidence, or an exact paper replication."
110,no_periodicity,1,MSE,2.1801850098227646e-09,2.1798527617629183e-09,0.99984760556633989,-3.322480598466311e-13,5,0.99899949949937417,-0.18051185821422602,0.85675074579892296,NONE,0,0,0,0,True,500,"Synthetic mechanism check — not empirical SPY evidence, trading evidence, or an exact paper replication."
110,no_periodicity,1,QLIKE,0.053198510590057722,0.053189533208054737,0.9998312474935217,-8.9773820029788172e-06,5,0.99899949949937417,-0.20004179808939299,0.84144789158348121,NONE,0,0,0,0,True,500,"Synthetic mechanism check — not empirical SPY evidence, trading evidence, or an exact paper replication."
110,no_periodicity,5,MSE,1.2379151043583351e-09,1.2373046132001377e-09,0.99950683923635153,-6.1049115819735968e-13,5,0.99099949545900379,-0.34071159735339801,0.73332070709922426,NONE,0,0,0,0,True,500,"Synthetic mechanism check — not empirical SPY evidence, trading evidence, or an exact paper replication."
110,no_periodicity,5,QLIKE,0.028729745364589276,0.028722866352350343,0.99976056132236335,-6.8790122389299493e-06,5,0.99099949545900379,-0.16536973854356926,0.8686529708608608,NONE,0,0,0,0,True,500,"Synthetic mechanism check — not empirical SPY evidence, trading evidence, or an exact paper replication."
110,no_periodicity,22,MSE,7.4590935945926428e-10,7.4453897066732512e-10,0.99816279448091039,-1.3703887919392187e-12,21,0.95699947753381764,-0.61018094330270101,0.54174195202506592,NONE,0,0,0,0,True,500,"Synthetic mechanism check — not empirical SPY evidence, trading evidence, or an exact paper replication."
110,no_periodicity,22,QLIKE,0.021038554765022685,0.02099611773094406,0.99798289214479796,-4.2437034078625312e-05,21,0.95699947753381764,-0.74915933674281232,0.45376117469046573,NONE,0,0,0,0,True,500,"Synthetic mechanism check — not empirical SPY evidence, trading evidence, or an exact paper replication."
110,u_shaped_periodicity,1,MSE,2.2972145329364125e-09,2.2401109722621715e-09,0.97514226039600738,-5.7103560674240677e-11,5,0.99899949949937417,-2.5252435180663468,0.011561814209689537,HARP,0,0,0,0,True,500,"Synthetic mechanism check — not empirical SPY evidence, trading evidence, or an exact paper replication."
110,u_shaped_periodicity,1,QLIKE,0.054791588805676764,0.05361247465495865,0.97848001533775653,-0.0011791141507181133,5,0.99899949949937417,-2.9906014708133819,0.0027842860668127779,HARP,0,0,0,0,True,500,"Synthetic mechanism check — not empirical SPY evidence, trading evidence, or an exact paper replication."
110,u_shaped_periodicity,5,MSE,1.2726428046869337e-09,1.2407539352933209e-09,0.97494279677206253,-3.1888869393612711e-11,5,0.99099949545900379,-2.9102992816893165,0.0036108281156711189,HARP,0,0,0,0,True,500,"Synthetic mechanism check — not empirical SPY evidence, trading evidence, or an exact paper replication."
110,u_shaped_periodicity,5,QLIKE,0.02936469529764087,0.028497065958504635,0.97045331714353122,-0.00086762933913623512,5,0.99099949545900379,-2.8841060507256184,0.0039252654016524125,HARP,0,0,0,0,True,500,"Synthetic mechanism check — not empirical SPY evidence, trading evidence, or an exact paper replication."
110,u_shaped_periodicity,22,MSE,7.5370997113077094e-10,7.4571567778275609e-10,0.98939340906420381,-7.9942933480148697e-12,21,0.95699947753381764,-0.61798039891493484,0.53658825940600663,NONE,0,0,0,0,True,500,"Synthetic mechanism check — not empirical SPY evidence, trading evidence, or an exact paper replication."
110,u_shaped_periodicity,22,QLIKE,0.021193985305684129,0.020708664705323905,0.97710102213621597,-0.00048532060036022618,21,0.95699947753381764,-1.2304437020158354,0.2185309967230461,NONE,0,0,0,0,True,500,"Synthetic mechanism check — not empirical SPY evidence, trading evidence, or an exact paper replication."
111,no_periodicity,1,MSE,1.6851557494516002e-09,1.682776308151827e-09,0.99858799918016627,-2.3794412997732388e-12,5,0.99899949949937417,-1.484784660273857,0.1376008766660371,NONE,0,0,0,0,True,500,"Synthetic mechanism check — not empirical SPY evidence, trading evidence, or an exact paper replication."
111,no_periodicity,1,QLIKE,0.039329477579260079,0.039292853254430882,0.99906878181243597,-3.6624324829193532e-05,5,0.99899949949937417,-1.0061149493917665,0.31436027825312945,NONE,0,0,0,0,True,500,"Synthetic mechanism check — not empirical SPY evidence, trading evidence, or an exact paper replication."
111,no_periodicity,5,MSE,7.4539723576287054e-10,7.430797756992983e-10,0.99689097309141417,-2.3174600635722471e-12,5,0.99099949545900379,-1.6743742583869616,0.094057068592746942,NONE,0,0,0,0,True,500,"Synthetic mechanism check — not empirical SPY evidence, trading evidence, or an exact paper replication."
111,no_periodicity,5,QLIKE,0.017432192301814076,0.017375428373987329,0.99674372982789772,-5.6763927826748881e-05,5,0.99099949545900379,-1.7196725625384355,0.085491977948632669,NONE,0,0,0,0,True,500,"Synthetic mechanism check — not empirical SPY evidence, trading evidence, or an exact paper replication."
111,no_periodicity,22,MSE,5.7033564732729918e-10,5.6802568969578291e-10,0.99594982771576501,-2.3099576315163797e-12,21,0.95699947753381764,-1.6566902284707634,0.097582119588569716,NONE,0,0,0,0,True,500,"Synthetic mechanism check — not empirical SPY evidence, trading evidence, or an exact paper replication."
111,no_periodicity,22,QLIKE,0.01418662804608186,0.014124931686410547,0.99565109062767365,-6.1696359671314487e-05,21,0.95699947753381764,-1.5669733690111902,0.11712091653443119,NONE,0,0,0,0,True,500,"Synthetic mechanism check — not empirical SPY evidence, trading evidence, or an exact paper replication."
111,u_shaped_periodicity,1,MSE,1.8267641098952079e-09,1.8058657354633552e-09,0.98855989434068114,-2.0898374431852514e-11,5,0.99899949949937417,-1.4746092053408091,0.14031763862186616,NONE,0,0,0,0,True,500,"Synthetic mechanism check — not empirical SPY evidence, trading evidence, or an exact paper replication."
111,u_shaped_periodicity,1,QLIKE,0.043043304761638215,0.042547276437056525,0.98847606318035852,-0.00049602832458169564,5,0.99899949949937417,-1.629339031884441,0.1032412676370181,NONE,0,0,0,0,True,500,"Synthetic mechanism check — not empirical SPY evidence, trading evidence, or an exact paper replication."
111,u_shaped_periodicity,5,MSE,8.143920103720684e-10,7.8620659329256392e-10,0.96539084774833739,-2.8185417079504755e-11,5,0.99099949545900379,-2.1707195983576915,0.029952374802117539,HARP,0,0,0,0,True,500,"Synthetic mechanism check — not empirical SPY evidence, trading evidence, or an exact paper replication."
111,u_shaped_periodicity,5,QLIKE,0.018958217411850092,0.018337776286216006,0.96727323502228268,-0.00062044112563409027,5,0.99099949545900379,-2.471239555403788,0.013464558873523876,HARP,0,0,0,0,True,500,"Synthetic mechanism check — not empirical SPY evidence, trading evidence, or an exact paper replication."
111,u_shaped_periodicity,22,MSE,5.8777683245645113e-10,5.6421447233663232e-10,0.95991274439765439,-2.356236011981874e-11,21,0.95699947753381764,-2.2475583435779463,0.024604366334788581,HARP,0,0,0,0,True,500,"Synthetic mechanism check — not empirical SPY evidence, trading evidence, or an exact paper replication."
111,u_shaped_periodicity,22,QLIKE,0.014802842313469544,0.014225502138477382,0.96099801897728632,-0.00057734017499216255,21,0.95699947753381764,-2.266753756557184,0.023405272496699138,HARP,0,0,0,0,True,500,"Synthetic mechanism check — not empirical SPY evidence, trading evidence, or an exact paper replication."
112,no_periodicity,1,MSE,2.0544738044633394e-09,2.0549489395653576e-09,1.0002312685131278,4.7513510201819643e-13,5,0.99899949949937417,0.19247160656949683,0.84737280676689097,NONE,0,0,0,0,True,500,"Synthetic mechanism check — not empirical SPY evidence, trading evidence, or an exact paper replication."
112,no_periodicity,1,QLIKE,0.041232978935744853,0.041257595977361942,1.0005970231172348,2.4617041617090774e-05,5,0.99899949949937417,0.50722481470779968,0.61199708557654997,NONE,0,0,0,0,True,500,"Synthetic mechanism check — not empirical SPY evidence, trading evidence, or an exact paper replication."
112,no_periodicity,5,MSE,7.9272733493762637e-10,7.9380641731216598e-10,1.0013612276592234,1.0790823745393964e-12,5,0.99099949545900379,0.57997967940577044,0.56192832127152337,NONE,0,0,0,0,True,500,"Synthetic mechanism check — not empirical SPY evidence, trading evidence, or an exact paper replication."
112,no_periodicity,5,QLIKE,0.01613711922916462,0.016156596694466372,1.0012069976694817,1.9477465301754205e-05,5,0.99099949545900379,0.50254535260594035,0.61528395859178553,NONE,0,0,0,0,True,500,"Synthetic mechanism check — not empirical SPY evidence, trading evidence, or an exact paper replication."
112,no_periodicity,22,MSE,5.55522324882518e-10,5.5929682849283977e-10,1.0067945129138058,3.7745036103216734e-12,21,0.95699947753381764,1.9047907203110386,0.056807280627951325,NONE,0,0,0,0,True,500,"Synthetic mechanism check — not empirical SPY evidence, trading evidence, or an exact paper replication."
112,no_periodicity,22,QLIKE,0.011603877115494626,0.011674513570100419,1.0060873149467837,7.0636454605793378e-05,21,0.95699947753381764,1.9351706020440016,0.052969363983982311,NONE,0,0,0,0,True,500,"Synthetic mechanism check — not empirical SPY evidence, trading evidence, or an exact paper replication."
112,u_shaped_periodicity,1,MSE,2.287626506232674e-09,2.2313569353391065e-09,0.97540264079811101,-5.6269570893567706e-11,5,0.99899949949937417,-2.8436344450203115,0.0044602187673051718,HARP,0,0,0,0,True,500,"Synthetic mechanism check — not empirical SPY evidence, trading evidence, or an exact paper replication."
112,u_shaped_periodicity,1,QLIKE,0.045566637301351021,0.044581154685033694,0.97837271577009466,-0.0009854826163173281,5,0.99899949949937417,-2.5792915480540395,0.0099003190136105652,HARP,0,0,0,0,True,500,"Synthetic mechanism check — not empirical SPY evidence, trading evidence, or an exact paper replication."
112,u_shaped_periodicity,5,MSE,8.4467101064601936e-10,8.2761426682782862e-10,0.97980664234570403,-1.7056743818190769e-11,5,0.99099949545900379,-1.2935874532945326,0.19580795857162242,NONE,0,0,0,0,True,500,"Synthetic mechanism check — not empirical SPY evidence, trading evidence, or an exact paper replication."
112,u_shaped_periodicity,5,QLIKE,0.017494039787502046,0.017065430323041468,0.97549968619787975,-0.000428609464460576,5,0.99099949545900379,-1.5075217332009001,0.13167697740764936,NONE,0,0,0,0,True,500,"Synthetic mechanism check — not empirical SPY evidence, trading evidence, or an exact paper replication."
112,u_shaped_periodicity,22,MSE,6.0329658655372629e-10,5.8305288097256875e-10,0.96644485310815731,-2.0243705581157478e-11,21,0.95699947753381764,-1.4825125043907363,0.13820397890678782,NONE,0,0,0,0,True,500,"Synthetic mechanism check — not empirical SPY evidence, trading evidence, or an exact paper replication."
112,u_shaped_periodicity,22,QLIKE,0.012528663424543104,0.012160093235862394,0.97058184291560601,-0.00036857018868070981,21,0.95699947753381764,-1.2841845840441644,0.1990773778576892,NONE,0,0,0,0,True,500,"Synthetic mechanism check — not empirical SPY evidence, trading evidence, or an exact paper replication."
113,no_periodicity,1,MSE,1.3200387411369646e-09,1.3217458658586155e-09,1.0012932383485811,1.7071247216507734e-12,5,0.99899949949937417,1.4290634975355505,0.15298598382305689,NONE,0,0,0,0,True,500,"Synthetic mechanism check — not empirical SPY evidence, trading evidence, or an exact paper replication."
113,no_periodicity,1,QLIKE,0.044573459134573279,0.044637273343550589,1.001431663824534,6.3814208977309493e-05,5,0.99899949949937417,1.5789848563031661,0.11433953062632719,NONE,0,0,0,0,True,500,"Synthetic mechanism check — not empirical SPY evidence, trading evidence, or an exact paper replication."
113,no_periodicity,5,MSE,6.3726062042895943e-10,6.3910154451970135e-10,1.0028888088040067,1.8409240907419928e-12,5,0.99099949545900379,2.1310774603284783,0.033082761267946799,HAR,0,0,0,0,True,500,"Synthetic mechanism check — not empirical SPY evidence, trading evidence, or an exact paper replication."
113,no_periodicity,5,QLIKE,0.021738899105366884,0.021796547894667024,1.0026518725267881,5.7648789300142058e-05,5,0.99099949545900379,1.8151813455898993,0.069496045469906273,NONE,0,0,0,0,True,500,"Synthetic mechanism check — not empirical SPY evidence, trading evidence, or an exact paper replication."
113,no_periodicity,22,MSE,6.2863597576571021e-10,6.2987310918254488e-10,1.0019679647117361,1.2371334168345532e-12,21,0.95699947753381764,1.0580214092453799,0.29004568195646502,NONE,0,0,0,0,True,500,"Synthetic mechanism check — not empirical SPY evidence, trading evidence, or an exact paper replication."
113,no_periodicity,22,QLIKE,0.024800714361722535,0.024842606896878967,1.0016891664709904,4.1892535156432323e-05,21,0.95699947753381764,0.91428584407622959,0.36056666691611722,NONE,0,0,0,0,True,500,"Synthetic mechanism check — not empirical SPY evidence, trading evidence, or an exact paper replication."
113,u_shaped_periodicity,1,MSE,1.3886975300102855e-09,1.3622941061820701e-09,0.98098691525143,-2.6403423828215667e-11,5,0.99899949949937417,-2.6916897479804449,0.0071091044992378774,HARP,0,0,0,0,True,500,"Synthetic mechanism check — not empirical SPY evidence, trading evidence, or an exact paper replication."
113,u_shaped_periodicity,1,QLIKE,0.047301213994619257,0.046023577872039555,0.972989358735591,-0.001277636122579699,5,0.99899949949937417,-4.0199833102323543,5.8202264474307156e-05,HARP,0,0,0,0,True,500,"Synthetic mechanism check — not empirical SPY evidence, trading evidence, or an exact paper replication."
113,u_shaped_periodicity,5,MSE,6.4648170921172902e-10,6.2113210121087015e-10,0.9607883600732211,-2.5349608000858809e-11,5,0.99099949545900379,-3.1028439611901075,0.0019167067073832184,HARP,0,0,0,0,True,500,"Synthetic mechanism check — not empirical SPY evidence, trading evidence, or an exact paper replication."
113,u_shaped_periodicity,5,QLIKE,0.022170107609898425,0.021129809178285438,0.9530765276417279,-0.0010402984316129839,5,0.99099949545900379,-3.7684264265205445,0.00016427988970727197,HARP,0,0,0,0,True,500,"Synthetic mechanism check — not empirical SPY evidence, trading evidence, or an exact paper replication."
113,u_shaped_periodicity,22,MSE,6.2682381968075106e-10,6.0257280714709018e-10,0.9613112779504579,-2.4251012533660771e-11,21,0.95699947753381764,-2.3791406798779553,0.017353051911632843,HARP,0,0,0,0,True,500,"Synthetic mechanism check — not empirical SPY evidence, trading evidence, or an exact paper replication."
113,u_shaped_periodicity,22,QLIKE,0.024908372132877665,0.023994757557091368,0.96332098416899847,-0.00091361457578629905,21,0.95699947753381764,-2.1963288616196714,0.028068413374889682,HARP,0,0,0,0,True,500,"Synthetic mechanism check — not empirical SPY evidence, trading evidence, or an exact paper replication."
114,no_periodicity,1,MSE,2.3034425334229379e-09,2.3050493406133904e-09,1.0006975677348742,1.6068071904527725e-12,5,0.99899949949937417,0.59986178642461019,0.54859835164685888,NONE,0,0,0,0,True,500,"Synthetic mechanism check — not empirical SPY evidence, trading evidence, or an exact paper replication."
114,no_periodicity,1,QLIKE,0.048075754285463616,0.048080245239019832,1.0000934141049467,4.4909535562123185e-06,5,0.99899949949937417,0.10486657953367556,0.91648167837810735,NONE,0,0,0,0,True,500,"Synthetic mechanism check — not empirical SPY evidence, trading evidence, or an exact paper replication."
114,no_periodicity,5,MSE,1.060400891485289e-09,1.061113554672266e-09,1.0006720695849083,7.1266318697703913e-13,5,0.99099949545900379,0.3669333159005525,0.71366875966965204,NONE,0,0,0,0,True,500,"Synthetic mechanism check — not empirical SPY evidence, trading evidence, or an exact paper replication."
114,no_periodicity,5,QLIKE,0.024659416026029113,0.024689231591980734,1.0012090945673713,2.9815565951620382e-05,5,0.99099949545900379,0.88169079064433697,0.37794404253068592,NONE,0,0,0,0,True,500,"Synthetic mechanism check — not empirical SPY evidence, trading evidence, or an exact paper replication."
114,no_periodicity,22,MSE,1.0178730426349224e-09,1.0191713596870482e-09,1.0012755196353023,1.2983170521258925e-12,21,0.95699947753381764,0.59044321508812736,0.55489354526876533,NONE,0,0,0,0,True,500,"Synthetic mechanism check — not empirical SPY evidence, trading evidence, or an exact paper replication."
114,no_periodicity,22,QLIKE,0.022964357753454824,0.023016362300134607,1.0022645765772378,5.2004546679784272e-05,21,0.95699947753381764,1.1624196085008152,0.24506506214544044,NONE,0,0,0,0,True,500,"Synthetic mechanism check — not empirical SPY evidence, trading evidence, or an exact paper replication."
114,u_shaped_periodicity,1,MSE,2.4491095642027336e-09,2.4456258901480832e-09,0.99857757525201429,-3.4836740546500392e-12,5,0.99899949949937417,-0.16241408839520974,0.87097977719780795,NONE,0,0,0,0,True,500,"Synthetic mechanism check — not empirical SPY evidence, trading evidence, or an exact paper replication."
114,u_shaped_periodicity,1,QLIKE,0.049559706896376697,0.049686294405875811,1.0025542424971114,0.00012658750949912,5,0.99899949949937417,0.34925852821045217,0.72689523007201584,NONE,0,0,0,0,True,500,"Synthetic mechanism check — not empirical SPY evidence, trading evidence, or an exact paper replication."
114,u_shaped_periodicity,5,MSE,1.1008626166453483e-09,1.0918363950656635e-09,0.99180077382662846,-9.0262215796849046e-12,5,0.99099949545900379,-0.50735978155931505,0.61190239967512916,NONE,0,0,0,0,True,500,"Synthetic mechanism check — not empirical SPY evidence, trading evidence, or an exact paper replication."
114,u_shaped_periodicity,5,QLIKE,0.025130736776302214,0.024967874587405643,0.9935194025409495,-0.00016286218889657267,5,0.99099949545900379,-0.52273425934567341,0.60115919380749738,NONE,0,0,0,0,True,500,"Synthetic mechanism check — not empirical SPY evidence, trading evidence, or an exact paper replication."
114,u_shaped_periodicity,22,MSE,1.021297650377243e-09,1.0603008494966377e-09,1.0381898451494409,3.9003199119394603e-11,21,0.95699947753381764,1.9729858025734852,0.04849717989804888,HAR,0,0,0,0,True,500,"Synthetic mechanism check — not empirical SPY evidence, trading evidence, or an exact paper replication."
114,u_shaped_periodicity,22,QLIKE,0.023079848863568102,0.023675048045142925,1.0257886949387418,0.00059519918157482411,21,0.95699947753381764,1.7528018542897579,0.079636024764440747,NONE,0,0,0,0,True,500,"Synthetic mechanism check — not empirical SPY evidence, trading evidence, or an exact paper replication."
115,no_periodicity,1,MSE,1.7502671235077661e-09,1.7528140424739927e-09,1.0014551601478534,2.5469189662264127e-12,5,0.99899949949937417,1.7079679171440838,0.087642295658409114,NONE,0,0,0,0,True,500,"Synthetic mechanism check — not empirical SPY evidence, trading evidence, or an exact paper replication."
115,no_periodicity,1,QLIKE,0.046183429634784438,0.04625081289386021,1.0014590354074748,6.7383259075766145e-05,5,0.99899949949937417,1.7670347058415539,0.077222416204177941,NONE,0,0,0,0,True,500,"Synthetic mechanism check — not empirical SPY evidence, trading evidence, or an exact paper replication."
115,no_periodicity,5,MSE,7.6986161569295725e-10,7.723075714104381e-10,1.0031771368615114,2.4459557174808912e-12,5,0.99099949545900379,2.2842328693291152,0.022357848792980941,HAR,0,0,0,0,True,500,"Synthetic mechanism check — not empirical SPY evidence, trading evidence, or an exact paper replication."
115,no_periodicity,5,QLIKE,0.021577982774805427,0.021633791134020725,1.0025863566487068,5.5808359215296477e-05,5,0.99099949545900379,1.8334348691004676,0.066737926092114416,NONE,0,0,0,0,True,500,"Synthetic mechanism check — not empirical SPY evidence, trading evidence, or an exact paper replication."
115,no_periodicity,22,MSE,5.192674158534842e-10,5.207095941173467e-10,1.0027773324877165,1.4421782638625456e-12,21,0.95699947753381764,1.33883412728434,0.18062467808350785,NONE,0,0,0,0,True,500,"Synthetic mechanism check — not empirical SPY evidence, trading evidence, or an exact paper replication."
115,no_periodicity,22,QLIKE,0.014030800405698318,0.014054621387287624,1.0016977635559288,2.3820981589303348e-05,21,0.95699947753381764,0.87423683176828049,0.3819892918050018,NONE,0,0,0,0,True,500,"Synthetic mechanism check — not empirical SPY evidence, trading evidence, or an exact paper replication."
115,u_shaped_periodicity,1,MSE,1.8173706126583597e-09,1.8192031932875822e-09,1.0010083692431573,1.8325806292226248e-12,5,0.99899949949937417,0.14424657339055483,0.88530576522621596,NONE,0,0,0,0,True,500,"Synthetic mechanism check — not empirical SPY evidence, trading evidence, or an exact paper replication."
115,u_shaped_periodicity,1,QLIKE,0.048315755878593533,0.048402492624957452,1.0017952062383515,8.673674636391882e-05,5,0.99899949949937417,0.26140989767423395,0.79377642509501634,NONE,0,0,0,0,True,500,"Synthetic mechanism check — not empirical SPY evidence, trading evidence, or an exact paper replication."
115,u_shaped_periodicity,5,MSE,7.900847811408896e-10,7.9282559090306641e-10,1.0034690071592305,2.7408097621768137e-12,5,0.99099949545900379,0.27081832720162374,0.78653076338077499,NONE,0,0,0,0,True,500,"Synthetic mechanism check — not empirical SPY evidence, trading evidence, or an exact paper replication."
115,u_shaped_periodicity,5,QLIKE,0.022649505064939953,0.022795374595220887,1.0064402965920316,0.00014586953028093453,5,0.99099949545900379,0.52409464564556718,0.60021271249253205,NONE,0,0,0,0,True,500,"Synthetic mechanism check — not empirical SPY evidence, trading evidence, or an exact paper replication."
115,u_shaped_periodicity,22,MSE,5.1422799859131087e-10,5.2753196048987402e-10,1.0258717182553427,1.3303961898563198e-11,21,0.95699947753381764,1.2469249622718954,0.21242501286375476,NONE,0,0,0,0,True,500,"Synthetic mechanism check — not empirical SPY evidence, trading evidence, or an exact paper replication."
115,u_shaped_periodicity,22,QLIKE,0.013962877093579455,0.014341151646862943,1.0270914476112827,0.00037827455328348815,21,0.95699947753381764,1.1963425369318965,0.23156291564095505,NONE,0,0,0,0,True,500,"Synthetic mechanism check — not empirical SPY evidence, trading evidence, or an exact paper replication."
116,no_periodicity,1,MSE,1.6633044784441414e-09,1.6636484721405391e-09,1.0002068134252362,3.4399369639712851e-13,5,0.99899949949937417,0.24759765646864607,0.80444572414644733,NONE,0,0,0,0,True,500,"Synthetic mechanism check — not empirical SPY evidence, trading evidence, or an exact paper replication."
116,no_periodicity,1,QLIKE,0.048101852550290036,0.048076702041714096,0.99947714054152814,-2.5150508575926711e-05,5,0.99899949949937417,-0.68993616677792613,0.49023433060421873,NONE,0,0,0,0,True,500,"Synthetic mechanism check — not empirical SPY evidence, trading evidence, or an exact paper replication."
116,no_periodicity,5,MSE,8.2755059190187584e-10,8.2931575629196626e-10,1.0021329987645029,1.7651643900904333e-12,5,0.99099949545900379,1.3417304681380713,0.17968340429546084,NONE,0,0,0,0,True,500,"Synthetic mechanism check — not empirical SPY evidence, trading evidence, or an exact paper replication."
116,no_periodicity,5,QLIKE,0.023832627702352723,0.023848733282296856,1.0006757786067604,1.6105579944131864e-05,5,0.99099949545900379,0.39688800147067405,0.69145005254839975,NONE,0,0,0,0,True,500,"Synthetic mechanism check — not empirical SPY evidence, trading evidence, or an exact paper replication."
116,no_periodicity,22,MSE,7.7371228488087126e-10,7.7374257766770664e-10,1.0000391525214571,3.0292786835332941e-14,21,0.95699947753381764,0.032516069501542913,0.97406050119667975,NONE,0,0,0,0,True,500,"Synthetic mechanism check — not empirical SPY evidence, trading evidence, or an exact paper replication."
116,no_periodicity,22,QLIKE,0.023286323156347179,0.023277734157171943,0.99963115691912507,-8.5889991752381428e-06,21,0.95699947753381764,-0.22635894950612095,0.82092225287489895,NONE,0,0,0,0,True,500,"Synthetic mechanism check — not empirical SPY evidence, trading evidence, or an exact paper replication."
116,u_shaped_periodicity,1,MSE,1.8589840539663385e-09,1.8290165092798234e-09,0.98387961175752092,-2.9967544686515039e-11,5,0.99899949949937417,-2.2375009191406376,0.02525361931759431,HARP,0,0,0,0,True,500,"Synthetic mechanism check — not empirical SPY evidence, trading evidence, or an exact paper replication."
116,u_shaped_periodicity,1,QLIKE,0.051380389698039979,0.050535916869582108,0.98356429693467107,-0.00084447282845786283,5,0.99899949949937417,-2.4703428223083721,0.013498362312231307,HARP,0,0,0,0,True,500,"Synthetic mechanism check — not empirical SPY evidence, trading evidence, or an exact paper replication."
116,u_shaped_periodicity,5,MSE,8.7186096240165145e-10,8.5482669089318598e-10,0.98046216972309164,-1.7034271508465582e-11,5,0.99099949545900379,-1.5518560136524699,0.12069667973625699,NONE,0,0,0,0,True,500,"Synthetic mechanism check — not empirical SPY evidence, trading evidence, or an exact paper replication."
116,u_shaped_periodicity,5,QLIKE,0.024549016737235082,0.023973019707236198,0.97653685945289892,-0.00057599702999888431,5,0.99099949545900379,-1.8969754021398237,0.057831184623558414,NONE,0,0,0,0,True,500,"Synthetic mechanism check — not empirical SPY evidence, trading evidence, or an exact paper replication."
116,u_shaped_periodicity,22,MSE,7.6596658561366666e-10,7.6051523501144006e-10,0.99288304384993609,-5.4513506022266924e-12,21,0.95699947753381764,-0.46333853117403478,0.64312173120948524,NONE,0,0,0,0,True,500,"Synthetic mechanism check — not empirical SPY evidence, trading evidence, or an exact paper replication."
116,u_shaped_periodicity,22,QLIKE,0.022991462998012756,0.022987110233602805,0.99981067910248567,-4.3527644099485838e-06,21,0.95699947753381764,-0.010795156311253466,0.99138687873704379,NONE,0,0,0,0,True,500,"Synthetic mechanism check — not empirical SPY evidence, trading evidence, or an exact paper replication."
117,no_periodicity,1,MSE,6.9094734944397949e-10,6.9053668964173176e-10,0.9994056568817028,-4.1065980224767755e-13,5,0.99899949949937417,-0.6257826022804962,0.53145754470183482,NONE,0,0,0,0,True,500,"Synthetic mechanism check — not empirical SPY evidence, trading evidence, or an exact paper replication."
117,no_periodicity,1,QLIKE,0.043525260626342557,0.043491216600574194,0.99921783292555955,-3.4044025768360964e-05,5,0.99899949949937417,-0.95119141246681727,0.34150721697269176,NONE,0,0,0,0,True,500,"Synthetic mechanism check — not empirical SPY evidence, trading evidence, or an exact paper replication."
117,no_periodicity,5,MSE,2.798050633299614e-10,2.7962012587227338e-10,0.99933904892396486,-1.8493745768800234e-13,5,0.99099949545900379,-0.35684972925264513,0.72120430532936664,NONE,0,0,0,0,True,500,"Synthetic mechanism check — not empirical SPY evidence, trading evidence, or an exact paper replication."
117,no_periodicity,5,QLIKE,0.018021088327627301,0.018004923617157168,0.9991030114177204,-1.616471047013146e-05,5,0.99099949545900379,-0.53330708129675208,0.59382102657382096,NONE,0,0,0,0,True,500,"Synthetic mechanism check — not empirical SPY evidence, trading evidence, or an exact paper replication."
117,no_periodicity,22,MSE,2.6612217493501326e-10,2.6618612326951845e-10,1.0002402969031829,6.3948334505192095e-14,21,0.95699947753381764,0.072256304618841943,0.94239793762027435,NONE,0,0,0,0,True,500,"Synthetic mechanism check — not empirical SPY evidence, trading evidence, or an exact paper replication."
117,no_periodicity,22,QLIKE,0.017576255446251625,0.017572498936340827,0.99978627359381034,-3.7565099107985667e-06,21,0.95699947753381764,-0.072601897312624494,0.94212291686979666,NONE,0,0,0,0,True,500,"Synthetic mechanism check — not empirical SPY evidence, trading evidence, or an exact paper replication."
117,u_shaped_periodicity,1,MSE,7.3672668755583653e-10,7.4728892942675422e-10,1.0143367167897215,1.0562241870917736e-11,5,0.99899949949937417,1.5218412469674869,0.12804886359340203,NONE,0,0,0,0,True,500,"Synthetic mechanism check — not empirical SPY evidence, trading evidence, or an exact paper replication."
117,u_shaped_periodicity,1,QLIKE,0.046110798187628158,0.046369178828271726,1.0056034736070323,0.00025838064064358332,5,0.99899949949937417,0.72043131642810521,0.47125947418530539,NONE,0,0,0,0,True,500,"Synthetic mechanism check — not empirical SPY evidence, trading evidence, or an exact paper replication."
117,u_shaped_periodicity,5,MSE,2.9884573212249113e-10,3.0553796732161923e-10,1.0223936114181651,6.6922351991280582e-12,5,0.99099949545900379,1.2245396774124857,0.22074870801317881,NONE,0,0,0,0,True,500,"Synthetic mechanism check — not empirical SPY evidence, trading evidence, or an exact paper replication."
117,u_shaped_periodicity,5,QLIKE,0.018841344126643213,0.019147429943853305,1.016245434251013,0.00030608581721008931,5,0.99099949545900379,0.96766681383698738,0.3332107971167928,NONE,0,0,0,0,True,500,"Synthetic mechanism check — not empirical SPY evidence, trading evidence, or an exact paper replication."
117,u_shaped_periodicity,22,MSE,2.8919699377185449e-10,2.9059100814363328e-10,1.0048202934394213,1.3940143717787581e-12,21,0.95699947753381764,0.25828857426719332,0.79618420359200304,NONE,0,0,0,0,True,500,"Synthetic mechanism check — not empirical SPY evidence, trading evidence, or an exact paper replication."
117,u_shaped_periodicity,22,QLIKE,0.018690127353045805,0.018607216465357127,0.9955639206666419,-8.2910887688680379e-05,21,0.95699947753381764,-0.2571151866782555,0.7970898542854461,NONE,0,0,0,0,True,500,"Synthetic mechanism check — not empirical SPY evidence, trading evidence, or an exact paper replication."
118,no_periodicity,1,MSE,9.8871828358643683e-10,9.8960913565270944e-10,1.0009010170855153,8.9085206627256364e-13,5,0.99899949949937417,0.821744758161709,0.41122217982668108,NONE,0,0,0,0,True,500,"Synthetic mechanism check — not empirical SPY evidence, trading evidence, or an exact paper replication."
118,no_periodicity,1,QLIKE,0.043499735296389189,0.043562667462176789,1.0014467252584138,6.2932165787597856e-05,5,0.99899949949937417,1.7015575662652629,0.088838337832015668,NONE,0,0,0,0,True,500,"Synthetic mechanism check — not empirical SPY evidence, trading evidence, or an exact paper replication."
118,no_periodicity,5,MSE,4.2863523442406521e-10,4.2922005988184821e-10,1.0013643896040623,5.848254577829091e-13,5,0.99099949545900379,0.63966204903969426,0.52239233335227464,NONE,0,0,0,0,True,500,"Synthetic mechanism check — not empirical SPY evidence, trading evidence, or an exact paper replication."
118,no_periodicity,5,QLIKE,0.020455888812298925,0.020493472671250332,1.0018373124383044,3.7583858951407921e-05,5,0.99099949545900379,1.3494605825235746,0.17718907302145231,NONE,0,0,0,0,True,500,"Synthetic mechanism check — not empirical SPY evidence, trading evidence, or an exact paper replication."
118,no_periodicity,22,MSE,4.119042034011378e-10,4.1213395903032472e-10,1.0005577889890169,2.2975562918690884e-13,21,0.95699947753381764,0.37912901593154769,0.70459206030710142,NONE,0,0,0,0,True,500,"Synthetic mechanism check — not empirical SPY evidence, trading evidence, or an exact paper replication."
118,no_periodicity,22,QLIKE,0.020726447173950283,0.02073173470819676,1.0002551104973323,5.2875342464764329e-06,21,0.95699947753381764,0.17570648870054348,0.86052453737165557,NONE,0,0,0,0,True,500,"Synthetic mechanism check — not empirical SPY evidence, trading evidence, or an exact paper replication."
118,u_shaped_periodicity,1,MSE,1.0442228571899424e-09,1.0396353163744119e-09,0.99560674162230489,-4.5875408155303307e-12,5,0.99899949949937417,-0.38033322834379946,0.70369807283163488,NONE,0,0,0,0,True,500,"Synthetic mechanism check — not empirical SPY evidence, trading evidence, or an exact paper replication."
118,u_shaped_periodicity,1,QLIKE,0.046201051735791684,0.045822094163532813,0.99179764187131492,-0.00037895757225887692,5,0.99899949949937417,-1.1676426252376411,0.24295094889903865,NONE,0,0,0,0,True,500,"Synthetic mechanism check — not empirical SPY evidence, trading evidence, or an exact paper replication."
118,u_shaped_periodicity,5,MSE,4.6527838665210733e-10,4.5594820377539589e-10,0.97994709587985296,-9.330182876711535e-12,5,0.99099949545900379,-1.1819938547577404,0.23720813922492034,NONE,0,0,0,0,True,500,"Synthetic mechanism check — not empirical SPY evidence, trading evidence, or an exact paper replication."
118,u_shaped_periodicity,5,QLIKE,0.021875570384540396,0.021554431101082565,0.98531972982588911,-0.00032113928345782792,5,0.99099949545900379,-1.4022329133033615,0.16084570617090146,NONE,0,0,0,0,True,500,"Synthetic mechanism check — not empirical SPY evidence, trading evidence, or an exact paper replication."
118,u_shaped_periodicity,22,MSE,4.2960400138384316e-10,4.2120972999598401e-10,0.98046044412803546,-8.3942713878590969e-12,21,0.95699947753381764,-0.91451760458507503,0.36044493174712444,NONE,0,0,0,0,True,500,"Synthetic mechanism check — not empirical SPY evidence, trading evidence, or an exact paper replication."
118,u_shaped_periodicity,22,QLIKE,0.021442080477088898,0.021349324098462234,0.99567409614352598,-9.2756378626665195e-05,21,0.95699947753381764,-0.34413369215117151,0.73074574591391639,NONE,0,0,0,0,True,500,"Synthetic mechanism check — not empirical SPY evidence, trading evidence, or an exact paper replication."
119,no_periodicity,1,MSE,2.3106517301273843e-09,2.3110428490196293e-09,1.000169267781529,3.9111889224545522e-13,5,0.99899949949937417,0.18594905298132156,0.85248471424324768,NONE,0,0,0,0,True,500,"Synthetic mechanism check — not empirical SPY evidence, trading evidence, or an exact paper replication."
119,no_periodicity,1,QLIKE,0.047042904280353147,0.047066403730674729,1.0004995323031405,2.3499450321581961e-05,5,0.99899949949937417,0.54040125874740363,0.58892033993805104,NONE,0,0,0,0,True,500,"Synthetic mechanism check — not empirical SPY evidence, trading evidence, or an exact paper replication."
119,no_periodicity,5,MSE,9.8436979860293715e-10,9.8671466355526971e-10,1.002382097617847,2.3448649523323171e-12,5,0.99099949545900379,1.2239978355277901,0.22095304405300289,NONE,0,0,0,0,True,500,"Synthetic mechanism check — not empirical SPY evidence, trading evidence, or an exact paper replication."
119,no_periodicity,5,QLIKE,0.021353688559312582,0.021411547106378711,1.0027095340884746,5.7858547066131918e-05,5,0.99099949545900379,1.3594843967323109,0.17399314354461806,NONE,0,0,0,0,True,500,"Synthetic mechanism check — not empirical SPY evidence, trading evidence, or an exact paper replication."
119,no_periodicity,22,MSE,6.8458986335485701e-10,6.8595156412745653e-10,1.0019890752777532,1.3617007725995637e-12,21,0.95699947753381764,0.71183891336041138,0.47656453293295559,NONE,0,0,0,0,True,500,"Synthetic mechanism check — not empirical SPY evidence, trading evidence, or an exact paper replication."
119,no_periodicity,22,QLIKE,0.016656738440702826,0.01668902590789886,1.0019384027257783,3.2287467196035369e-05,21,0.95699947753381764,0.73620170573626476,0.46160795435204854,NONE,0,0,0,0,True,500,"Synthetic mechanism check — not empirical SPY evidence, trading evidence, or an exact paper replication."
119,u_shaped_periodicity,1,MSE,2.4158983081902963e-09,2.4000940173750634e-09,0.99345821355077168,-1.5804290815232565e-11,5,0.99899949949937417,-0.87657852542128822,0.38071560748111499,NONE,0,0,0,0,True,500,"Synthetic mechanism check — not empirical SPY evidence, trading evidence, or an exact paper replication."
119,u_shaped_periodicity,1,QLIKE,0.049363056444753979,0.048982831906053563,0.99229738662706279,-0.00038022453870041682,5,0.99899949949937417,-1.0943201516867702,0.27381459015484344,NONE,0,0,0,0,True,500,"Synthetic mechanism check — not empirical SPY evidence, trading evidence, or an exact paper replication."
119,u_shaped_periodicity,5,MSE,1.0289671368057834e-09,1.0137897119037893e-09,0.98524984485985689,-1.5177424901994241e-11,5,0.99099949545900379,-0.92629332435037215,0.35429356421978858,NONE,0,0,0,0,True,500,"Synthetic mechanism check — not empirical SPY evidence, trading evidence, or an exact paper replication."
119,u_shaped_periodicity,5,QLIKE,0.022335375788666227,0.02200597451216035,0.9852520378603602,-0.00032940127650587982,5,0.99099949545900379,-0.93563486555333775,0.34946121688980458,NONE,0,0,0,0,True,500,"Synthetic mechanism check — not empirical SPY evidence, trading evidence, or an exact paper replication."
119,u_shaped_periodicity,22,MSE,6.7946331877650935e-10,6.8366488633017998e-10,1.0061836561850555,4.2015675536706657e-12,21,0.95699947753381764,0.43626144273886436,0.66264705327167261,NONE,0,0,0,0,True,500,"Synthetic mechanism check — not empirical SPY evidence, trading evidence, or an exact paper replication."
119,u_shaped_periodicity,22,QLIKE,0.016437917295861453,0.016685872161267941,1.0150843236976812,0.00024795486540649006,21,0.95699947753381764,0.94292261072517836,0.34572048865857125,NONE,0,0,0,0,True,500,"Synthetic mechanism check — not empirical SPY evidence, trading evidence, or an exact paper replication."
120,no_periodicity,1,MSE,1.7624257720585755e-09,1.7628428464070357e-09,1.0002366478946645,4.1707434845984548e-13,5,0.99899949949937417,0.20720309704658374,0.83585124870687744,NONE,0,0,0,0,True,500,"Synthetic mechanism check — not empirical SPY evidence, trading evidence, or an exact paper replication."
120,no_periodicity,1,QLIKE,0.046482108126023859,0.046506880113083023,1.0005329359630593,2.4771987059159617e-05,5,0.99899949949937417,0.52711508363188853,0.5981136727287153,NONE,0,0,0,0,True,500,"Synthetic mechanism check — not empirical SPY evidence, trading evidence, or an exact paper replication."
120,no_periodicity,5,MSE,9.1346416981032018e-10,9.1345602324136857e-10,0.9999910816765224,-8.1465689516533053e-15,5,0.99099949545900379,-0.0044036659678187533,0.99648639426948227,NONE,0,0,0,0,True,500,"Synthetic mechanism check — not empirical SPY evidence, trading evidence, or an exact paper replication."
120,no_periodicity,5,QLIKE,0.026084779210417054,0.026095091956437288,1.0003953549285216,1.031274602023169e-05,5,0.99099949545900379,0.22270471054133834,0.82376533495050119,NONE,0,0,0,0,True,500,"Synthetic mechanism check — not empirical SPY evidence, trading evidence, or an exact paper replication."
120,no_periodicity,22,MSE,8.4998817341533506e-10,8.4975914186737116e-10,0.99973054737097855,-2.2903154796388454e-13,21,0.95699947753381764,-0.12141916238856455,0.9033590397775535,NONE,0,0,0,0,True,500,"Synthetic mechanism check — not empirical SPY evidence, trading evidence, or an exact paper replication."
120,no_periodicity,22,QLIKE,0.022544790207929658,0.022523012650415827,0.9990340314851911,-2.1777557513833478e-05,21,0.95699947753381764,-0.44467594345100897,0.65655395665843652,NONE,0,0,0,0,True,500,"Synthetic mechanism check — not empirical SPY evidence, trading evidence, or an exact paper replication."
120,u_shaped_periodicity,1,MSE,1.9144476950897655e-09,1.8925449749343997e-09,0.98855924859606115,-2.1902720155365783e-11,5,0.99899949949937417,-1.7337245794916996,0.082966963176596825,NONE,0,0,0,0,True,500,"Synthetic mechanism check — not empirical SPY evidence, trading evidence, or an exact paper replication."
120,u_shaped_periodicity,1,QLIKE,0.049956914386113847,0.049620718381716715,0.99327028083042335,-0.00033619600439713883,5,0.99899949949937417,-1.0416043777487358,0.29759513820114192,NONE,0,0,0,0,True,500,"Synthetic mechanism check — not empirical SPY evidence, trading evidence, or an exact paper replication."
120,u_shaped_periodicity,5,MSE,9.6771267144559435e-10,9.4805016550344886e-10,0.97968146277058343,-1.9662505942145462e-11,5,0.99099949545900379,-1.8707550264800767,0.061379043873835082,NONE,0,0,0,0,True,500,"Synthetic mechanism check — not empirical SPY evidence, trading evidence, or an exact paper replication."
120,u_shaped_periodicity,5,QLIKE,0.027176277246693917,0.027046482919602155,0.9952239842891818,-0.0001297943270917603,5,0.99099949545900379,-0.42792943783660553,0.66870249406039717,NONE,0,0,0,0,True,500,"Synthetic mechanism check — not empirical SPY evidence, trading evidence, or an exact paper replication."
120,u_shaped_periodicity,22,MSE,8.786497497882648e-10,8.4420728154940597e-10,0.96080068508850236,-3.4442468238858854e-11,21,0.95699947753381764,-2.490335136660895,0.012762268983688513,HARP,0,0,0,0,True,500,"Synthetic mechanism check — not empirical SPY evidence, trading evidence, or an exact paper replication."
120,u_shaped_periodicity,22,QLIKE,0.023452801031901505,0.022774397268986068,0.97107365717243566,-0.00067840376291543466,21,0.95699947753381764,-1.8767582786013961,0.060551231072902167,NONE,0,0,0,0,True,500,"Synthetic mechanism check — not empirical SPY evidence, trading evidence, or an exact paper replication."
121,no_periodicity,1,MSE,6.5039479100121611e-10,6.5120950923599247e-10,1.0012526518447697,8.1471823477632131e-13,5,0.99899949949937417,1.0213551240954439,0.30708621846256956,NONE,0,0,0,0,True,500,"Synthetic mechanism check — not empirical SPY evidence, trading evidence, or an exact paper replication."
121,no_periodicity,1,QLIKE,0.047279356833004681,0.047332241886486139,1.0011185654167898,5.2885053481452895e-05,5,0.99899949949937417,1.2487789056971998,0.21174595133967508,NONE,0,0,0,0,True,500,"Synthetic mechanism check — not empirical SPY evidence, trading evidence, or an exact paper replication."
121,no_periodicity,5,MSE,2.7104731215093049e-10,2.7142362495669347e-10,1.0013883657534794,3.7631280576298766e-13,5,0.99099949545900379,0.73002141156239564,0.46537709678336103,NONE,0,0,0,0,True,500,"Synthetic mechanism check — not empirical SPY evidence, trading evidence, or an exact paper replication."
121,no_periodicity,5,QLIKE,0.020315816125399629,0.020354551727474662,1.0019066722122281,3.8735602075032016e-05,5,0.99099949545900379,1.318845033046613,0.18722092552835101,NONE,0,0,0,0,True,500,"Synthetic mechanism check — not empirical SPY evidence, trading evidence, or an exact paper replication."
121,no_periodicity,22,MSE,1.9472731895038066e-10,1.9444925542256803e-10,0.99857203637727132,-2.7806352781263541e-13,21,0.95699947753381764,-0.77939172944217228,0.43574899426693703,NONE,0,0,0,0,True,500,"Synthetic mechanism check — not empirical SPY evidence, trading evidence, or an exact paper replication."
121,no_periodicity,22,QLIKE,0.015056384555158918,0.015039234582259992,0.99886095012809373,-1.714997289892617e-05,21,0.95699947753381764,-0.6093276124696877,0.54230730813028671,NONE,0,0,0,0,True,500,"Synthetic mechanism check — not empirical SPY evidence, trading evidence, or an exact paper replication."
121,u_shaped_periodicity,1,MSE,6.6352901328157512e-10,6.6697020047130734e-10,1.0051861894820746,3.4411871897322371e-12,5,0.99899949949937417,0.65455051975027934,0.51275719035877021,NONE,0,0,0,0,True,500,"Synthetic mechanism check — not empirical SPY evidence, trading evidence, or an exact paper replication."
121,u_shaped_periodicity,1,QLIKE,0.048949902299905278,0.049004382526221336,1.0011129792656637,5.448022631606175e-05,5,0.99899949949937417,0.16543841937987486,0.86859891599283323,NONE,0,0,0,0,True,500,"Synthetic mechanism check — not empirical SPY evidence, trading evidence, or an exact paper replication."
121,u_shaped_periodicity,5,MSE,2.6056571168870636e-10,2.6348990310224417e-10,1.0112224720381908,2.9241914135377836e-12,5,0.99099949545900379,0.65743695162051929,0.51089999839272626,NONE,0,0,0,0,True,500,"Synthetic mechanism check — not empirical SPY evidence, trading evidence, or an exact paper replication."
121,u_shaped_periodicity,5,QLIKE,0.020357192868420894,0.02037385292167302,1.0008183865702804,1.6660053252123495e-05,5,0.99099949545900379,0.059891137229235079,0.95224233869158481,NONE,0,0,0,0,True,500,"Synthetic mechanism check — not empirical SPY evidence, trading evidence, or an exact paper replication."
121,u_shaped_periodicity,22,MSE,1.825340756216597e-10,1.8881037055181621e-10,1.0343842370734406,6.2762949301564833e-12,21,0.95699947753381764,1.4533566088886454,0.14612476738452576,NONE,0,0,0,0,True,500,"Synthetic mechanism check — not empirical SPY evidence, trading evidence, or an exact paper replication."
121,u_shaped_periodicity,22,QLIKE,0.014578818354790673,0.014886285082487362,1.0210899621776035,0.00030746672769668801,21,0.95699947753381764,0.87019846296352055,0.38419195577184512,NONE,0,0,0,0,True,500,"Synthetic mechanism check — not empirical SPY evidence, trading evidence, or an exact paper replication."
122,no_periodicity,1,MSE,1.2724131104596516e-09,1.2726954310719637e-09,1.0002218781070324,2.8232061231218441e-13,5,0.99899949949937417,0.30986590364847816,0.75666293240905591,NONE,0,0,0,0,True,500,"Synthetic mechanism check — not empirical SPY evidence, trading evidence, or an exact paper replication."
122,no_periodicity,1,QLIKE,0.042526312167266905,0.04255279245066268,1.0006226799843734,2.6480283395769356e-05,5,0.99899949949937417,0.79277798816028311,0.4279071832553033,NONE,0,0,0,0,True,500,"Synthetic mechanism check — not empirical SPY evidence, trading evidence, or an exact paper replication."
122,no_periodicity,5,MSE,5.4427412029689091e-10,5.444022366144958e-10,1.0002353893246569,1.2811631760479142e-13,5,0.99099949545900379,0.1410001297191163,0.88786983986572532,NONE,0,0,0,0,True,500,"Synthetic mechanism check — not empirical SPY evidence, trading evidence, or an exact paper replication."
122,no_periodicity,5,QLIKE,0.019215016773772121,0.019222786606095228,1.0004043625053565,7.7698323231052415e-06,5,0.99099949545900379,0.24614261921305314,0.8055718323690706,NONE,0,0,0,0,True,500,"Synthetic mechanism check — not empirical SPY evidence, trading evidence, or an exact paper replication."
122,no_periodicity,22,MSE,5.5648012391858632e-10,5.5736842649637441e-10,1.0015962880606282,8.8830257778802875e-13,21,0.95699947753381764,0.58951146474807947,0.55551822363064429,NONE,0,0,0,0,True,500,"Synthetic mechanism check — not empirical SPY evidence, trading evidence, or an exact paper replication."
122,no_periodicity,22,QLIKE,0.019118121607937556,0.01914640457450573,1.0014793799907848,2.8282966568171643e-05,21,0.95699947753381764,0.5635996558791011,0.57302662107502145,NONE,0,0,0,0,True,500,"Synthetic mechanism check — not empirical SPY evidence, trading evidence, or an exact paper replication."
122,u_shaped_periodicity,1,MSE,1.3784761975475313e-09,1.3719025790663889e-09,0.99523124266284924,-6.573618481142692e-12,5,0.99899949949937417,-0.7965654516034244,0.42570344885780581,NONE,0,0,0,0,True,500,"Synthetic mechanism check — not empirical SPY evidence, trading evidence, or an exact paper replication."
122,u_shaped_periodicity,1,QLIKE,0.046321628525908862,0.046083735131879994,0.99486431281456766,-0.00023789339402887589,5,0.99899949949937417,-0.84577404295311831,0.39767880845185721,NONE,0,0,0,0,True,500,"Synthetic mechanism check — not empirical SPY evidence, trading evidence, or an exact paper replication."
122,u_shaped_periodicity,5,MSE,5.6548000553524553e-10,5.6507652109941308e-10,0.99928647444315821,-4.0348443583258099e-13,5,0.99099949545900379,-0.047509616214929003,0.96210706636034871,NONE,0,0,0,0,True,500,"Synthetic mechanism check — not empirical SPY evidence, trading evidence, or an exact paper replication."
122,u_shaped_periodicity,5,QLIKE,0.01979492880614624,0.019806097207278654,1.0005642051679897,1.1168401132414462e-05,5,0.99099949545900379,0.03849532574692778,0.96929275823697414,NONE,0,0,0,0,True,500,"Synthetic mechanism check — not empirical SPY evidence, trading evidence, or an exact paper replication."
122,u_shaped_periodicity,22,MSE,5.3819961606209588e-10,5.4509656240293434e-10,1.0128148481251289,6.8969463408384795e-12,21,0.95699947753381764,0.61264245402057638,0.54011278048000055,NONE,0,0,0,0,True,500,"Synthetic mechanism check — not empirical SPY evidence, trading evidence, or an exact paper replication."
122,u_shaped_periodicity,22,QLIKE,0.018847141460299855,0.018966711238023508,1.006344186357147,0.00011956977772365329,21,0.95699947753381764,0.30267267227508149,0.76213932584465383,NONE,0,0,0,0,True,500,"Synthetic mechanism check — not empirical SPY evidence, trading evidence, or an exact paper replication."
123,no_periodicity,1,MSE,1.0039492690790792e-09,1.0052455724895125e-09,1.0012912040980142,1.2963034104334171e-12,5,0.99899949949937417,1.6954866443541332,0.089983141718777804,NONE,0,0,0,0,True,500,"Synthetic mechanism check — not empirical SPY evidence, trading evidence, or an exact paper replication."
123,no_periodicity,1,QLIKE,0.047644369040284913,0.047684979149377922,1.00085235904916,4.061010909301688e-05,5,0.99899949949937417,1.1613138218648433,0.24551430058011198,NONE,0,0,0,0,True,500,"Synthetic mechanism check — not empirical SPY evidence, trading evidence, or an exact paper replication."
123,no_periodicity,5,MSE,4.1083745258947445e-10,4.111073119132609e-10,1.0006568518086303,2.6985932378644404e-13,5,0.99099949545900379,0.37379492617891341,0.70855689464918381,NONE,0,0,0,0,True,500,"Synthetic mechanism check — not empirical SPY evidence, trading evidence, or an exact paper replication."
123,no_periodicity,5,QLIKE,0.021608798924602483,0.021604520180165086,0.99980199064037167,-4.2787444373972859e-06,5,0.99099949545900379,-0.14278683416516377,0.8864585353455493,NONE,0,0,0,0,True,500,"Synthetic mechanism check — not empirical SPY evidence, trading evidence, or an exact paper replication."
123,no_periodicity,22,MSE,3.0548219875920793e-10,3.046398007465995e-10,0.99724239901365763,-8.4239801260851272e-13,21,0.95699947753381764,-1.4441707974830613,0.14869093717190615,NONE,0,0,0,0,True,500,"Synthetic mechanism check — not empirical SPY evidence, trading evidence, or an exact paper replication."
123,no_periodicity,22,QLIKE,0.015599193445202015,0.015551757088878229,0.99695905070410051,-4.7436356323786291e-05,21,0.95699947753381764,-1.7524985335123384,0.079688121809011997,NONE,0,0,0,0,True,500,"Synthetic mechanism check — not empirical SPY evidence, trading evidence, or an exact paper replication."
123,u_shaped_periodicity,1,MSE,1.0764601062879618e-09,1.0680756886459824e-09,0.99221112088315844,-8.3844176419794453e-12,5,0.99899949949937417,-1.4773153636713374,0.13959112154221195,NONE,0,0,0,0,True,500,"Synthetic mechanism check — not empirical SPY evidence, trading evidence, or an exact paper replication."
123,u_shaped_periodicity,1,QLIKE,0.050195553259399166,0.049906581234509036,0.99424307521033206,-0.00028897202489013506,5,0.99899949949937417,-1.0794992187643357,0.28036524187199841,NONE,0,0,0,0,True,500,"Synthetic mechanism check — not empirical SPY evidence, trading evidence, or an exact paper replication."
123,u_shaped_periodicity,5,MSE,4.4756919155095403e-10,4.4254287301216674e-10,0.98876973966557069,-5.0263185387873369e-12,5,0.99099949545900379,-1.1372708598624852,0.25542507258015618,NONE,0,0,0,0,True,500,"Synthetic mechanism check — not empirical SPY evidence, trading evidence, or an exact paper replication."
123,u_shaped_periodicity,5,QLIKE,0.023013669279268213,0.022718807928638819,0.98718755592377361,-0.00029486135062939444,5,0.99099949545900379,-1.4518753893147449,0.14653625675649964,NONE,0,0,0,0,True,500,"Synthetic mechanism check — not empirical SPY evidence, trading evidence, or an exact paper replication."
123,u_shaped_periodicity,22,MSE,3.3061228554412954e-10,3.2183885909214512e-10,0.9734630960929207,-8.773426451984456e-12,21,0.95699947753381764,-3.7466140054671007,0.00017923756362340281,HARP,0,0,0,0,True,500,"Synthetic mechanism check — not empirical SPY evidence, trading evidence, or an exact paper replication."
123,u_shaped_periodicity,22,QLIKE,0.016704653896252114,0.016224224172845012,0.97123976788798405,-0.0004804297234071,21,0.95699947753381764,-3.8741992418993938,0.00010697586657253186,HARP,0,0,0,0,True,500,"Synthetic mechanism check — not empirical SPY evidence, trading evidence, or an exact paper replication."
124,no_periodicity,1,MSE,1.4692766822216221e-09,1.4725313333891273e-09,1.0022151383785551,3.2546511675052876e-12,5,0.99899949949937417,1.7518786526758088,0.079794675980471963,NONE,0,0,0,0,True,500,"Synthetic mechanism check — not empirical SPY evidence, trading evidence, or an exact paper replication."
124,no_periodicity,1,QLIKE,0.047189507461002478,0.047280344156055976,1.0019249341631413,9.0836695053503111e-05,5,0.99899949949937417,1.7484694938831986,0.080382763544082969,NONE,0,0,0,0,True,500,"Synthetic mechanism check — not empirical SPY evidence, trading evidence, or an exact paper replication."
124,no_periodicity,5,MSE,6.630475293579799e-10,6.6538818729655002e-10,1.0035301510599648,2.3406579385700557e-12,5,0.99099949545900379,1.6188369084373937,0.10548235858061826,NONE,0,0,0,0,True,500,"Synthetic mechanism check — not empirical SPY evidence, trading evidence, or an exact paper replication."
124,no_periodicity,5,QLIKE,0.023178852199303476,0.02324937372924878,1.003042494483287,7.0521529945296818e-05,5,0.99099949545900379,1.50254686927544,0.13295593305781367,NONE,0,0,0,0,True,500,"Synthetic mechanism check — not empirical SPY evidence, trading evidence, or an exact paper replication."
124,no_periodicity,22,MSE,6.0701912010768831e-10,6.0668271279829783e-10,0.99944580442650499,-3.364073093904503e-13,21,0.95699947753381764,-0.31390144003009318,0.75359589664021343,NONE,0,0,0,0,True,500,"Synthetic mechanism check — not empirical SPY evidence, trading evidence, or an exact paper replication."
124,no_periodicity,22,QLIKE,0.021799267294555627,0.021774366967420921,0.99885774476736999,-2.4900327134703026e-05,21,0.95699947753381764,-0.66641586645889139,0.50514532374090748,NONE,0,0,0,0,True,500,"Synthetic mechanism check — not empirical SPY evidence, trading evidence, or an exact paper replication."
124,u_shaped_periodicity,1,MSE,1.5419853493198997e-09,1.5294244127587601e-09,0.99185404934834198,-1.2560936561139172e-11,5,0.99899949949937417,-1.1378748916745427,0.25517272700110905,NONE,0,0,0,0,True,500,"Synthetic mechanism check — not empirical SPY evidence, trading evidence, or an exact paper replication."
124,u_shaped_periodicity,1,QLIKE,0.05085060470523077,0.050391771085451509,0.99097683061117925,-0.0004588336197792717,5,0.99899949949937417,-1.3089934789603139,0.19053655966048141,NONE,0,0,0,0,True,500,"Synthetic mechanism check — not empirical SPY evidence, trading evidence, or an exact paper replication."
124,u_shaped_periodicity,5,MSE,6.8043743880674042e-10,6.8036572835604947e-10,0.99989461125064383,-7.1710450690867542e-14,5,0.99099949545900379,-0.0085097319587044608,0.99321029820032936,NONE,0,0,0,0,True,500,"Synthetic mechanism check — not empirical SPY evidence, trading evidence, or an exact paper replication."
124,u_shaped_periodicity,5,QLIKE,0.024195643456549221,0.024060677617336271,0.99442189502191491,-0.00013496583921294913,5,0.99099949545900379,-0.4579539058291282,0.64698555750460152,NONE,0,0,0,0,True,500,"Synthetic mechanism check — not empirical SPY evidence, trading evidence, or an exact paper replication."
124,u_shaped_periodicity,22,MSE,6.1792996125744066e-10,6.1594015579094009e-10,0.99677988511440441,-1.9898054665005211e-12,21,0.95699947753381764,-0.26912051844440071,0.78783694128812698,NONE,0,0,0,0,True,500,"Synthetic mechanism check — not empirical SPY evidence, trading evidence, or an exact paper replication."
124,u_shaped_periodicity,22,QLIKE,0.02222143840698601,0.022118241088812426,0.99535595687895972,-0.00010319731817358635,21,0.95699947753381764,-0.36307471875971054,0.7165490693772012,NONE,0,0,0,0,True,500,"Synthetic mechanism check — not empirical SPY evidence, trading evidence, or an exact paper replication."
125,no_periodicity,1,MSE,7.1644699246289582e-10,7.1568309532000711e-10,0.99893377018687357,-7.6389714288879873e-13,5,0.99899949949937417,-1.0740367848957084,0.28280619511067578,NONE,0,0,0,0,True,500,"Synthetic mechanism check — not empirical SPY evidence, trading evidence, or an exact paper replication."
125,no_periodicity,1,QLIKE,0.048965625456468376,0.04894610496634863,0.99960134298423087,-1.9520490119750987e-05,5,0.99899949949937417,-0.49594940346823496,0.6199301090010938,NONE,0,0,0,0,True,500,"Synthetic mechanism check — not empirical SPY evidence, trading evidence, or an exact paper replication."
125,no_periodicity,5,MSE,3.196578383625723e-10,3.1939522651289083e-10,0.99917845953339768,-2.6261184968143816e-13,5,0.99099949545900379,-0.44603810752397033,0.65556971929645846,NONE,0,0,0,0,True,500,"Synthetic mechanism check — not empirical SPY evidence, trading evidence, or an exact paper replication."
125,no_periodicity,5,QLIKE,0.021827969448031524,0.021819733542098971,0.99962269023913741,-8.2359059325534108e-06,5,0.99099949545900379,-0.25990580493254428,0.79493643342806874,NONE,0,0,0,0,True,500,"Synthetic mechanism check — not empirical SPY evidence, trading evidence, or an exact paper replication."
125,no_periodicity,22,MSE,2.2080433933467661e-10,2.2129977806635174e-10,1.0022437907387507,4.9543873167509292e-13,21,0.95699947753381764,0.7143587023017145,0.47500540178911049,NONE,0,0,0,0,True,500,"Synthetic mechanism check — not empirical SPY evidence, trading evidence, or an exact paper replication."
125,no_periodicity,22,QLIKE,0.014892838630218574,0.014906603696138747,1.0009242741603499,1.3765065920174902e-05,21,0.95699947753381764,0.3746530734166319,0.70791849626796099,NONE,0,0,0,0,True,500,"Synthetic mechanism check — not empirical SPY evidence, trading evidence, or an exact paper replication."
125,u_shaped_periodicity,1,MSE,7.587112167951272e-10,7.622911802097959e-10,1.0047184796209958,3.5799634146688776e-12,5,0.99899949949937417,0.56949481090288956,0.56902039122747428,NONE,0,0,0,0,True,500,"Synthetic mechanism check — not empirical SPY evidence, trading evidence, or an exact paper replication."
125,u_shaped_periodicity,1,QLIKE,0.052017405405834653,0.052079156437860673,1.0011871224937932,6.1751032026017064e-05,5,0.99899949949937417,0.16953870613420866,0.86537292990070958,NONE,0,0,0,0,True,500,"Synthetic mechanism check — not empirical SPY evidence, trading evidence, or an exact paper replication."
125,u_shaped_periodicity,5,MSE,3.3183028714066521e-10,3.3842275855210807e-10,1.0198669972781846,6.5924714114428443e-12,5,0.99099949545900379,1.6685166223284136,0.095213214987107442,NONE,0,0,0,0,True,500,"Synthetic mechanism check — not empirical SPY evidence, trading evidence, or an exact paper replication."
125,u_shaped_periodicity,5,QLIKE,0.022826897379996446,0.023253569987257659,1.0186916601129996,0.00042667260726121328,5,0.99099949545900379,1.8071710497870828,0.070735613336252487,NONE,0,0,0,0,True,500,"Synthetic mechanism check — not empirical SPY evidence, trading evidence, or an exact paper replication."
125,u_shaped_periodicity,22,MSE,2.2993073555347517e-10,2.3589743869614266e-10,1.0259500024140087,5.9667031426675211e-12,21,0.95699947753381764,1.3582948675004547,0.17437013822821457,NONE,0,0,0,0,True,500,"Synthetic mechanism check — not empirical SPY evidence, trading evidence, or an exact paper replication."
125,u_shaped_periodicity,22,QLIKE,0.015671042026500347,0.015960201168534617,1.0184518133220044,0.0002891591420342743,21,0.95699947753381764,1.1370722858781916,0.25550806844640245,NONE,0,0,0,0,True,500,"Synthetic mechanism check — not empirical SPY evidence, trading evidence, or an exact paper replication."
126,no_periodicity,1,MSE,1.297635769191498e-09,1.3003014654514878e-09,1.0020542715631604,2.6656962599900247e-12,5,0.99899949949937417,2.427395997145835,0.015207646424344334,HAR,0,0,0,0,True,500,"Synthetic mechanism check — not empirical SPY evidence, trading evidence, or an exact paper replication."
126,no_periodicity,1,QLIKE,0.049539823412241807,0.0496371250220893,1.0019641089359121,9.7301609847491919e-05,5,0.99899949949937417,2.4112229167672443,0.015899127544350387,HAR,0,0,0,0,True,500,"Synthetic mechanism check — not empirical SPY evidence, trading evidence, or an exact paper replication."
126,no_periodicity,5,MSE,5.2422957509327767e-10,5.251402672374046e-10,1.0017372010039016,9.1069214412698742e-13,5,0.99099949545900379,1.2944161244206727,0.19552172398236559,NONE,0,0,0,0,True,500,"Synthetic mechanism check — not empirical SPY evidence, trading evidence, or an exact paper replication."
126,no_periodicity,5,QLIKE,0.020332012148115298,0.020383371682538072,1.0025260428750793,5.1359534422776412e-05,5,0.99099949545900379,1.8165682613976122,0.069283246929600972,NONE,0,0,0,0,True,500,"Synthetic mechanism check — not empirical SPY evidence, trading evidence, or an exact paper replication."
126,no_periodicity,22,MSE,4.4733940689122177e-10,4.4757493937045281e-10,1.0005265185127952,2.355324792311322e-13,21,0.95699947753381764,0.30416721178735967,0.76100050329997804,NONE,0,0,0,0,True,500,"Synthetic mechanism check — not empirical SPY evidence, trading evidence, or an exact paper replication."
126,no_periodicity,22,QLIKE,0.016707863616930767,0.016729757930535136,1.0013104196985534,2.1894313604371439e-05,21,0.95699947753381764,0.65807798923595495,0.51048801858807358,NONE,0,0,0,0,True,500,"Synthetic mechanism check — not empirical SPY evidence, trading evidence, or an exact paper replication."
126,u_shaped_periodicity,1,MSE,1.3960134746094691e-09,1.3976446570855125e-09,1.0011684575440789,1.6311824760433792e-12,5,0.99899949949937417,0.19101646856946078,0.84851269066780022,NONE,0,0,0,0,True,500,"Synthetic mechanism check — not empirical SPY evidence, trading evidence, or an exact paper replication."
126,u_shaped_periodicity,1,QLIKE,0.052864666028657054,0.052960018035241932,1.0018037001602014,9.5352006584864752e-05,5,0.99899949949937417,0.29875226133358068,0.76512907817509157,NONE,0,0,0,0,True,500,"Synthetic mechanism check — not empirical SPY evidence, trading evidence, or an exact paper replication."
126,u_shaped_periodicity,5,MSE,5.3690916434969848e-10,5.4565806964641848e-10,1.0162949449881651,8.7489052967199706e-12,5,0.99099949545900379,1.2652395706419488,0.20578546143979234,NONE,0,0,0,0,True,500,"Synthetic mechanism check — not empirical SPY evidence, trading evidence, or an exact paper replication."
126,u_shaped_periodicity,5,QLIKE,0.020829867296255584,0.021211769208183896,1.0183343420530078,0.00038190191192831203,5,0.99099949545900379,1.4253273083724052,0.1540626097864464,NONE,0,0,0,0,True,500,"Synthetic mechanism check — not empirical SPY evidence, trading evidence, or an exact paper replication."
126,u_shaped_periodicity,22,MSE,4.4773026106808444e-10,4.5735730433337333e-10,1.0215018820535451,9.627043265288877e-12,21,0.95699947753381764,1.1567131474542443,0.24738957634847392,NONE,0,0,0,0,True,500,"Synthetic mechanism check — not empirical SPY evidence, trading evidence, or an exact paper replication."
126,u_shaped_periodicity,22,QLIKE,0.016668358982729663,0.017048043888788566,1.0227787814296716,0.00037968490605890095,21,0.95699947753381764,1.1361845093649321,0.25587935221191677,NONE,0,0,0,0,True,500,"Synthetic mechanism check — not empirical SPY evidence, trading evidence, or an exact paper replication."
127,no_periodicity,1,MSE,1.0325576421740046e-09,1.0302670117489974e-09,0.99778159559190871,-2.2906304250069504e-12,5,0.99899949949937417,-2.0355077949069607,0.041799805030007312,HARP,0,0,0,0,True,500,"Synthetic mechanism check — not empirical SPY evidence, trading evidence, or an exact paper replication."
127,no_periodicity,1,QLIKE,0.052497922149607149,0.052507196241939537,1.0001766563694836,9.2740923324003971e-06,5,0.99899949949937417,0.20861346752046842,0.83474999632797497,NONE,0,0,0,0,True,500,"Synthetic mechanism check — not empirical SPY evidence, trading evidence, or an exact paper replication."
127,no_periodicity,5,MSE,5.5931087325879409e-10,5.5802678571174997e-10,0.99770416130199213,-1.2840875470442068e-12,5,0.99099949545900379,-1.2131682853424584,0.22506548684608818,NONE,0,0,0,0,True,500,"Synthetic mechanism check — not empirical SPY evidence, trading evidence, or an exact paper replication."
127,no_periodicity,5,QLIKE,0.025094389871464087,0.025083290503277445,0.9995576952361267,-1.1099368186643144e-05,5,0.99099949545900379,-0.29940402909443004,0.76463178831965783,NONE,0,0,0,0,True,500,"Synthetic mechanism check — not empirical SPY evidence, trading evidence, or an exact paper replication."
127,no_periodicity,22,MSE,6.4069752699481512e-10,6.3852508367619823e-10,0.99660925284227841,-2.172443318616759e-12,21,0.95699947753381764,-1.377385125189289,0.16839320928579993,NONE,0,0,0,0,True,500,"Synthetic mechanism check — not empirical SPY evidence, trading evidence, or an exact paper replication."
127,no_periodicity,22,QLIKE,0.029063625169505423,0.029049588233959762,0.99951702736792836,-1.403693554565999e-05,21,0.95699947753381764,-0.19673428130463735,0.84403548172187426,NONE,0,0,0,0,True,500,"Synthetic mechanism check — not empirical SPY evidence, trading evidence, or an exact paper replication."
127,u_shaped_periodicity,1,MSE,1.0677585411747577e-09,1.0662459132405918e-09,0.99858336142879112,-1.512627934165952e-12,5,0.99899949949937417,-0.18649667839886602,0.85205528341955461,NONE,0,0,0,0,True,500,"Synthetic mechanism check — not empirical SPY evidence, trading evidence, or an exact paper replication."
127,u_shaped_periodicity,1,QLIKE,0.053729753290599293,0.05383354159595078,1.001931672844097,0.00010378830535147943,5,0.99899949949937417,0.31006785014306476,0.75650936007349556,NONE,0,0,0,0,True,500,"Synthetic mechanism check — not empirical SPY evidence, trading evidence, or an exact paper replication."
127,u_shaped_periodicity,5,MSE,5.89981265390677e-10,5.8858699376443544e-10,0.99763675271058261,-1.3942716262415593e-12,5,0.99099949545900379,-0.14766414865239411,0.88260782662813919,NONE,0,0,0,0,True,500,"Synthetic mechanism check — not empirical SPY evidence, trading evidence, or an exact paper replication."
127,u_shaped_periodicity,5,QLIKE,0.025744730416945822,0.02593302483074867,1.0073139011655337,0.00018829441380284972,5,0.99099949545900379,0.67467426877344394,0.4998827359356971,NONE,0,0,0,0,True,500,"Synthetic mechanism check — not empirical SPY evidence, trading evidence, or an exact paper replication."
127,u_shaped_periodicity,22,MSE,6.7222877209680376e-10,6.6291788523956382e-10,0.98614922888796086,-9.3108868572399011e-12,21,0.95699947753381764,-0.92249427252288885,0.35627081647120756,NONE,0,0,0,0,True,500,"Synthetic mechanism check — not empirical SPY evidence, trading evidence, or an exact paper replication."
127,u_shaped_periodicity,22,QLIKE,0.029991767517305028,0.03004505521502315,1.0017767441577885,5.3287697718122474e-05,21,0.95699947753381764,0.16382721298857686,0.86986716824060784,NONE,0,0,0,0,True,500,"Synthetic mechanism check — not empirical SPY evidence, trading evidence, or an exact paper replication."
128,no_periodicity,1,MSE,8.1421582619042821e-10,8.1601718638250275e-10,1.0022123866106887,1.8013601920745425e-12,5,0.99899949949937417,1.9113630348674298,0.055957943618785297,NONE,0,0,0,0,True,500,"Synthetic mechanism check — not empirical SPY evidence, trading evidence, or an exact paper replication."
128,no_periodicity,1,QLIKE,0.044772650939855753,0.044802814397349129,1.0006737027372781,3.0163457493380452e-05,5,0.99899949949937417,0.65364091963104998,0.51334317471647672,NONE,0,0,0,0,True,500,"Synthetic mechanism check — not empirical SPY evidence, trading evidence, or an exact paper replication."
128,no_periodicity,5,MSE,4.0008574612504636e-10,4.0169426072785084e-10,1.0040204246674205,1.6085146028044692e-12,5,0.99099949545900379,1.9840690598747479,0.047248141735576649,HAR,0,0,0,0,True,500,"Synthetic mechanism check — not empirical SPY evidence, trading evidence, or an exact paper replication."
128,no_periodicity,5,QLIKE,0.022488375016423832,0.022542870470672619,1.0024232722110418,5.4495454248788987e-05,5,0.99099949545900379,1.3464504352717321,0.17815729483401924,NONE,0,0,0,0,True,500,"Synthetic mechanism check — not empirical SPY evidence, trading evidence, or an exact paper replication."
128,no_periodicity,22,MSE,3.1356030766615042e-10,3.1502898951378969e-10,1.0046838895476624,1.4686818476392797e-12,21,0.95699947753381764,1.7533190069097351,0.079547264749376248,NONE,0,0,0,0,True,500,"Synthetic mechanism check — not empirical SPY evidence, trading evidence, or an exact paper replication."
128,no_periodicity,22,QLIKE,0.017669665577744992,0.017739302310369541,1.0039410328575917,6.9636732624546392e-05,21,0.95699947753381764,1.7940131568430457,0.072811068867057474,NONE,0,0,0,0,True,500,"Synthetic mechanism check — not empirical SPY evidence, trading evidence, or an exact paper replication."
128,u_shaped_periodicity,1,MSE,8.4151865167761326e-10,8.2896701262264903e-10,0.98508453849484878,-1.2551639054964259e-11,5,0.99899949949937417,-1.4894328494448839,0.13637342373844119,NONE,0,0,0,0,True,500,"Synthetic mechanism check — not empirical SPY evidence, trading evidence, or an exact paper replication."
128,u_shaped_periodicity,1,QLIKE,0.047184584948082045,0.046594968471301013,0.98750404443676265,-0.00058961647678102173,5,0.99899949949937417,-1.4241398080405518,0.15440600488232681,NONE,0,0,0,0,True,500,"Synthetic mechanism check — not empirical SPY evidence, trading evidence, or an exact paper replication."
128,u_shaped_periodicity,5,MSE,3.9533066672089367e-10,3.838792050154447e-10,0.97103320670659277,-1.1451461705449056e-11,5,0.99099949545900379,-2.1275701020611821,0.033372743304713744,HARP,0,0,0,0,True,500,"Synthetic mechanism check — not empirical SPY evidence, trading evidence, or an exact paper replication."
128,u_shaped_periodicity,5,QLIKE,0.0230008756750587,0.022246639377492838,0.96720836596739967,-0.00075423629756586315,5,0.99099949545900379,-2.9203441608172636,0.0034964501961377631,HARP,0,0,0,0,True,500,"Synthetic mechanism check — not empirical SPY evidence, trading evidence, or an exact paper replication."
128,u_shaped_periodicity,22,MSE,3.0622097580293947e-10,2.9485437174058441e-10,0.96288104029271415,-1.1366604062355045e-11,21,0.95699947753381764,-2.2656693449241767,0.02347163580373153,HARP,0,0,0,0,True,500,"Synthetic mechanism check — not empirical SPY evidence, trading evidence, or an exact paper replication."
128,u_shaped_periodicity,22,QLIKE,0.017641467661838738,0.01683248534261959,0.95414313963406217,-0.0008089823192191461,21,0.95699947753381764,-3.256986737678643,0.0011260169384927406,HARP,0,0,0,0,True,500,"Synthetic mechanism check — not empirical SPY evidence, trading evidence, or an exact paper replication."
129,no_periodicity,1,MSE,1.16362867953348e-09,1.1632015908860684e-09,0.99963296826992709,-4.2708864741167369e-13,5,0.99899949949937417,-0.38124077780379556,0.70302459349609303,NONE,0,0,0,0,True,500,"Synthetic mechanism check — not empirical SPY evidence, trading evidence, or an exact paper replication."
129,no_periodicity,1,QLIKE,0.044512751538161102,0.044491645545561426,0.99952584390157095,-2.1105992599672607e-05,5,0.99899949949937417,-0.58660567269872199,0.55746857194739474,NONE,0,0,0,0,True,500,"Synthetic mechanism check — not empirical SPY evidence, trading evidence, or an exact paper replication."
129,no_periodicity,5,MSE,4.840924667327873e-10,4.8371237161144109e-10,0.99921482950579354,-3.8009512134615262e-13,5,0.99099949545900379,-0.41976703046667424,0.6746556521703102,NONE,0,0,0,0,True,500,"Synthetic mechanism check — not empirical SPY evidence, trading evidence, or an exact paper replication."
129,no_periodicity,5,QLIKE,0.019042748601016023,0.019026165546904564,0.99912916698850007,-1.6583054111453332e-05,5,0.99099949545900379,-0.54092927428686832,0.58855633228655724,NONE,0,0,0,0,True,500,"Synthetic mechanism check — not empirical SPY evidence, trading evidence, or an exact paper replication."
129,no_periodicity,22,MSE,3.403720215863253e-10,3.4149763903178359e-10,1.0033070210653987,1.1256174454582537e-12,21,0.95699947753381764,1.0991104564240652,0.27171988953478288,NONE,0,0,0,0,True,500,"Synthetic mechanism check — not empirical SPY evidence, trading evidence, or an exact paper replication."
129,no_periodicity,22,QLIKE,0.015026991186726157,0.015053238864246908,1.0017467021304929,2.6247677520752078e-05,21,0.95699947753381764,0.66694667973741351,0.50480619255924508,NONE,0,0,0,0,True,500,"Synthetic mechanism check — not empirical SPY evidence, trading evidence, or an exact paper replication."
129,u_shaped_periodicity,1,MSE,1.2194998047488972e-09,1.2355453673802617e-09,1.0131574950392619,1.6045562631364472e-11,5,0.99899949949937417,1.7534648797176224,0.079522242833924964,NONE,0,0,0,0,True,500,"Synthetic mechanism check — not empirical SPY evidence, trading evidence, or an exact paper replication."
129,u_shaped_periodicity,1,QLIKE,0.048097681975473407,0.048338448628502645,1.0050057849596996,0.00024076665302924383,5,0.99899949949937417,0.73780248108854984,0.46063448538970481,NONE,0,0,0,0,True,500,"Synthetic mechanism check — not empirical SPY evidence, trading evidence, or an exact paper replication."
129,u_shaped_periodicity,5,MSE,4.7823710098978767e-10,4.9613164620704347e-10,1.0374177268560305,1.7894545217255817e-11,5,0.99099949545900379,2.4239280436171398,0.015353647343010713,HAR,0,0,0,0,True,500,"Synthetic mechanism check — not empirical SPY evidence, trading evidence, or an exact paper replication."
129,u_shaped_periodicity,5,QLIKE,0.019048754355512412,0.019536244276587792,1.0255916954976276,0.00048748992107537913,5,0.99099949545900379,1.8367388171322874,0.066248461918782475,NONE,0,0,0,0,True,500,"Synthetic mechanism check — not empirical SPY evidence, trading evidence, or an exact paper replication."
129,u_shaped_periodicity,22,MSE,3.3930779614441207e-10,3.475555035572971e-10,1.0243074503639602,8.2477074128850073e-12,21,0.95699947753381764,0.90039950286394499,0.36790768527690942,NONE,0,0,0,0,True,500,"Synthetic mechanism check — not empirical SPY evidence, trading evidence, or an exact paper replication."
129,u_shaped_periodicity,22,QLIKE,0.014746293222192185,0.015163172237008511,1.0282700885256337,0.00041687901481632481,21,0.95699947753381764,0.99045453031987596,0.32195200335867419,NONE,0,0,0,0,True,500,"Synthetic mechanism check — not empirical SPY evidence, trading evidence, or an exact paper replication."
130,no_periodicity,1,MSE,6.8443216296173661e-10,6.8560689015812413e-10,1.0017163530002799,1.174727196387446e-12,5,0.99899949949937417,1.5853117475100698,0.1128955212628214,NONE,0,0,0,0,True,500,"Synthetic mechanism check — not empirical SPY evidence, trading evidence, or an exact paper replication."
130,no_periodicity,1,QLIKE,0.052037805435733622,0.052113729997001187,1.0014590269637971,7.5924561267555639e-05,5,0.99899949949937417,1.7869178058146522,0.073950774188733331,NONE,0,0,0,0,True,500,"Synthetic mechanism check — not empirical SPY evidence, trading evidence, or an exact paper replication."
130,no_periodicity,5,MSE,3.166585433643998e-10,3.1753874341539788e-10,1.0027796504134903,8.8020005099804476e-13,5,0.99099949545900379,1.6409941087765982,0.10079863810935011,NONE,0,0,0,0,True,500,"Synthetic mechanism check — not empirical SPY evidence, trading evidence, or an exact paper replication."
130,no_periodicity,5,QLIKE,0.024134340049711711,0.024203442095343176,1.0028632249934795,6.9102045631469269e-05,5,0.99099949545900379,1.6851633615467334,0.091957057739074824,NONE,0,0,0,0,True,500,"Synthetic mechanism check — not empirical SPY evidence, trading evidence, or an exact paper replication."
130,no_periodicity,22,MSE,3.2868280506378739e-10,3.2860785335716024e-10,0.99977196340826957,-7.495170662718026e-14,21,0.95699947753381764,-0.12969085394583044,0.8968110189457843,NONE,0,0,0,0,True,500,"Synthetic mechanism check — not empirical SPY evidence, trading evidence, or an exact paper replication."
130,no_periodicity,22,QLIKE,0.026395096754460327,0.026375721119526626,0.99926593809774811,-1.9375634933698205e-05,21,0.95699947753381764,-0.41684555728457939,0.67679137740991702,NONE,0,0,0,0,True,500,"Synthetic mechanism check — not empirical SPY evidence, trading evidence, or an exact paper replication."
130,u_shaped_periodicity,1,MSE,6.9290643487064713e-10,6.9954837365789442e-10,1.0095856214533312,6.6419387872470548e-12,5,0.99899949949937417,1.1178206325895732,0.2636436076235098,NONE,0,0,0,0,True,500,"Synthetic mechanism check — not empirical SPY evidence, trading evidence, or an exact paper replication."
130,u_shaped_periodicity,1,QLIKE,0.053380825886970691,0.053574355063459721,1.0036254436545964,0.00019352917648903566,5,0.99899949949937417,0.52079684360048195,0.60250830214451123,NONE,0,0,0,0,True,500,"Synthetic mechanism check — not empirical SPY evidence, trading evidence, or an exact paper replication."
130,u_shaped_periodicity,5,MSE,3.1523020286611022e-10,3.2241793098111519e-10,1.0228015210777817,7.1877281150049887e-12,5,0.99099949545900379,1.241151805648931,0.21454967472042927,NONE,0,0,0,0,True,500,"Synthetic mechanism check — not empirical SPY evidence, trading evidence, or an exact paper replication."
130,u_shaped_periodicity,5,QLIKE,0.023822666811289851,0.024118355861475593,1.0124120885595231,0.00029568905018574832,5,0.99099949545900379,0.88196103294312189,0.37779788001309716,NONE,0,0,0,0,True,500,"Synthetic mechanism check — not empirical SPY evidence, trading evidence, or an exact paper replication."
130,u_shaped_periodicity,22,MSE,3.1357935324027022e-10,3.2630737775758578e-10,1.0405894851998216,1.2728024517315607e-11,21,0.95699947753381764,1.3821971606753278,0.16691117169287631,NONE,0,0,0,0,True,500,"Synthetic mechanism check — not empirical SPY evidence, trading evidence, or an exact paper replication."
130,u_shaped_periodicity,22,QLIKE,0.025186059557942762,0.025802328074632976,1.0244686357257449,0.00061626851669021134,21,0.95699947753381764,1.0690462709990165,0.28504882014005423,NONE,0,0,0,0,True,500,"Synthetic mechanism check — not empirical SPY evidence, trading evidence, or an exact paper replication."
131,no_periodicity,1,MSE,1.004564668579083e-09,1.0050494274755383e-09,1.0004825561873891,4.8475889645547263e-13,5,0.99899949949937417,0.6312456154124596,0.52787994036855179,NONE,0,0,0,0,True,500,"Synthetic mechanism check — not empirical SPY evidence, trading evidence, or an exact paper replication."
131,no_periodicity,1,QLIKE,0.045472560517239913,0.045500174999537832,1.0006072779272557,2.761448229791963e-05,5,0.99899949949937417,0.82230057973324033,0.41090584686429843,NONE,0,0,0,0,True,500,"Synthetic mechanism check — not empirical SPY evidence, trading evidence, or an exact paper replication."
131,no_periodicity,5,MSE,4.0411423058752963e-10,4.0407949790898079e-10,0.99991405232501129,-3.4732678548823947e-14,5,0.99099949545900379,-0.059706902955556286,0.95238907378255611,NONE,0,0,0,0,True,500,"Synthetic mechanism check — not empirical SPY evidence, trading evidence, or an exact paper replication."
131,no_periodicity,5,QLIKE,0.019179570500086413,0.019196930479068956,1.0009051286618991,1.7359978982544266e-05,5,0.99099949545900379,0.56389953238556201,0.57282250831483816,NONE,0,0,0,0,True,500,"Synthetic mechanism check — not empirical SPY evidence, trading evidence, or an exact paper replication."
131,no_periodicity,22,MSE,2.2525712238916168e-10,2.2560110478716334e-10,1.0015270655788959,3.4398239800167238e-13,21,0.95699947753381764,0.53256039213378326,0.59433792605658975,NONE,0,0,0,0,True,500,"Synthetic mechanism check — not empirical SPY evidence, trading evidence, or an exact paper replication."
131,no_periodicity,22,QLIKE,0.011521970660883649,0.011564357582405919,1.0036787909611826,4.2386921522271858e-05,21,0.95699947753381764,0.99294015191391205,0.32073912104833913,NONE,0,0,0,0,True,500,"Synthetic mechanism check — not empirical SPY evidence, trading evidence, or an exact paper replication."
131,u_shaped_periodicity,1,MSE,1.0464824652367161e-09,1.0484244651321404e-09,1.0018557405020494,1.9419998954244556e-12,5,0.99899949949937417,0.28236686381674003,0.77766222045881084,NONE,0,0,0,0,True,500,"Synthetic mechanism check — not empirical SPY evidence, trading evidence, or an exact paper replication."
131,u_shaped_periodicity,1,QLIKE,0.048387063041194264,0.04831636048832396,0.9985388128886824,-7.0702552870311125e-05,5,0.99899949949937417,-0.2131581101638908,0.8312036406191643,NONE,0,0,0,0,True,500,"Synthetic mechanism check — not empirical SPY evidence, trading evidence, or an exact paper replication."
131,u_shaped_periodicity,5,MSE,3.9982212372326562e-10,4.0194185007884337e-10,1.0053016734937983,2.1197263555777001e-12,5,0.99099949545900379,0.36702218911648377,0.71360246674822658,NONE,0,0,0,0,True,500,"Synthetic mechanism check — not empirical SPY evidence, trading evidence, or an exact paper replication."
131,u_shaped_periodicity,5,QLIKE,0.019341041695229676,0.019198804117653873,0.99264581609320013,-0.00014223757757580335,5,0.99099949545900379,-0.42226169055905838,0.67283401731043391,NONE,0,0,0,0,True,500,"Synthetic mechanism check — not empirical SPY evidence, trading evidence, or an exact paper replication."
131,u_shaped_periodicity,22,MSE,2.2481533284533402e-10,2.2610607967544529e-10,1.0057413647626929,1.2907468301113188e-12,21,0.95699947753381764,0.32578108556590607,0.74458999024340355,NONE,0,0,0,0,True,500,"Synthetic mechanism check — not empirical SPY evidence, trading evidence, or an exact paper replication."
131,u_shaped_periodicity,22,QLIKE,0.011716903051389003,0.011734811859700328,1.0015284592040046,1.7908808311324353e-05,21,0.95699947753381764,0.083326411488490709,0.933591999986225,NONE,0,0,0,0,True,500,"Synthetic mechanism check — not empirical SPY evidence, trading evidence, or an exact paper replication."
132,no_periodicity,1,MSE,1.3317875982230738e-09,1.3327559509989118e-09,1.0007271075185937,9.6835277583812823e-13,5,0.99899949949937417,0.49576706270482607,0.62005876577814312,NONE,0,0,0,0,True,500,"Synthetic mechanism check — not empirical SPY evidence, trading evidence, or an exact paper replication."
132,no_periodicity,1,QLIKE,0.043621450009744989,0.043615361046627561,0.99986041355534794,-6.088963117433899e-06,5,0.99899949949937417,-0.11960691090064615,0.90479454492261202,NONE,0,0,0,0,True,500,"Synthetic mechanism check — not empirical SPY evidence, trading evidence, or an exact paper replication."
132,no_periodicity,5,MSE,5.0634339139997417e-10,5.0769042655628848e-10,1.0026603194179939,1.3470351563142464e-12,5,0.99099949545900379,1.0281644903265903,0.30387245887028086,NONE,0,0,0,0,True,500,"Synthetic mechanism check — not empirical SPY evidence, trading evidence, or an exact paper replication."
132,no_periodicity,5,QLIKE,0.016422762239918436,0.016431903830414655,1.0005566414688754,9.1415904962204303e-06,5,0.99099949545900379,0.25282410034753505,0.80040414320021114,NONE,0,0,0,0,True,500,"Synthetic mechanism check — not empirical SPY evidence, trading evidence, or an exact paper replication."
132,no_periodicity,22,MSE,4.6847828084296023e-10,4.691748220246902e-10,1.00148681638021,6.9654118173000361e-13,21,0.95699947753381764,0.52054456039817987,0.60268407840351035,NONE,0,0,0,0,True,500,"Synthetic mechanism check — not empirical SPY evidence, trading evidence, or an exact paper replication."
132,no_periodicity,22,QLIKE,0.014456286560350268,0.014467914230991545,1.0008043331593308,1.1627670641280118e-05,21,0.95699947753381764,0.25799930873190274,0.79640744072214076,NONE,0,0,0,0,True,500,"Synthetic mechanism check — not empirical SPY evidence, trading evidence, or an exact paper replication."
132,u_shaped_periodicity,1,MSE,1.4493845294590852e-09,1.4379897207527884e-09,0.99213817418725359,-1.1394808706296719e-11,5,0.99899949949937417,-1.131840142035782,0.25770164782837135,NONE,0,0,0,0,True,500,"Synthetic mechanism check — not empirical SPY evidence, trading evidence, or an exact paper replication."
132,u_shaped_periodicity,1,QLIKE,0.046951411781027068,0.046602601804941891,0.99257083093236975,-0.00034880997608517905,5,0.99899949949937417,-1.167734208733529,0.24291399350542092,NONE,0,0,0,0,True,500,"Synthetic mechanism check — not empirical SPY evidence, trading evidence, or an exact paper replication."
132,u_shaped_periodicity,5,MSE,4.9984614467004053e-10,5.0356350290935018e-10,1.0074370049243124,3.7173582393096919e-12,5,0.99099949545900379,0.46228913121544801,0.64387399278399726,NONE,0,0,0,0,True,500,"Synthetic mechanism check — not empirical SPY evidence, trading evidence, or an exact paper replication."
132,u_shaped_periodicity,5,QLIKE,0.016083120265128596,0.01620685525052604,1.0076934688889772,0.000123734985397443,5,0.99099949545900379,0.4907509129840017,0.62360263202400357,NONE,0,0,0,0,True,500,"Synthetic mechanism check — not empirical SPY evidence, trading evidence, or an exact paper replication."
132,u_shaped_periodicity,22,MSE,4.6589266241810359e-10,4.8168816543368099e-10,1.0339037385426819,1.5795503015577386e-11,21,0.95699947753381764,1.2223846102574056,0.22156221628867079,NONE,0,0,0,0,True,500,"Synthetic mechanism check — not empirical SPY evidence, trading evidence, or an exact paper replication."
132,u_shaped_periodicity,22,QLIKE,0.014214563940611078,0.01477936183891952,1.0397337477722275,0.00056479789830844187,21,0.95699947753381764,1.4523941036724921,0.14639205486239507,NONE,0,0,0,0,True,500,"Synthetic mechanism check — not empirical SPY evidence, trading evidence, or an exact paper replication."
133,no_periodicity,1,MSE,1.4043985463720406e-09,1.4062591872091339e-09,1.0013248666782659,1.860640837093316e-12,5,0.99899949949937417,1.3673699525615814,0.17150937556837914,NONE,0,0,0,0,True,500,"Synthetic mechanism check — not empirical SPY evidence, trading evidence, or an exact paper replication."
133,no_periodicity,1,QLIKE,0.048337723697707245,0.048388049508026401,1.0010411290906847,5.0325810319145514e-05,5,0.99899949949937417,1.1399501174316675,0.2543070835716334,NONE,0,0,0,0,True,500,"Synthetic mechanism check — not empirical SPY evidence, trading evidence, or an exact paper replication."
133,no_periodicity,5,MSE,7.2343526890610581e-10,7.2542689895030645e-10,1.0027530176227268,1.9916300442005928e-12,5,0.99099949545900379,1.4933514656744731,0.13534521033574651,NONE,0,0,0,0,True,500,"Synthetic mechanism check — not empirical SPY evidence, trading evidence, or an exact paper replication."
133,no_periodicity,5,QLIKE,0.024614590842823979,0.024680095392116748,1.0026612081310247,6.5504549292768837e-05,5,0.99099949545900379,1.9450120598423311,0.051773526856050855,NONE,0,0,0,0,True,500,"Synthetic mechanism check — not empirical SPY evidence, trading evidence, or an exact paper replication."
133,no_periodicity,22,MSE,6.318846431416243e-10,6.3344815820517523e-10,1.0024743678779364,1.5635150635510392e-12,21,0.95699947753381764,0.66644349915875289,0.50512766653025865,NONE,0,0,0,0,True,500,"Synthetic mechanism check — not empirical SPY evidence, trading evidence, or an exact paper replication."
133,no_periodicity,22,QLIKE,0.023200498028179615,0.02326963675522447,1.0029800535730258,6.9138727044850689e-05,21,0.95699947753381764,1.2250059028861493,0.22057299644662207,NONE,0,0,0,0,True,500,"Synthetic mechanism check — not empirical SPY evidence, trading evidence, or an exact paper replication."
133,u_shaped_periodicity,1,MSE,1.4907427383230497e-09,1.4795208357579919e-09,0.9924722742049501,-1.1221902565057709e-11,5,0.99899949949937417,-0.98409919314591898,0.32506674361408988,NONE,0,0,0,0,True,500,"Synthetic mechanism check — not empirical SPY evidence, trading evidence, or an exact paper replication."
133,u_shaped_periodicity,1,QLIKE,0.050685343709590484,0.050287135018858314,0.99214351404986478,-0.00039820869073217046,5,0.99899949949937417,-1.0685775505949344,0.28526006873934961,NONE,0,0,0,0,True,500,"Synthetic mechanism check — not empirical SPY evidence, trading evidence, or an exact paper replication."
133,u_shaped_periodicity,5,MSE,7.3632195368993877e-10,7.3212207069624285e-10,0.99429613232004155,-4.1998829936959138e-12,5,0.99099949545900379,-0.48266418382897691,0.62933419802122126,NONE,0,0,0,0,True,500,"Synthetic mechanism check — not empirical SPY evidence, trading evidence, or an exact paper replication."
133,u_shaped_periodicity,5,QLIKE,0.025329989314547115,0.025293503754687342,0.99855959039671527,-3.6485559859765983e-05,5,0.99099949545900379,-0.15769449771333499,0.87469753643260495,NONE,0,0,0,0,True,500,"Synthetic mechanism check — not empirical SPY evidence, trading evidence, or an exact paper replication."
133,u_shaped_periodicity,22,MSE,6.3238052212116311e-10,6.1998962130559366e-10,0.9804059417042017,-1.2390900815569554e-11,21,0.95699947753381764,-1.5622389185888135,0.11823171540528317,NONE,0,0,0,0,True,500,"Synthetic mechanism check — not empirical SPY evidence, trading evidence, or an exact paper replication."
133,u_shaped_periodicity,22,QLIKE,0.02331344610986659,0.022989720909344483,0.98611422785818437,-0.00032372520052210296,21,0.95699947753381764,-1.1832744558611554,0.23670039300246259,NONE,0,0,0,0,True,500,"Synthetic mechanism check — not empirical SPY evidence, trading evidence, or an exact paper replication."
134,no_periodicity,1,MSE,1.6799898223586732e-09,1.6804883072329315e-09,1.0002967189846177,4.9848487425833292e-13,5,0.99899949949937417,0.39783231491179999,0.69075379529114533,NONE,0,0,0,0,True,500,"Synthetic mechanism check — not empirical SPY evidence, trading evidence, or an exact paper replication."
134,no_periodicity,1,QLIKE,0.047012458836888649,0.046999508668378667,0.99972453751983248,-1.2950168509976656e-05,5,0.99899949949937417,-0.332175297965214,0.73975689513590859,NONE,0,0,0,0,True,500,"Synthetic mechanism check — not empirical SPY evidence, trading evidence, or an exact paper replication."
134,no_periodicity,5,MSE,6.1103558139431203e-10,6.1072313534210799e-10,0.99948866144342841,-3.1244605220408912e-13,5,0.99099949545900379,-0.35928587001115625,0.7193812437249032,NONE,0,0,0,0,True,500,"Synthetic mechanism check — not empirical SPY evidence, trading evidence, or an exact paper replication."
134,no_periodicity,5,QLIKE,0.019127592060190365,0.019098768326760884,0.99849308092002487,-2.8823733429480304e-05,5,0.99099949545900379,-0.95636501271228236,0.33888785458198534,NONE,0,0,0,0,True,500,"Synthetic mechanism check — not empirical SPY evidence, trading evidence, or an exact paper replication."
134,no_periodicity,22,MSE,4.6752211242589827e-10,4.6710123235887733e-10,0.99909976436229497,-4.2088006702088658e-13,21,0.95699947753381764,-0.57888130849724129,0.56266926311182319,NONE,0,0,0,0,True,500,"Synthetic mechanism check — not empirical SPY evidence, trading evidence, or an exact paper replication."
134,no_periodicity,22,QLIKE,0.016101667786530383,0.016077665494627955,0.99850932883346988,-2.4002291902428307e-05,21,0.95699947753381764,-0.87380595773235992,0.38222393539712413,NONE,0,0,0,0,True,500,"Synthetic mechanism check — not empirical SPY evidence, trading evidence, or an exact paper replication."
134,u_shaped_periodicity,1,MSE,1.8460734283546983e-09,1.862255909376417e-09,1.0087658923925584,1.6182481021718871e-11,5,0.99899949949937417,1.488250266748927,0.13668490531019201,NONE,0,0,0,0,True,500,"Synthetic mechanism check — not empirical SPY evidence, trading evidence, or an exact paper replication."
134,u_shaped_periodicity,1,QLIKE,0.050289392318293595,0.050712744411265401,1.0084183179286064,0.0004233520929718044,5,0.99899949949937417,1.3997851785796598,0.16157765747520386,NONE,0,0,0,0,True,500,"Synthetic mechanism check — not empirical SPY evidence, trading evidence, or an exact paper replication."
134,u_shaped_periodicity,5,MSE,6.6192387519799252e-10,6.7661622791322002e-10,1.022196438692943,1.4692352715227562e-11,5,0.99099949545900379,1.5042561494317315,0.13251542517021056,NONE,0,0,0,0,True,500,"Synthetic mechanism check — not empirical SPY evidence, trading evidence, or an exact paper replication."
134,u_shaped_periodicity,5,QLIKE,0.020373602775105588,0.020854859963346406,1.023621604561215,0.0004812571882408183,5,0.99099949545900379,1.6665201389874975,0.095609860414053671,NONE,0,0,0,0,True,500,"Synthetic mechanism check — not empirical SPY evidence, trading evidence, or an exact paper replication."
134,u_shaped_periodicity,22,MSE,5.0132498274786312e-10,5.1441331003731675e-10,1.0261074706824183,1.3088327289453685e-11,21,0.95699947753381764,1.0483427971073656,0.29448069838102553,NONE,0,0,0,0,True,500,"Synthetic mechanism check — not empirical SPY evidence, trading evidence, or an exact paper replication."
134,u_shaped_periodicity,22,QLIKE,0.016843153088501803,0.017218352811368711,1.0222760976460543,0.00037519972286690397,21,0.95699947753381764,0.99718320154278006,0.31867559326868644,NONE,0,0,0,0,True,500,"Synthetic mechanism check — not empirical SPY evidence, trading evidence, or an exact paper replication."
135,no_periodicity,1,MSE,1.9391887833165316e-09,1.9359699943004409e-09,0.99834013632721941,-3.2187890160909297e-12,5,0.99899949949937417,-1.584536282096265,0.11307173188596371,NONE,0,0,0,0,True,500,"Synthetic mechanism check — not empirical SPY evidence, trading evidence, or an exact paper replication."
135,no_periodicity,1,QLIKE,0.045827823722482119,0.045772572121545993,0.99879436559609047,-5.525160093613701e-05,5,0.99899949949937417,-1.4246474628048178,0.15425913285242737,NONE,0,0,0,0,True,500,"Synthetic mechanism check — not empirical SPY evidence, trading evidence, or an exact paper replication."
135,no_periodicity,5,MSE,8.6450251788051483e-10,8.6270228045354928e-10,0.99791760302632881,-1.800237426965516e-12,5,0.99099949545900379,-1.1109687700937703,0.26658179207715804,NONE,0,0,0,0,True,500,"Synthetic mechanism check — not empirical SPY evidence, trading evidence, or an exact paper replication."
135,no_periodicity,5,QLIKE,0.021114256963288596,0.021086576026396308,0.99868899308460546,-2.7680936892289233e-05,5,0.99099949545900379,-0.81217972325826449,0.4166885126760117,NONE,0,0,0,0,True,500,"Synthetic mechanism check — not empirical SPY evidence, trading evidence, or an exact paper replication."
135,no_periodicity,22,MSE,5.3276162948125917e-10,5.3170047366263546e-10,0.99800819773815741,-1.061155818623783e-12,21,0.95699947753381764,-0.77454033911173525,0.43861132283849519,NONE,0,0,0,0,True,500,"Synthetic mechanism check — not empirical SPY evidence, trading evidence, or an exact paper replication."
135,no_periodicity,22,QLIKE,0.015009885153682333,0.014987894482424,0.9985349207516796,-2.1990671258333539e-05,21,0.95699947753381764,-0.61044741941177194,0.54156546426284868,NONE,0,0,0,0,True,500,"Synthetic mechanism check — not empirical SPY evidence, trading evidence, or an exact paper replication."
135,u_shaped_periodicity,1,MSE,2.0287776265781466e-09,2.0420723875371097e-09,1.0065530893010619,1.3294760958963594e-11,5,0.99899949949937417,0.92400589930853838,0.35548324433809142,NONE,0,0,0,0,True,500,"Synthetic mechanism check — not empirical SPY evidence, trading evidence, or an exact paper replication."
135,u_shaped_periodicity,1,QLIKE,0.048253953662889301,0.048471996483318527,1.0045186519213019,0.00021804282042922507,5,0.99899949949937417,0.66776589133554443,0.50428304224108811,NONE,0,0,0,0,True,500,"Synthetic mechanism check — not empirical SPY evidence, trading evidence, or an exact paper replication."
135,u_shaped_periodicity,5,MSE,8.8137967633205393e-10,9.0795750274650492e-10,1.030154798355525,2.6577826414450941e-11,5,0.99099949545900379,2.1091680452139694,0.034930079089843385,HAR,0,0,0,0,True,500,"Synthetic mechanism check — not empirical SPY evidence, trading evidence, or an exact paper replication."
135,u_shaped_periodicity,5,QLIKE,0.021814795462882699,0.022180478464936444,1.0167630726896315,0.00036568300205374449,5,0.99099949545900379,1.2304457446919987,0.21853023221877615,NONE,0,0,0,0,True,500,"Synthetic mechanism check — not empirical SPY evidence, trading evidence, or an exact paper replication."
135,u_shaped_periodicity,22,MSE,5.4322140381065166e-10,5.8461144821459057e-10,1.0761936921365602,4.139004440393891e-11,21,0.95699947753381764,2.1310528487369669,0.033084788571948971,HAR,0,0,0,0,True,500,"Synthetic mechanism check — not empirical SPY evidence, trading evidence, or an exact paper replication."
135,u_shaped_periodicity,22,QLIKE,0.015401452801049008,0.01616864853097031,1.0498132052756119,0.00076719572992129856,21,0.95699947753381764,1.7939770373669544,0.072816834019908738,NONE,0,0,0,0,True,500,"Synthetic mechanism check — not empirical SPY evidence, trading evidence, or an exact paper replication."
136,no_periodicity,1,MSE,1.4734468494730981e-09,1.4764500546057595e-09,1.0020382174855749,3.0032051326611256e-12,5,0.99899949949937417,1.6470866433084865,0.099540238104707163,NONE,0,0,0,0,True,500,"Synthetic mechanism check — not empirical SPY evidence, trading evidence, or an exact paper replication."
136,no_periodicity,1,QLIKE,0.051161625589700263,0.051222133757705589,1.0011826865801838,6.0508168005328322e-05,5,0.99899949949937417,1.0883160349005379,0.27645561412336306,NONE,0,0,0,0,True,500,"Synthetic mechanism check — not empirical SPY evidence, trading evidence, or an exact paper replication."
136,no_periodicity,5,MSE,6.9189892175093736e-10,6.9373697202910762e-10,1.002656530051411,1.838050278170349e-12,5,0.99099949545900379,1.1837690838284982,0.23650448353330811,NONE,0,0,0,0,True,500,"Synthetic mechanism check — not empirical SPY evidence, trading evidence, or an exact paper replication."
136,no_periodicity,5,QLIKE,0.027125293511326354,0.027081872352213907,0.99839923726191881,-4.3421159112447152e-05,5,0.99099949545900379,-0.89776526952283187,0.36931070409092898,NONE,0,0,0,0,True,500,"Synthetic mechanism check — not empirical SPY evidence, trading evidence, or an exact paper replication."
136,no_periodicity,22,MSE,5.5065851247912908e-10,5.5191422440297599e-10,1.0022803822975397,1.2557119238468355e-12,21,0.95699947753381764,0.68426443127346248,0.49380820290369221,NONE,0,0,0,0,True,500,"Synthetic mechanism check — not empirical SPY evidence, trading evidence, or an exact paper replication."
136,no_periodicity,22,QLIKE,0.027284500369525476,0.02718329578681496,0.99629076650333126,-0.00010120458271051325,21,0.95699947753381764,-1.4084667895785681,0.15899289422103555,NONE,0,0,0,0,True,500,"Synthetic mechanism check — not empirical SPY evidence, trading evidence, or an exact paper replication."
136,u_shaped_periodicity,1,MSE,1.5817249227278313e-09,1.5820471056456903e-09,1.0002036908650989,3.2218291785898649e-13,5,0.99899949949937417,0.020562054924850259,0.98359500984501191,NONE,0,0,0,0,True,500,"Synthetic mechanism check — not empirical SPY evidence, trading evidence, or an exact paper replication."
136,u_shaped_periodicity,1,QLIKE,0.054569789211412686,0.05411820872193579,0.99172471625779246,-0.00045158048947689135,5,0.99899949949937417,-0.92998046870307227,0.35238119712801252,NONE,0,0,0,0,True,500,"Synthetic mechanism check — not empirical SPY evidence, trading evidence, or an exact paper replication."
136,u_shaped_periodicity,5,MSE,7.5399677126263575e-10,7.5214634127286425e-10,0.99754583831085542,-1.8504299897714895e-12,5,0.99099949545900379,-0.18692385811299617,0.85172033281269344,NONE,0,0,0,0,True,500,"Synthetic mechanism check — not empirical SPY evidence, trading evidence, or an exact paper replication."
136,u_shaped_periodicity,5,QLIKE,0.028762518177052814,0.02814751985079136,0.9786180638817602,-0.00061499832626145108,5,0.99099949545900379,-1.6100649515755758,0.10738367748956246,NONE,0,0,0,0,True,500,"Synthetic mechanism check — not empirical SPY evidence, trading evidence, or an exact paper replication."
136,u_shaped_periodicity,22,MSE,5.5347704205889637e-10,5.6362636593406371e-10,1.0183373890946092,1.0149323875167326e-11,21,0.95699947753381764,0.91057345453699678,0.36252016248783014,NONE,0,0,0,0,True,500,"Synthetic mechanism check — not empirical SPY evidence, trading evidence, or an exact paper replication."
136,u_shaped_periodicity,22,QLIKE,0.026978031417606057,0.026752777600559063,0.99165047243217341,-0.00022525381704698911,21,0.95699947753381764,-0.41611419873992006,0.67732644052347801,NONE,0,0,0,0,True,500,"Synthetic mechanism check — not empirical SPY evidence, trading evidence, or an exact paper replication."
137,no_periodicity,1,MSE,8.9456917688327187e-10,8.960816992465524e-10,1.0016907830074699,1.5125223632806938e-12,5,0.99899949949937417,1.6613782688953673,0.096637499440330274,NONE,0,0,0,0,True,500,"Synthetic mechanism check — not empirical SPY evidence, trading evidence, or an exact paper replication."
137,no_periodicity,1,QLIKE,0.045676413325232111,0.045731596562329599,1.0012081342005679,5.5183237097486071e-05,5,0.99899949949937417,1.4350617829657959,0.1512694926583692,NONE,0,0,0,0,True,500,"Synthetic mechanism check — not empirical SPY evidence, trading evidence, or an exact paper replication."
137,no_periodicity,5,MSE,3.7421731229338274e-10,3.7564513129969493e-10,1.0038154808968132,1.4278190063122018e-12,5,0.99099949545900379,1.7848118320305701,0.074291843501752164,NONE,0,0,0,0,True,500,"Synthetic mechanism check — not empirical SPY evidence, trading evidence, or an exact paper replication."
137,no_periodicity,5,QLIKE,0.021178471367312525,0.021231428677469771,1.0025005256157904,5.2957310157249359e-05,5,0.99099949545900379,1.4701094468265539,0.14153211421362388,NONE,0,0,0,0,True,500,"Synthetic mechanism check — not empirical SPY evidence, trading evidence, or an exact paper replication."
137,no_periodicity,22,MSE,3.7079218613741437e-10,3.7123790050373149e-10,1.001202059760105,4.4571436631709387e-13,21,0.95699947753381764,0.33296099486901565,0.73916372638029681,NONE,0,0,0,0,True,500,"Synthetic mechanism check — not empirical SPY evidence, trading evidence, or an exact paper replication."
137,no_periodicity,22,QLIKE,0.016957434943795025,0.016968655290187418,1.0006616771009049,1.1220346392394109e-05,21,0.95699947753381764,0.22181098381049849,0.8244610285958105,NONE,0,0,0,0,True,500,"Synthetic mechanism check — not empirical SPY evidence, trading evidence, or an exact paper replication."
137,u_shaped_periodicity,1,MSE,9.5135020683265402e-10,9.5208042105590442e-10,1.0007675556467071,7.3021422325013565e-13,5,0.99899949949937417,0.095586961375735038,0.92384862109364985,NONE,0,0,0,0,True,500,"Synthetic mechanism check — not empirical SPY evidence, trading evidence, or an exact paper replication."
137,u_shaped_periodicity,1,QLIKE,0.047129022747633684,0.046660609492994581,0.99006104461050759,-0.00046841325463910845,5,0.99899949949937417,-1.510980576463915,0.13079339968847681,NONE,0,0,0,0,True,500,"Synthetic mechanism check — not empirical SPY evidence, trading evidence, or an exact paper replication."
137,u_shaped_periodicity,5,MSE,3.8670603415560407e-10,3.8882027870096689e-10,1.0054673171831399,2.114244545362762e-12,5,0.99099949545900379,0.40011930289676345,0.6890686474871297,NONE,0,0,0,0,True,500,"Synthetic mechanism check — not empirical SPY evidence, trading evidence, or an exact paper replication."
137,u_shaped_periodicity,5,QLIKE,0.021302819916482797,0.021235357162466825,0.99683315381341731,-6.7462754015966457e-05,5,0.99099949545900379,-0.29249052271480785,0.76991160501236877,NONE,0,0,0,0,True,500,"Synthetic mechanism check — not empirical SPY evidence, trading evidence, or an exact paper replication."
137,u_shaped_periodicity,22,MSE,3.7911524757434317e-10,3.8331334383283963e-10,1.0110734038932929,4.1980962584965055e-12,21,0.95699947753381764,0.54994857073332371,0.5823546487775233,NONE,0,0,0,0,True,500,"Synthetic mechanism check — not empirical SPY evidence, trading evidence, or an exact paper replication."
137,u_shaped_periodicity,22,QLIKE,0.017552745110507553,0.01743041252388049,0.99303057237731829,-0.00012233258662706304,21,0.95699947753381764,-0.42659052331031833,0.66967760139377963,NONE,0,0,0,0,True,500,"Synthetic mechanism check — not empirical SPY evidence, trading evidence, or an exact paper replication."
138,no_periodicity,1,MSE,2.6810654059607602e-09,2.6862153807197906e-09,1.0019208687514973,5.1499747590306341e-12,5,0.99899949949937417,1.0850652544294197,0.27789275488983844,NONE,0,0,0,0,True,500,"Synthetic mechanism check — not empirical SPY evidence, trading evidence, or an exact paper replication."
138,no_periodicity,1,QLIKE,0.046553877775867961,0.046592627643613924,1.0008323660583662,3.8749867745963671e-05,5,0.99899949949937417,0.77912501254643995,0.43590607731311803,NONE,0,0,0,0,True,500,"Synthetic mechanism check — not empirical SPY evidence, trading evidence, or an exact paper replication."
138,no_periodicity,5,MSE,1.3606354081116935e-09,1.3634432433732969e-09,1.0020636206031859,2.8078352616037845e-12,5,0.99099949545900379,0.7422001939878019,0.45796605107031962,NONE,0,0,0,0,True,500,"Synthetic mechanism check — not empirical SPY evidence, trading evidence, or an exact paper replication."
138,no_periodicity,5,QLIKE,0.02527819805094552,0.025263930171485618,0.99943556580136184,-1.4267879459900268e-05,5,0.99099949545900379,-0.33580777776786092,0.73701582462507997,NONE,0,0,0,0,True,500,"Synthetic mechanism check — not empirical SPY evidence, trading evidence, or an exact paper replication."
138,no_periodicity,22,MSE,1.7458788533315371e-09,1.7497566193512489e-09,1.0022210968489091,3.8777660197116567e-12,21,0.95699947753381764,0.42932829247703713,0.667684330048958,NONE,0,0,0,0,True,500,"Synthetic mechanism check — not empirical SPY evidence, trading evidence, or an exact paper replication."
138,no_periodicity,22,QLIKE,0.027550817034399759,0.027511129295435786,0.99855947143366308,-3.9687738963972039e-05,21,0.95699947753381764,-0.53539286028819666,0.59237822613430602,NONE,0,0,0,0,True,500,"Synthetic mechanism check — not empirical SPY evidence, trading evidence, or an exact paper replication."
138,u_shaped_periodicity,1,MSE,2.7450773721380095e-09,2.6965527027647108e-09,0.98232302307183961,-4.8524669373297852e-11,5,0.99899949949937417,-2.20631727567531,0.027361792615373696,HARP,0,0,0,0,True,500,"Synthetic mechanism check — not empirical SPY evidence, trading evidence, or an exact paper replication."
138,u_shaped_periodicity,1,QLIKE,0.047809057423376149,0.047044234022048867,0.98400254172437784,-0.00076482340132727261,5,0.99899949949937417,-2.2522544316881588,0.02430619802425029,HARP,0,0,0,0,True,500,"Synthetic mechanism check — not empirical SPY evidence, trading evidence, or an exact paper replication."
138,u_shaped_periodicity,5,MSE,1.3170558469681321e-09,1.3006158121685654e-09,0.98751758717186389,-1.6440034799566733e-11,5,0.99099949545900379,-0.8044032638663956,0.42116411682581889,NONE,0,0,0,0,True,500,"Synthetic mechanism check — not empirical SPY evidence, trading evidence, or an exact paper replication."
138,u_shaped_periodicity,5,QLIKE,0.024416452780306745,0.024261192607855846,0.99364116590366791,-0.00015526017245089596,5,0.99099949545900379,-0.46922854792479446,0.63890628188071041,NONE,0,0,0,0,True,500,"Synthetic mechanism check — not empirical SPY evidence, trading evidence, or an exact paper replication."
138,u_shaped_periodicity,22,MSE,1.6809964058402735e-09,1.6623237628852927e-09,0.988891919762525,-1.8672642954981127e-11,21,0.95699947753381764,-0.69387998322795352,0.48775747757631083,NONE,0,0,0,0,True,500,"Synthetic mechanism check — not empirical SPY evidence, trading evidence, or an exact paper replication."
138,u_shaped_periodicity,22,QLIKE,0.026759710766868769,0.026489866862428782,0.98991603807713491,-0.00026984390443998316,21,0.95699947753381764,-0.60842311742801658,0.54290688299416101,NONE,0,0,0,0,True,500,"Synthetic mechanism check — not empirical SPY evidence, trading evidence, or an exact paper replication."
139,no_periodicity,1,MSE,1.5272244011978727e-09,1.5237174315862279e-09,0.99770369723735808,-3.5069696116448965e-12,5,0.99899949949937417,-2.2556211903320791,0.024094364970901564,HARP,0,0,0,0,True,500,"Synthetic mechanism check — not empirical SPY evidence, trading evidence, or an exact paper replication."
139,no_periodicity,1,QLIKE,0.046385392226896575,0.046285513919972973,0.99784677239689934,-9.9878306923611765e-05,5,0.99899949949937417,-2.5344074608100016,0.011263767316340828,HARP,0,0,0,0,True,500,"Synthetic mechanism check — not empirical SPY evidence, trading evidence, or an exact paper replication."
139,no_periodicity,5,MSE,6.4043570430072334e-10,6.3942791255053421e-10,0.99842639668053879,-1.0077917501892102e-12,5,0.99099949545900379,-0.762595768404561,0.44570450900613157,NONE,0,0,0,0,True,500,"Synthetic mechanism check — not empirical SPY evidence, trading evidence, or an exact paper replication."
139,no_periodicity,5,QLIKE,0.020778433119359979,0.020752233655077737,0.99873910298568991,-2.6199464282238073e-05,5,0.99099949545900379,-0.71792052350424662,0.47280629251041062,NONE,0,0,0,0,True,500,"Synthetic mechanism check — not empirical SPY evidence, trading evidence, or an exact paper replication."
139,no_periodicity,22,MSE,5.2688860973796163e-10,5.2812720704326285e-10,1.0023507763925987,1.2385973053012073e-12,21,0.95699947753381764,0.69190685023468745,0.48899582844634243,NONE,0,0,0,0,True,500,"Synthetic mechanism check — not empirical SPY evidence, trading evidence, or an exact paper replication."
139,no_periodicity,22,QLIKE,0.01795511132243913,0.018006947411332495,1.0028869823173183,5.183608889336089e-05,21,0.95699947753381764,1.005993187087636,0.31441884734240971,NONE,0,0,0,0,True,500,"Synthetic mechanism check — not empirical SPY evidence, trading evidence, or an exact paper replication."
139,u_shaped_periodicity,1,MSE,1.5958833716028802e-09,1.5983612049475759e-09,1.001552640618222,2.4778333446957331e-12,5,0.99899949949937417,0.26191308870802482,0.79338844844561185,NONE,0,0,0,0,True,500,"Synthetic mechanism check — not empirical SPY evidence, trading evidence, or an exact paper replication."
139,u_shaped_periodicity,1,QLIKE,0.047940309272894985,0.048063299985753725,1.0025654968589925,0.00012299071285873709,5,0.99899949949937417,0.46022102473573129,0.64535758130319221,NONE,0,0,0,0,True,500,"Synthetic mechanism check — not empirical SPY evidence, trading evidence, or an exact paper replication."
139,u_shaped_periodicity,5,MSE,6.752548243892147e-10,6.7003033666244594e-10,0.99226293905934781,-5.2244877267688272e-12,5,0.99099949545900379,-0.59588491339600891,0.55125211241557748,NONE,0,0,0,0,True,500,"Synthetic mechanism check — not empirical SPY evidence, trading evidence, or an exact paper replication."
139,u_shaped_periodicity,5,QLIKE,0.021665272633367871,0.021663289535457285,0.99990846651486254,-1.9830979105845971e-06,5,0.99099949545900379,-0.0079208905367553276,0.99368010981850141,NONE,0,0,0,0,True,500,"Synthetic mechanism check — not empirical SPY evidence, trading evidence, or an exact paper replication."
139,u_shaped_periodicity,22,MSE,5.7814508133134649e-10,5.7107825443160836e-10,0.98777672399553285,-7.066826899738009e-12,21,0.95699947753381764,-0.95190964086801932,0.34114280971977567,NONE,0,0,0,0,True,500,"Synthetic mechanism check — not empirical SPY evidence, trading evidence, or an exact paper replication."
139,u_shaped_periodicity,22,QLIKE,0.019356030695125336,0.019099546254666613,0.98674911997720083,-0.00025648444045872366,21,0.95699947753381764,-1.1475329974859316,0.25116140354217148,NONE,0,0,0,0,True,500,"Synthetic mechanism check — not empirical SPY evidence, trading evidence, or an exact paper replication."
140,no_periodicity,1,MSE,1.0355618749182184e-09,1.036198533814883e-09,1.0006147956120102,6.3665889666488007e-13,5,0.99899949949937417,0.65471495770700716,0.51265129303598256,NONE,0,0,0,0,True,500,"Synthetic mechanism check — not empirical SPY evidence, trading evidence, or an exact paper replication."
140,no_periodicity,1,QLIKE,0.043424698039609751,0.043445932201867404,1.0004889881384618,2.1234162257658617e-05,5,0.99899949949937417,0.58058278947540565,0.56152167438891232,NONE,0,0,0,0,True,500,"Synthetic mechanism check — not empirical SPY evidence, trading evidence, or an exact paper replication."
140,no_periodicity,5,MSE,5.3781368986084901e-10,5.3854711887570103e-10,1.0013637232161974,7.3342901485198909e-13,5,0.99099949545900379,1.1639289251550846,0.24445281638338437,NONE,0,0,0,0,True,500,"Synthetic mechanism check — not empirical SPY evidence, trading evidence, or an exact paper replication."
140,no_periodicity,5,QLIKE,0.02366013915543104,0.023699352056749022,1.0016573402658531,3.9212901317981611e-05,5,0.99099949545900379,1.6135579786352539,0.10662333775557226,NONE,0,0,0,0,True,500,"Synthetic mechanism check — not empirical SPY evidence, trading evidence, or an exact paper replication."
140,no_periodicity,22,MSE,3.75571871448899e-10,3.7657246402806138e-10,1.0026641840223609,1.0005925791623253e-12,21,0.95699947753381764,1.5317754614442856,0.12557785339953328,NONE,0,0,0,0,True,500,"Synthetic mechanism check — not empirical SPY evidence, trading evidence, or an exact paper replication."
140,no_periodicity,22,QLIKE,0.019938910987284147,0.019989179747816273,1.0025211387203736,5.0268760532123038e-05,21,0.95699947753381764,1.6551003318844959,0.097904147587314111,NONE,0,0,0,0,True,500,"Synthetic mechanism check — not empirical SPY evidence, trading evidence, or an exact paper replication."
140,u_shaped_periodicity,1,MSE,1.1240658293711974e-09,1.106154639472364e-09,0.98406571089448291,-1.7911189898833176e-11,5,0.99899949949937417,-2.0757591533756843,0.037916231919540209,HARP,0,0,0,0,True,500,"Synthetic mechanism check — not empirical SPY evidence, trading evidence, or an exact paper replication."
140,u_shaped_periodicity,1,QLIKE,0.046601419222685382,0.045983078771601453,0.9867312957116352,-0.00061834045108392162,5,0.99899949949937417,-2.0925899311212897,0.036385776162869359,HARP,0,0,0,0,True,500,"Synthetic mechanism check — not empirical SPY evidence, trading evidence, or an exact paper replication."
140,u_shaped_periodicity,5,MSE,5.3177875297869487e-10,5.2948740655802365e-10,0.99569116590718132,-2.2913464206712393e-12,5,0.99099949545900379,-0.45996997466720668,0.64553777225037368,NONE,0,0,0,0,True,500,"Synthetic mechanism check — not empirical SPY evidence, trading evidence, or an exact paper replication."
140,u_shaped_periodicity,5,QLIKE,0.023758580154179799,0.023841843726913441,1.0035045685471653,8.3263572733639708e-05,5,0.99099949545900379,0.41269637184619606,0.6798290833694749,NONE,0,0,0,0,True,500,"Synthetic mechanism check — not empirical SPY evidence, trading evidence, or an exact paper replication."
140,u_shaped_periodicity,22,MSE,3.5959314871491946e-10,3.6204206897102991e-10,1.006810252822842,2.4489202561104431e-12,21,0.95699947753381764,0.43826832652857911,0.66119178336307172,NONE,0,0,0,0,True,500,"Synthetic mechanism check — not empirical SPY evidence, trading evidence, or an exact paper replication."
140,u_shaped_periodicity,22,QLIKE,0.01947884437183978,0.019649804784351771,1.0087767225431066,0.00017096041251199478,21,0.95699947753381764,0.70059791033930052,0.48355398288783397,NONE,0,0,0,0,True,500,"Synthetic mechanism check — not empirical SPY evidence, trading evidence, or an exact paper replication."
141,no_periodicity,1,MSE,1.1042621122392296e-09,1.1051606826346975e-09,1.000813729263649,8.985703954680091e-13,5,0.99899949949937417,0.83276646804070942,0.40497644952797152,NONE,0,0,0,0,True,500,"Synthetic mechanism check — not empirical SPY evidence, trading evidence, or an exact paper replication."
141,no_periodicity,1,QLIKE,0.050898633544994271,0.050943978744428915,1.0008908922750266,4.5345199434648545e-05,5,0.99899949949937417,0.9379545923712731,0.34826774589286219,NONE,0,0,0,0,True,500,"Synthetic mechanism check — not empirical SPY evidence, trading evidence, or an exact paper replication."
141,no_periodicity,5,MSE,4.1292332156609827e-10,4.1368591505577565e-10,1.0018468162243417,7.6259348967737826e-13,5,0.99099949545900379,1.1566265650520053,0.24742496399024916,NONE,0,0,0,0,True,500,"Synthetic mechanism check — not empirical SPY evidence, trading evidence, or an exact paper replication."
141,no_periodicity,5,QLIKE,0.020063006067029123,0.020097521481058131,1.0017203510736972,3.451541402901137e-05,5,0.99099949545900379,1.1066272490077882,0.26845512111431319,NONE,0,0,0,0,True,500,"Synthetic mechanism check — not empirical SPY evidence, trading evidence, or an exact paper replication."
141,no_periodicity,22,MSE,2.394421241104371e-10,2.3952896334585378e-10,1.0003626731751536,8.6839235416616431e-14,21,0.95699947753381764,0.11553151926739633,0.90802383897305761,NONE,0,0,0,0,True,500,"Synthetic mechanism check — not empirical SPY evidence, trading evidence, or an exact paper replication."
141,no_periodicity,22,QLIKE,0.011646015242055881,0.011659653857723938,1.0011710971851389,1.3638615668057685e-05,21,0.95699947753381764,0.4007162229428039,0.68862906533535284,NONE,0,0,0,0,True,500,"Synthetic mechanism check — not empirical SPY evidence, trading evidence, or an exact paper replication."
141,u_shaped_periodicity,1,MSE,1.1549007962245786e-09,1.1481756547015735e-09,0.99417686649365056,-6.7251415230051577e-12,5,0.99899949949937417,-0.85577523440610126,0.39212211635501432,NONE,0,0,0,0,True,500,"Synthetic mechanism check — not empirical SPY evidence, trading evidence, or an exact paper replication."
141,u_shaped_periodicity,1,QLIKE,0.054422911232416611,0.054228404082060234,0.99642600614425569,-0.00019450715035637068,5,0.99899949949937417,-0.54472280396495332,0.58594417854546221,NONE,0,0,0,0,True,500,"Synthetic mechanism check — not empirical SPY evidence, trading evidence, or an exact paper replication."
141,u_shaped_periodicity,5,MSE,4.2901216813661313e-10,4.2745548119742119e-10,0.99637146203578952,-1.5566869391918872e-12,5,0.99099949545900379,-0.24997227043923884,0.80260879298255861,NONE,0,0,0,0,True,500,"Synthetic mechanism check — not empirical SPY evidence, trading evidence, or an exact paper replication."
141,u_shaped_periodicity,5,QLIKE,0.021205645267017317,0.021092011974685427,0.99464136597113451,-0.00011363329233189167,5,0.99099949545900379,-0.41125933427165728,0.68088238480407903,NONE,0,0,0,0,True,500,"Synthetic mechanism check — not empirical SPY evidence, trading evidence, or an exact paper replication."
141,u_shaped_periodicity,22,MSE,2.5064218387882941e-10,2.5136431781531856e-10,1.0028811348724853,7.2213393648915149e-13,21,0.95699947753381764,0.12829983573789727,0.89791169509409718,NONE,0,0,0,0,True,500,"Synthetic mechanism check — not empirical SPY evidence, trading evidence, or an exact paper replication."
141,u_shaped_periodicity,22,QLIKE,0.012216308505013228,0.012254725896118843,1.0031447626825936,3.8417391105615371e-05,21,0.95699947753381764,0.15876201352421274,0.87385637796758397,NONE,0,0,0,0,True,500,"Synthetic mechanism check — not empirical SPY evidence, trading evidence, or an exact paper replication."
142,no_periodicity,1,MSE,1.0883700436929131e-09,1.0892108294006007e-09,1.0007725182373035,8.407857076874795e-13,5,0.99899949949937417,0.56095476501472485,0.5748283746890972,NONE,0,0,0,0,True,500,"Synthetic mechanism check — not empirical SPY evidence, trading evidence, or an exact paper replication."
142,no_periodicity,1,QLIKE,0.047784442547712649,0.047852884952776731,1.0014323156536931,6.8442405064084616e-05,5,0.99899949949937417,1.3044599993791561,0.19207678946949586,NONE,0,0,0,0,True,500,"Synthetic mechanism check — not empirical SPY evidence, trading evidence, or an exact paper replication."
142,no_periodicity,5,MSE,5.143277713076427e-10,5.170822425169953e-10,1.0053554782825542,2.7544712093526222e-12,5,0.99099949545900379,2.3347625958456844,0.019555826204729558,HAR,0,0,0,0,True,500,"Synthetic mechanism check — not empirical SPY evidence, trading evidence, or an exact paper replication."
142,no_periodicity,5,QLIKE,0.024413632616403079,0.024549604159688265,1.0055694924807639,0.00013597154328518667,5,0.99099949545900379,2.9213723428697191,0.0034849305949035334,HAR,0,0,0,0,True,500,"Synthetic mechanism check — not empirical SPY evidence, trading evidence, or an exact paper replication."
142,no_periodicity,22,MSE,3.6274054664870608e-10,3.6446635532190512e-10,1.0047576944158669,1.7258086731990575e-12,21,0.95699947753381764,2.0620119036829374,0.039206602687486686,HAR,0,0,0,0,True,500,"Synthetic mechanism check — not empirical SPY evidence, trading evidence, or an exact paper replication."
142,no_periodicity,22,QLIKE,0.022875945746411479,0.022955388595457586,1.0034727678552293,7.9442849046106983e-05,21,0.95699947753381764,1.7710217404347708,0.076557086539269945,NONE,0,0,0,0,True,500,"Synthetic mechanism check — not empirical SPY evidence, trading evidence, or an exact paper replication."
142,u_shaped_periodicity,1,MSE,1.143991514864728e-09,1.1476114579333128e-09,1.0031643093690366,3.619943068584786e-12,5,0.99899949949937417,0.41278418197278693,0.67976474165233314,NONE,0,0,0,0,True,500,"Synthetic mechanism check — not empirical SPY evidence, trading evidence, or an exact paper replication."
142,u_shaped_periodicity,1,QLIKE,0.050316498007367684,0.050282715764415967,0.99932860504427845,-3.3782242951711615e-05,5,0.99899949949937417,-0.082855152139233695,0.93396671477637261,NONE,0,0,0,0,True,500,"Synthetic mechanism check — not empirical SPY evidence, trading evidence, or an exact paper replication."
142,u_shaped_periodicity,5,MSE,5.1999872079654499e-10,5.2570536483956705e-10,1.0109743424643054,5.7066440430220985e-12,5,0.99099949545900379,0.82079645583839733,0.41176221770820026,NONE,0,0,0,0,True,500,"Synthetic mechanism check — not empirical SPY evidence, trading evidence, or an exact paper replication."
142,u_shaped_periodicity,5,QLIKE,0.024900759390680469,0.024933840207931747,1.0013285063612822,3.3080817251280872e-05,5,0.99099949545900379,0.10071931112356107,0.91977328126750224,NONE,0,0,0,0,True,500,"Synthetic mechanism check — not empirical SPY evidence, trading evidence, or an exact paper replication."
142,u_shaped_periodicity,22,MSE,3.6075640547681494e-10,3.6094022455240866e-10,1.0005095379397373,1.8381907559364438e-13,21,0.95699947753381764,0.025943717460307752,0.97930223027828034,NONE,0,0,0,0,True,500,"Synthetic mechanism check — not empirical SPY evidence, trading evidence, or an exact paper replication."
142,u_shaped_periodicity,22,QLIKE,0.022795860393814649,0.022805078626317161,1.000404381863341,9.218232502512081e-06,21,0.95699947753381764,0.022911856475754576,0.98172058277898233,NONE,0,0,0,0,True,500,"Synthetic mechanism check — not empirical SPY evidence, trading evidence, or an exact paper replication."
143,no_periodicity,1,MSE,1.8791667160604892e-09,1.8785200972721886e-09,0.99965590131903992,-6.4661878830100076e-13,5,0.99899949949937417,-0.30224499003391675,0.76246530989694583,NONE,0,0,0,0,True,500,"Synthetic mechanism check — not empirical SPY evidence, trading evidence, or an exact paper replication."
143,no_periodicity,1,QLIKE,0.04131774857178392,0.041324370420096887,1.0001602664361409,6.6218483129532049e-06,5,0.99899949949937417,0.13997866025474612,0.88867685102039495,NONE,0,0,0,0,True,500,"Synthetic mechanism check — not empirical SPY evidence, trading evidence, or an exact paper replication."
143,no_periodicity,5,MSE,7.2230445738733142e-10,7.2450949207947211e-10,1.0030527773566795,2.2050346921405723e-12,5,0.99099949545900379,1.0611017394185089,0.28864366747001724,NONE,0,0,0,0,True,500,"Synthetic mechanism check — not empirical SPY evidence, trading evidence, or an exact paper replication."
143,no_periodicity,5,QLIKE,0.017689380527320175,0.017734602850812249,1.0025564673348641,4.5222323492075224e-05,5,0.99099949545900379,1.0388057387298033,0.29889509187310065,NONE,0,0,0,0,True,500,"Synthetic mechanism check — not empirical SPY evidence, trading evidence, or an exact paper replication."
143,no_periodicity,22,MSE,5.6119030159938804e-10,5.6585530497504078e-10,1.0083126942186234,4.6650033756528018e-12,21,0.95699947753381764,1.8096988667339693,0.070342498373527129,NONE,0,0,0,0,True,500,"Synthetic mechanism check — not empirical SPY evidence, trading evidence, or an exact paper replication."
143,no_periodicity,22,QLIKE,0.014744910553296018,0.014847095041239074,1.0069301531246124,0.0001021844879430569,21,0.95699947753381764,1.9310115702097885,0.053481621592558218,NONE,0,0,0,0,True,500,"Synthetic mechanism check — not empirical SPY evidence, trading evidence, or an exact paper replication."
143,u_shaped_periodicity,1,MSE,2.0039364804082162e-09,2.0124072579382125e-09,1.0042270688780868,8.4707775299966537e-12,5,0.99899949949937417,0.60420437912644953,0.54570776984757718,NONE,0,0,0,0,True,500,"Synthetic mechanism check — not empirical SPY evidence, trading evidence, or an exact paper replication."
143,u_shaped_periodicity,1,QLIKE,0.044187356557173117,0.044487377458384381,1.0067897454065411,0.00030002090121126644,5,0.99899949949937417,1.0058979490615931,0.31446466294493808,NONE,0,0,0,0,True,500,"Synthetic mechanism check — not empirical SPY evidence, trading evidence, or an exact paper replication."
143,u_shaped_periodicity,5,MSE,8.2136422209388832e-10,8.0732353788460605e-10,0.98290565399417007,-1.4040684209282154e-11,5,0.99099949545900379,-1.1959433107314743,0.23171868210772101,NONE,0,0,0,0,True,500,"Synthetic mechanism check — not empirical SPY evidence, trading evidence, or an exact paper replication."
143,u_shaped_periodicity,5,QLIKE,0.019826674348077049,0.019670380763229762,0.99211700449084916,-0.00015629358484728773,5,0.99099949545900379,-0.58673483892598577,0.55738180568962981,NONE,0,0,0,0,True,500,"Synthetic mechanism check — not empirical SPY evidence, trading evidence, or an exact paper replication."
143,u_shaped_periodicity,22,MSE,5.9551487090050844e-10,5.9112151144601503e-10,0.99262258648915014,-4.3933594544934441e-12,21,0.95699947753381764,-0.33687994269523436,0.73620740586743749,NONE,0,0,0,0,True,500,"Synthetic mechanism check — not empirical SPY evidence, trading evidence, or an exact paper replication."
143,u_shaped_periodicity,22,QLIKE,0.015561698418077311,0.015466948616606873,0.99391134573329276,-9.474980147043777e-05,21,0.95699947753381764,-0.29124865379051368,0.77086115424614388,NONE,0,0,0,0,True,500,"Synthetic mechanism check — not empirical SPY evidence, trading evidence, or an exact paper replication."
144,no_periodicity,1,MSE,2.1817871339243789e-09,2.1808262873586969e-09,0.99955960572379321,-9.6084656568164978e-13,5,0.99899949949937417,-0.52349557674505109,0.60062942835086219,NONE,0,0,0,0,True,500,"Synthetic mechanism check — not empirical SPY evidence, trading evidence, or an exact paper replication."
144,no_periodicity,1,QLIKE,0.051018965978743745,0.050966070019676082,0.99896320989551801,-5.2895959067662094e-05,5,0.99899949949937417,-1.0902726868444621,0.2755930429420772,NONE,0,0,0,0,True,500,"Synthetic mechanism check — not empirical SPY evidence, trading evidence, or an exact paper replication."
144,no_periodicity,5,MSE,8.5758162075806929e-10,8.5528562579345543e-10,0.99732270968845593,-2.2959949646139431e-12,5,0.99099949545900379,-1.8213357201420539,0.068555839791830941,NONE,0,0,0,0,True,500,"Synthetic mechanism check — not empirical SPY evidence, trading evidence, or an exact paper replication."
144,no_periodicity,5,QLIKE,0.022953695563075173,0.022881422170753903,0.99685133959703054,-7.2273392321270174e-05,5,0.99099949545900379,-2.1530372922729675,0.031315747811525879,HARP,0,0,0,0,True,500,"Synthetic mechanism check — not empirical SPY evidence, trading evidence, or an exact paper replication."
144,no_periodicity,22,MSE,6.9790811739100041e-10,6.9693504614141353e-10,0.99860573157792676,-9.7307124958673153e-13,21,0.95699947753381764,-0.69348985244122829,0.48800219184872845,NONE,0,0,0,0,True,500,"Synthetic mechanism check — not empirical SPY evidence, trading evidence, or an exact paper replication."
144,no_periodicity,22,QLIKE,0.017403766950728618,0.017375927028799181,0.99840035079714329,-2.7839921929431633e-05,21,0.95699947753381764,-0.7874661401014561,0.43100904215215241,NONE,0,0,0,0,True,500,"Synthetic mechanism check — not empirical SPY evidence, trading evidence, or an exact paper replication."
144,u_shaped_periodicity,1,MSE,2.2423989583164132e-09,2.2432643438960751e-09,1.0003859195423064,8.6538557966225447e-13,5,0.99899949949937417,0.055539825280240651,0.95570840291191872,NONE,0,0,0,0,True,500,"Synthetic mechanism check — not empirical SPY evidence, trading evidence, or an exact paper replication."
144,u_shaped_periodicity,1,QLIKE,0.052850647826329193,0.052476290899607453,0.99291670126822473,-0.0003743569267217408,5,0.99899949949937417,-0.97517779689674511,0.32947207368579778,NONE,0,0,0,0,True,500,"Synthetic mechanism check — not empirical SPY evidence, trading evidence, or an exact paper replication."
144,u_shaped_periodicity,5,MSE,8.5222361694382549e-10,8.5152349597876418e-10,0.99917847739590693,-7.0012096506149502e-13,5,0.99099949545900379,-0.06646191549625946,0.94701007767185497,NONE,0,0,0,0,True,500,"Synthetic mechanism check — not empirical SPY evidence, trading evidence, or an exact paper replication."
144,u_shaped_periodicity,5,QLIKE,0.022516728957208371,0.022471230703767067,0.99797935776871627,-4.5498253441303314e-05,5,0.99099949545900379,-0.15885635350552749,0.873782048791924,NONE,0,0,0,0,True,500,"Synthetic mechanism check — not empirical SPY evidence, trading evidence, or an exact paper replication."
144,u_shaped_periodicity,22,MSE,6.8524630387159512e-10,6.9883472573180897e-10,1.0198299819837628,1.3588421860213879e-11,21,0.95699947753381764,1.1542447992865703,0.24839982053692736,NONE,0,0,0,0,True,500,"Synthetic mechanism check — not empirical SPY evidence, trading evidence, or an exact paper replication."
144,u_shaped_periodicity,22,QLIKE,0.017023611776447886,0.017471676669482322,1.0263202015482009,0.00044806489303443131,21,0.95699947753381764,1.3995291888202024,0.16165435166671954,NONE,0,0,0,0,True,500,"Synthetic mechanism check — not empirical SPY evidence, trading evidence, or an exact paper replication."
145,no_periodicity,1,MSE,1.3367669717675417e-09,1.3383693130326148e-09,1.001198669101582,1.6023412650729882e-12,5,0.99899949949937417,1.2071636107804702,0.2273691413894714,NONE,0,0,0,0,True,500,"Synthetic mechanism check — not empirical SPY evidence, trading evidence, or an exact paper replication."
145,no_periodicity,1,QLIKE,0.045922911772982883,0.045994428571989016,1.0015573228317853,7.151679900613095e-05,5,0.99899949949937417,1.7046592926206081,0.088257986089523413,NONE,0,0,0,0,True,500,"Synthetic mechanism check — not empirical SPY evidence, trading evidence, or an exact paper replication."
145,no_periodicity,5,MSE,4.8438811020462068e-10,4.8620665141787606e-10,1.0037543060511687,1.8185412132553784e-12,5,0.99099949545900379,2.0812790360237448,0.037408372879588307,HAR,0,0,0,0,True,500,"Synthetic mechanism check — not empirical SPY evidence, trading evidence, or an exact paper replication."
145,no_periodicity,5,QLIKE,0.017417444901802356,0.017488297791472047,1.0040679267291588,7.0852889669692495e-05,5,0.99099949545900379,2.381390156182718,0.017247433721066012,HAR,0,0,0,0,True,500,"Synthetic mechanism check — not empirical SPY evidence, trading evidence, or an exact paper replication."
145,no_periodicity,22,MSE,3.4262156318306784e-10,3.446730858184201e-10,1.0059877218943634,2.0515226353523702e-12,21,0.95699947753381764,1.9094832993335102,0.056199774119683757,NONE,0,0,0,0,True,500,"Synthetic mechanism check — not empirical SPY evidence, trading evidence, or an exact paper replication."
145,no_periodicity,22,QLIKE,0.012533734890127072,0.012616039996532958,1.0065666863969429,8.2305106405886617e-05,21,0.95699947753381764,2.255260678579301,0.024116971218773889,HAR,0,0,0,0,True,500,"Synthetic mechanism check — not empirical SPY evidence, trading evidence, or an exact paper replication."
145,u_shaped_periodicity,1,MSE,1.363505806329174e-09,1.3849118065967082e-09,1.015699236606233,2.1406000267534245e-11,5,0.99899949949937417,2.1357083774721421,0.032703191143035111,HAR,0,0,0,0,True,500,"Synthetic mechanism check — not empirical SPY evidence, trading evidence, or an exact paper replication."
145,u_shaped_periodicity,1,QLIKE,0.047445515413715784,0.048343723811992478,1.0189313655978756,0.00089820839827670128,5,0.99899949949937417,2.4382123585391073,0.014760100234304983,HAR,0,0,0,0,True,500,"Synthetic mechanism check — not empirical SPY evidence, trading evidence, or an exact paper replication."
145,u_shaped_periodicity,5,MSE,4.9250787718046333e-10,5.0403178194268478e-10,1.0233984171546537,1.1523904762221395e-11,5,0.99099949545900379,1.9169434099231073,0.055245121367840801,NONE,0,0,0,0,True,500,"Synthetic mechanism check — not empirical SPY evidence, trading evidence, or an exact paper replication."
145,u_shaped_periodicity,5,QLIKE,0.01783521018411512,0.018287285710957158,1.025347361885574,0.00045207552684203465,5,0.99099949545900379,2.0122802177127097,0.044190406549736126,HAR,0,0,0,0,True,500,"Synthetic mechanism check — not empirical SPY evidence, trading evidence, or an exact paper replication."
145,u_shaped_periodicity,22,MSE,3.2878525747620163e-10,3.3602316368887761e-10,1.02201408380727,7.2379062126759205e-12,21,0.95699947753381764,1.1769541375470256,0.23921381205192982,NONE,0,0,0,0,True,500,"Synthetic mechanism check — not empirical SPY evidence, trading evidence, or an exact paper replication."
145,u_shaped_periodicity,22,QLIKE,0.012037020773825192,0.012316100286767615,1.0231850985543938,0.00027907951294242129,21,0.95699947753381764,1.163134061382215,0.24477511439964189,NONE,0,0,0,0,True,500,"Synthetic mechanism check — not empirical SPY evidence, trading evidence, or an exact paper replication."
146,no_periodicity,1,MSE,6.5822907847776552e-10,6.5877007299753627e-10,1.0008218939841156,5.4099451977074136e-13,5,0.99899949949937417,0.77273075548513404,0.43968174101449597,NONE,0,0,0,0,True,500,"Synthetic mechanism check — not empirical SPY evidence, trading evidence, or an exact paper replication."
146,no_periodicity,1,QLIKE,0.046867569709932472,0.046878638344975625,1.0002361683166348,1.1068635043152587e-05,5,0.99899949949937417,0.24573056164692456,0.80589081265480011,NONE,0,0,0,0,True,500,"Synthetic mechanism check — not empirical SPY evidence, trading evidence, or an exact paper replication."
146,no_periodicity,5,MSE,2.7672929000105313e-10,2.7646986664086763e-10,0.99906253739824757,-2.594233601854875e-13,5,0.99099949545900379,-0.50753191896096339,0.61178164620796893,NONE,0,0,0,0,True,500,"Synthetic mechanism check — not empirical SPY evidence, trading evidence, or an exact paper replication."
146,no_periodicity,5,QLIKE,0.020613058401506207,0.020591446476709099,0.99895154205765369,-2.1611924797110937e-05,5,0.99099949545900379,-0.63750497104187065,0.52379597299786063,NONE,0,0,0,0,True,500,"Synthetic mechanism check — not empirical SPY evidence, trading evidence, or an exact paper replication."
146,no_periodicity,22,MSE,1.6628325257110823e-10,1.6590986017455845e-10,0.99775447983620535,-3.7339239654974036e-13,21,0.95699947753381764,-0.67821039706648323,0.49763830125708264,NONE,0,0,0,0,True,500,"Synthetic mechanism check — not empirical SPY evidence, trading evidence, or an exact paper replication."
146,no_periodicity,22,QLIKE,0.014924132082656612,0.014880970450812669,0.99710793018951493,-4.3161631843944728e-05,21,0.95699947753381764,-1.1721997014870102,0.24111688824247077,NONE,0,0,0,0,True,500,"Synthetic mechanism check — not empirical SPY evidence, trading evidence, or an exact paper replication."
146,u_shaped_periodicity,1,MSE,7.0560310794521783e-10,6.9573001527585595e-10,0.9860075833592723,-9.8730926693618075e-12,5,0.99899949949937417,-1.7680606383477366,0.077050766878045893,NONE,0,0,0,0,True,500,"Synthetic mechanism check — not empirical SPY evidence, trading evidence, or an exact paper replication."
146,u_shaped_periodicity,1,QLIKE,0.050062142972665036,0.049363703629915608,0.98604855283301018,-0.00069843934274942305,5,0.99899949949937417,-2.115156348442194,0.03441662396762294,HARP,0,0,0,0,True,500,"Synthetic mechanism check — not empirical SPY evidence, trading evidence, or an exact paper replication."
146,u_shaped_periodicity,5,MSE,2.7267621993919855e-10,2.7302730567967971e-10,1.0012875554038392,3.5108574048115704e-13,5,0.99099949545900379,0.097177074331269986,0.92258577389748331,NONE,0,0,0,0,True,500,"Synthetic mechanism check — not empirical SPY evidence, trading evidence, or an exact paper replication."
146,u_shaped_periodicity,5,QLIKE,0.020462451999356132,0.020279769826679235,0.99107232248204447,-0.00018268217267689834,5,0.99099949545900379,-0.76671274654807064,0.4432523233749136,NONE,0,0,0,0,True,500,"Synthetic mechanism check — not empirical SPY evidence, trading evidence, or an exact paper replication."
146,u_shaped_periodicity,22,MSE,1.685492859798166e-10,1.6592035114420122e-10,0.98440257506679563,-2.6289348356153939e-12,21,0.95699947753381764,-0.99353418645095049,0.32044969897881687,NONE,0,0,0,0,True,500,"Synthetic mechanism check — not empirical SPY evidence, trading evidence, or an exact paper replication."
146,u_shaped_periodicity,22,QLIKE,0.015087235808754823,0.014701191439793281,0.97441251837944176,-0.00038604436896154268,21,0.95699947753381764,-1.5656516574364729,0.11743018945704523,NONE,0,0,0,0,True,500,"Synthetic mechanism check — not empirical SPY evidence, trading evidence, or an exact paper replication."
147,no_periodicity,1,MSE,7.0163113046916966e-10,7.0269609154273818e-10,1.0015178361211772,1.0649610735685459e-12,5,0.99899949949937417,1.4044573712993291,0.16018269713386568,NONE,0,0,0,0,True,500,"Synthetic mechanism check — not empirical SPY evidence, trading evidence, or an exact paper replication."
147,no_periodicity,1,QLIKE,0.049085168769987378,0.049147405677084435,1.0012679371112829,6.2236907097062752e-05,5,0.99899949949937417,1.5133784072014762,0.13018356659888738,NONE,0,0,0,0,True,500,"Synthetic mechanism check — not empirical SPY evidence, trading evidence, or an exact paper replication."
147,no_periodicity,5,MSE,2.847155918750322e-10,2.8511030873683797e-10,1.0013863549207345,3.947168618057743e-13,5,0.99099949545900379,0.64942501805564723,0.51606369755499404,NONE,0,0,0,0,True,500,"Synthetic mechanism check — not empirical SPY evidence, trading evidence, or an exact paper replication."
147,no_periodicity,5,QLIKE,0.020083736744846911,0.020105818241705292,1.0010994715345514,2.2081496858389559e-05,5,0.99099949545900379,0.63323829554234012,0.52657804115159457,NONE,0,0,0,0,True,500,"Synthetic mechanism check — not empirical SPY evidence, trading evidence, or an exact paper replication."
147,no_periodicity,22,MSE,2.7721883410779222e-10,2.7701242193842454e-10,0.99925541794433992,-2.0641216936765958e-13,21,0.95699947753381764,-0.32409681057224521,0.74586474151953563,NONE,0,0,0,0,True,500,"Synthetic mechanism check — not empirical SPY evidence, trading evidence, or an exact paper replication."
147,no_periodicity,22,QLIKE,0.017080487841249666,0.017081980541662763,1.0000873921416631,1.4927004130971255e-06,21,0.95699947753381764,0.040590061981084023,0.96762270701902475,NONE,0,0,0,0,True,500,"Synthetic mechanism check — not empirical SPY evidence, trading evidence, or an exact paper replication."
147,u_shaped_periodicity,1,MSE,7.324290651483111e-10,7.2698981364620146e-10,0.99257368151957726,-5.4392515021097099e-12,5,0.99899949949937417,-0.98333218248369003,0.32544397587401286,NONE,0,0,0,0,True,500,"Synthetic mechanism check — not empirical SPY evidence, trading evidence, or an exact paper replication."
147,u_shaped_periodicity,1,QLIKE,0.052454324597034724,0.05208745324533947,0.99300588932345168,-0.00036687135169525973,5,0.99899949949937417,-1.0787116519007323,0.28071628976258717,NONE,0,0,0,0,True,500,"Synthetic mechanism check — not empirical SPY evidence, trading evidence, or an exact paper replication."
147,u_shaped_periodicity,5,MSE,2.9302212894882396e-10,2.8641136763062132e-10,0.97743937858236907,-6.6107613182025912e-12,5,0.99099949545900379,-1.5015121418969763,0.13322314861263432,NONE,0,0,0,0,True,500,"Synthetic mechanism check — not empirical SPY evidence, trading evidence, or an exact paper replication."
147,u_shaped_periodicity,5,QLIKE,0.021016728140042813,0.02068726135414491,0.98432359291596039,-0.00032946678589790144,5,0.99099949545900379,-1.2453550762061425,0.21300125880821841,NONE,0,0,0,0,True,500,"Synthetic mechanism check — not empirical SPY evidence, trading evidence, or an exact paper replication."
147,u_shaped_periodicity,22,MSE,2.7947105958748284e-10,2.7042479449586665e-10,0.96763076253774161,-9.0462650916162898e-12,21,0.95699947753381764,-1.7830738855829604,0.074574276783806848,NONE,0,0,0,0,True,500,"Synthetic mechanism check — not empirical SPY evidence, trading evidence, or an exact paper replication."
147,u_shaped_periodicity,22,QLIKE,0.017408890067583848,0.016830963327879141,0.96680278079411663,-0.00057792673970470036,21,0.95699947753381764,-1.7325367250650272,0.083178044144111826,NONE,0,0,0,0,True,500,"Synthetic mechanism check — not empirical SPY evidence, trading evidence, or an exact paper replication."
148,no_periodicity,1,MSE,2.298971797964872e-09,2.2998049987734527e-09,1.0003624232403887,8.3320080858109431e-13,5,0.99899949949937417,0.29718627315204643,0.76632430115586214,NONE,0,0,0,0,True,500,"Synthetic mechanism check — not empirical SPY evidence, trading evidence, or an exact paper replication."
148,no_periodicity,1,QLIKE,0.050422096470165517,0.050427207694192462,1.0001013687328524,5.1112240269355343e-06,5,0.99899949949937417,0.10672134786481552,0.91501004618005943,NONE,0,0,0,0,True,500,"Synthetic mechanism check — not empirical SPY evidence, trading evidence, or an exact paper replication."
148,no_periodicity,5,MSE,1.0799359443155477e-09,1.0787058377774728e-09,0.99886094490645505,-1.2301065380748476e-12,5,0.99099949545900379,-0.70010717470874906,0.48386037550815825,NONE,0,0,0,0,True,500,"Synthetic mechanism check — not empirical SPY evidence, trading evidence, or an exact paper replication."
148,no_periodicity,5,QLIKE,0.024846481181122097,0.024805184208236526,0.99833791462925758,-4.1296972885570769e-05,5,0.99099949545900379,-0.95077948736902296,0.34171632761795484,NONE,0,0,0,0,True,500,"Synthetic mechanism check — not empirical SPY evidence, trading evidence, or an exact paper replication."
148,no_periodicity,22,MSE,7.7795497427351955e-10,7.7555972742549019e-10,0.99692109835756737,-2.3952468480293558e-12,21,0.95699947753381764,-0.78410550261887191,0.43297820690940286,NONE,0,0,0,0,True,500,"Synthetic mechanism check — not empirical SPY evidence, trading evidence, or an exact paper replication."
148,no_periodicity,22,QLIKE,0.020566140630300218,0.020477691594768171,0.99569928859662982,-8.8449035532049965e-05,21,0.95699947753381764,-0.96498380846448795,0.33455292173979156,NONE,0,0,0,0,True,500,"Synthetic mechanism check — not empirical SPY evidence, trading evidence, or an exact paper replication."
148,u_shaped_periodicity,1,MSE,2.2820337031224391e-09,2.2853817722270532e-09,1.0014671427069779,3.3480691046141857e-12,5,0.99899949949937417,0.25440803927597733,0.79918034080225075,NONE,0,0,0,0,True,500,"Synthetic mechanism check — not empirical SPY evidence, trading evidence, or an exact paper replication."
148,u_shaped_periodicity,1,QLIKE,0.05124975773534652,0.051355968188701723,1.0020724088863731,0.00010621045335519642,5,0.99899949949937417,0.33704033266014199,0.73608649595901687,NONE,0,0,0,0,True,500,"Synthetic mechanism check — not empirical SPY evidence, trading evidence, or an exact paper replication."
148,u_shaped_periodicity,5,MSE,1.0657528176285194e-09,1.0590892812492024e-09,0.99374757798516122,-6.6635363793171384e-12,5,0.99099949545900379,-0.50089366626794729,0.61644596028810117,NONE,0,0,0,0,True,500,"Synthetic mechanism check — not empirical SPY evidence, trading evidence, or an exact paper replication."
148,u_shaped_periodicity,5,QLIKE,0.025018942438272681,0.024692706093157255,0.98696042624821878,-0.00032623634511542532,5,0.99099949545900379,-1.2505950298110786,0.21108226486097437,NONE,0,0,0,0,True,500,"Synthetic mechanism check — not empirical SPY evidence, trading evidence, or an exact paper replication."
148,u_shaped_periodicity,22,MSE,7.5497532462051494e-10,7.4009227584657249e-10,0.98028670833523823,-1.4883048773942418e-11,21,0.95699947753381764,-0.96385472839144748,0.33511876372801774,NONE,0,0,0,0,True,500,"Synthetic mechanism check — not empirical SPY evidence, trading evidence, or an exact paper replication."
148,u_shaped_periodicity,22,QLIKE,0.020315154208324179,0.019745296228646035,0.97194911868083955,-0.00056985797967814818,21,0.95699947753381764,-1.3280845362883176,0.18415018138252429,NONE,0,0,0,0,True,500,"Synthetic mechanism check — not empirical SPY evidence, trading evidence, or an exact paper replication."
149,no_periodicity,1,MSE,1.2867277954935697e-09,1.2875381068712623e-09,1.0006297457632689,8.1031137769260355e-13,5,0.99899949949937417,0.70707199447133573,0.4795217386783347,NONE,0,0,0,0,True,500,"Synthetic mechanism check — not empirical SPY evidence, trading evidence, or an exact paper replication."
149,no_periodicity,1,QLIKE,0.046827717694311197,0.046809776601388575,0.9996168702254562,-1.7941092922618473e-05,5,0.99899949949937417,-0.4234139212100354,0.67199328968641048,NONE,0,0,0,0,True,500,"Synthetic mechanism check — not empirical SPY evidence, trading evidence, or an exact paper replication."
149,no_periodicity,5,MSE,6.2403805065722751e-10,6.2378546143665433e-10,0.99959523426446972,-2.5258922057324167e-13,5,0.99099949545900379,-0.27880899218046312,0.78039141323712602,NONE,0,0,0,0,True,500,"Synthetic mechanism check — not empirical SPY evidence, trading evidence, or an exact paper replication."
149,no_periodicity,5,QLIKE,0.026733214886801821,0.026684380480798558,0.99817326848977772,-4.8834406003266387e-05,5,0.99099949545900379,-1.2942025287482382,0.19559547355341622,NONE,0,0,0,0,True,500,"Synthetic mechanism check — not empirical SPY evidence, trading evidence, or an exact paper replication."
149,no_periodicity,22,MSE,5.4514791580528839e-10,5.4465943413837541e-10,0.99910394655697909,-4.8848166691298898e-13,21,0.95699947753381764,-0.46502579756832985,0.64191298248251571,NONE,0,0,0,0,True,500,"Synthetic mechanism check — not empirical SPY evidence, trading evidence, or an exact paper replication."
149,no_periodicity,22,QLIKE,0.02518084077033729,0.025115029365995356,0.9973864492872907,-6.581140434193466e-05,21,0.95699947753381764,-1.3524601177103219,0.17622816889390966,NONE,0,0,0,0,True,500,"Synthetic mechanism check — not empirical SPY evidence, trading evidence, or an exact paper replication."
149,u_shaped_periodicity,1,MSE,1.385061095363902e-09,1.3664870858447256e-09,0.98658975435715612,-1.857400951917652e-11,5,0.99899949949937417,-1.7582342976130867,0.078707651729830977,NONE,0,0,0,0,True,500,"Synthetic mechanism check — not empirical SPY evidence, trading evidence, or an exact paper replication."
149,u_shaped_periodicity,1,QLIKE,0.049761236851039656,0.048983311753860934,0.98436684563312926,-0.00077792509717872704,5,0.99899949949937417,-2.0634421681702118,0.039070637051845242,HARP,0,0,0,0,True,500,"Synthetic mechanism check — not empirical SPY evidence, trading evidence, or an exact paper replication."
149,u_shaped_periodicity,5,MSE,6.3185371239960301e-10,6.301968893583027e-10,0.99737783760894883,-1.6568230413002932e-12,5,0.99099949545900379,-0.20704958379713173,0.83597113513531141,NONE,0,0,0,0,True,500,"Synthetic mechanism check — not empirical SPY evidence, trading evidence, or an exact paper replication."
149,u_shaped_periodicity,5,QLIKE,0.02649340960278284,0.026361481506598151,0.99502034286402941,-0.00013192809618468583,5,0.99099949545900379,-0.42914259578605646,0.66781945524975495,NONE,0,0,0,0,True,500,"Synthetic mechanism check — not empirical SPY evidence, trading evidence, or an exact paper replication."
149,u_shaped_periodicity,22,MSE,5.3602624334940387e-10,5.4222836874708522e-10,1.0115705629614826,6.202125397681324e-12,21,0.95699947753381764,0.79074481525388607,0.4290929185753381,NONE,0,0,0,0,True,500,"Synthetic mechanism check — not empirical SPY evidence, trading evidence, or an exact paper replication."
149,u_shaped_periodicity,22,QLIKE,0.024549221139402805,0.024741886734166378,1.0078481347196118,0.00019266559476357247,21,0.95699947753381764,0.63811413062402633,0.52339938878873882,NONE,0,0,0,0,True,500,"Synthetic mechanism check — not empirical SPY evidence, trading evidence, or an exact paper replication."
150,no_periodicity,1,MSE,1.5269282634359359e-09,1.5257330307413485e-09,0.99921723061704426,-1.1952326945876085e-12,5,0.99899949949937417,-0.81280229387398695,0.41633142016482638,NONE,0,0,0,0,True,500,"Synthetic mechanism check — not empirical SPY evidence, trading evidence, or an exact paper replication."
150,no_periodicity,1,QLIKE,0.050156232212070731,0.050122446962277842,0.99932639976523674,-3.3785249792884994e-05,5,0.99899949949937417,-0.86900750648425673,0.38484302500453671,NONE,0,0,0,0,True,500,"Synthetic mechanism check — not empirical SPY evidence, trading evidence, or an exact paper replication."
150,no_periodicity,5,MSE,6.9630066288535147e-10,6.9739559482426539e-10,1.0015724987742747,1.0949319389140125e-12,5,0.99099949545900379,1.1902299454174354,0.23395602643488589,NONE,0,0,0,0,True,500,"Synthetic mechanism check — not empirical SPY evidence, trading evidence, or an exact paper replication."
150,no_periodicity,5,QLIKE,0.024823982449607429,0.024839029313920385,1.000606142239405,1.504686431295399e-05,5,0.99099949545900379,0.55208852454250357,0.58088770373074761,NONE,0,0,0,0,True,500,"Synthetic mechanism check — not empirical SPY evidence, trading evidence, or an exact paper replication."
150,no_periodicity,22,MSE,4.6326269309306085e-10,4.6522614921403508e-10,1.0042383212597259,1.9634561209741519e-12,21,0.95699947753381764,1.7046380557024541,0.088261949227721723,NONE,0,0,0,0,True,500,"Synthetic mechanism check — not empirical SPY evidence, trading evidence, or an exact paper replication."
150,no_periodicity,22,QLIKE,0.017244202976898458,0.017293185921697977,1.0028405455946638,4.8982944799516034e-05,21,0.95699947753381764,1.3377327633672467,0.18098356667587642,NONE,0,0,0,0,True,500,"Synthetic mechanism check — not empirical SPY evidence, trading evidence, or an exact paper replication."
150,u_shaped_periodicity,1,MSE,1.694185379050309e-09,1.6742687949752381e-09,0.98824415301810986,-1.9916584075070828e-11,5,0.99899949949937417,-1.7961498151838742,0.072470693624380286,NONE,0,0,0,0,True,500,"Synthetic mechanism check — not empirical SPY evidence, trading evidence, or an exact paper replication."
150,u_shaped_periodicity,1,QLIKE,0.054688722794050494,0.0540460706058239,0.98824890845144209,-0.00064265218822659204,5,0.99899949949937417,-1.8671000873292984,0.061887612239532583,NONE,0,0,0,0,True,500,"Synthetic mechanism check — not empirical SPY evidence, trading evidence, or an exact paper replication."
150,u_shaped_periodicity,5,MSE,7.6684847506742558e-10,7.6331571915725285e-10,0.99539314998329742,-3.5327559101727565e-12,5,0.99099949545900379,-0.37974570493961307,0.70413418946665363,NONE,0,0,0,0,True,500,"Synthetic mechanism check — not empirical SPY evidence, trading evidence, or an exact paper replication."
150,u_shaped_periodicity,5,QLIKE,0.027173206013935924,0.02704914086620315,0.99543428376949172,-0.00012406514773277832,5,0.99099949545900379,-0.41890802960187595,0.67528334854433592,NONE,0,0,0,0,True,500,"Synthetic mechanism check — not empirical SPY evidence, trading evidence, or an exact paper replication."
150,u_shaped_periodicity,22,MSE,5.0456580408726334e-10,4.9475888868961198e-10,0.98056365429799264,-9.8069153976513912e-12,21,0.95699947753381764,-1.061316992490055,0.28854586592239451,NONE,0,0,0,0,True,500,"Synthetic mechanism check — not empirical SPY evidence, trading evidence, or an exact paper replication."
150,u_shaped_periodicity,22,QLIKE,0.018777045097960455,0.018576765192511079,0.98933379003967292,-0.00020027990544937423,21,0.95699947753381764,-0.51017788351994409,0.60992684514368722,NONE,0,0,0,0,True,500,"Synthetic mechanism check — not empirical SPY evidence, trading evidence, or an exact paper replication."
151,no_periodicity,1,MSE,1.4224107903166804e-09,1.4208393068470111e-09,0.99889519716781716,-1.5714834696693029e-12,5,0.99899949949937417,-1.3812664984832828,0.16719703496384161,NONE,0,0,0,0,True,500,"Synthetic mechanism check — not empirical SPY evidence, trading evidence, or an exact paper replication."
151,no_periodicity,1,QLIKE,0.043845505496986119,0.043829638352074637,0.99963811239643319,-1.5867144911477114e-05,5,0.99899949949937417,-0.44204916973057079,0.65845362556058729,NONE,0,0,0,0,True,500,"Synthetic mechanism check — not empirical SPY evidence, trading evidence, or an exact paper replication."
151,no_periodicity,5,MSE,6.362890233100278e-10,6.3564781410691942e-10,0.99899226738224589,-6.4120920310838065e-13,5,0.99099949545900379,-0.67114991003020241,0.50212503459532942,NONE,0,0,0,0,True,500,"Synthetic mechanism check — not empirical SPY evidence, trading evidence, or an exact paper replication."
151,no_periodicity,5,QLIKE,0.020847895908323772,0.020850271563501069,1.0001139517957949,2.3756551772962099e-06,5,0.99099949545900379,0.067621927449204866,0.94608659977039755,NONE,0,0,0,0,True,500,"Synthetic mechanism check — not empirical SPY evidence, trading evidence, or an exact paper replication."
151,no_periodicity,22,MSE,4.7840780140119466e-10,4.7955157212657912e-10,1.0023907861076564,1.1437707253844137e-12,21,0.95699947753381764,1.2156946434539764,0.22410126543688763,NONE,0,0,0,0,True,500,"Synthetic mechanism check — not empirical SPY evidence, trading evidence, or an exact paper replication."
151,no_periodicity,22,QLIKE,0.016512183711554166,0.016571866254437698,1.003614454873208,5.9682542883529257e-05,21,0.95699947753381764,1.7057273121196204,0.088058862055790138,NONE,0,0,0,0,True,500,"Synthetic mechanism check — not empirical SPY evidence, trading evidence, or an exact paper replication."
151,u_shaped_periodicity,1,MSE,1.5496432961909293e-09,1.5396533721248486e-09,0.99355340413459259,-9.9899240660809006e-12,5,0.99899949949937417,-0.89360997104997664,0.37153060954977785,NONE,0,0,0,0,True,500,"Synthetic mechanism check — not empirical SPY evidence, trading evidence, or an exact paper replication."
151,u_shaped_periodicity,1,QLIKE,0.047215820818680039,0.047218981035730703,1.0000669313165771,3.1602170506679351e-06,5,0.99899949949937417,0.0089929730037174756,0.99282474239952234,NONE,0,0,0,0,True,500,"Synthetic mechanism check — not empirical SPY evidence, trading evidence, or an exact paper replication."
151,u_shaped_periodicity,5,MSE,6.6672416974806179e-10,6.5703493171766049e-10,0.98546739645862458,-9.6892380304011757e-12,5,0.99099949545900379,-1.1130310034748061,0.26569511428974985,NONE,0,0,0,0,True,500,"Synthetic mechanism check — not empirical SPY evidence, trading evidence, or an exact paper replication."
151,u_shaped_periodicity,5,QLIKE,0.021997487454947156,0.021670240369629199,0.98512343348356546,-0.00032724708531795519,5,0.99099949545900379,-1.0906264069235927,0.27543730505164543,NONE,0,0,0,0,True,500,"Synthetic mechanism check — not empirical SPY evidence, trading evidence, or an exact paper replication."
151,u_shaped_periodicity,22,MSE,4.7917268577621758e-10,4.7565864601721176e-10,0.99266644392863634,-3.5140397590058991e-12,21,0.95699947753381764,-0.5102162004034908,0.60990000365544539,NONE,0,0,0,0,True,500,"Synthetic mechanism check — not empirical SPY evidence, trading evidence, or an exact paper replication."
151,u_shaped_periodicity,22,QLIKE,0.016613398579107069,0.016468649624267796,0.99128721590889235,-0.00014474895483927597,21,0.95699947753381764,-0.55945935018779835,0.57584826619439622,NONE,0,0,0,0,True,500,"Synthetic mechanism check — not empirical SPY evidence, trading evidence, or an exact paper replication."
152,no_periodicity,1,MSE,1.0667446596401912e-09,1.0656056760457826e-09,0.99893228095016406,-1.1389835944086766e-12,5,0.99899949949937417,-1.5043590341243898,0.13248894630554581,NONE,0,0,0,0,True,500,"Synthetic mechanism check — not empirical SPY evidence, trading evidence, or an exact paper replication."
152,no_periodicity,1,QLIKE,0.040416188053991303,0.040374054580760592,0.99895750996668897,-4.2133473230710374e-05,5,0.99899949949937417,-1.6194882128567907,0.10534226058756363,NONE,0,0,0,0,True,500,"Synthetic mechanism check — not empirical SPY evidence, trading evidence, or an exact paper replication."
152,no_periodicity,5,MSE,4.293736348708923e-10,4.2946175770337446e-10,1.0002052357791102,8.8122832482142182e-14,5,0.99099949545900379,0.16471175800572804,0.86917086184182535,NONE,0,0,0,0,True,500,"Synthetic mechanism check — not empirical SPY evidence, trading evidence, or an exact paper replication."
152,no_periodicity,5,QLIKE,0.017092673978844668,0.017108877584301425,1.0009479854045547,1.6203605456756698e-05,5,0.99099949545900379,0.82075273079673428,0.4117871283266058,NONE,0,0,0,0,True,500,"Synthetic mechanism check — not empirical SPY evidence, trading evidence, or an exact paper replication."
152,no_periodicity,22,MSE,2.7497565973855697e-10,2.7482515945908382e-10,0.99945267781295166,-1.5050027947311197e-13,21,0.95699947753381764,-0.29792265376657689,0.76576219741689688,NONE,0,0,0,0,True,500,"Synthetic mechanism check — not empirical SPY evidence, trading evidence, or an exact paper replication."
152,no_periodicity,22,QLIKE,0.012027945032648594,0.012031605148918188,1.0003043010472412,3.660116269592173e-06,21,0.95699947753381764,0.14652121904985368,0.8835099403026716,NONE,0,0,0,0,True,500,"Synthetic mechanism check — not empirical SPY evidence, trading evidence, or an exact paper replication."
152,u_shaped_periodicity,1,MSE,1.1400434216996691e-09,1.1454278164792861e-09,1.004722973421126,5.3843947796172129e-12,5,0.99899949949937417,0.69514449733530037,0.48696475112380067,NONE,0,0,0,0,True,500,"Synthetic mechanism check — not empirical SPY evidence, trading evidence, or an exact paper replication."
152,u_shaped_periodicity,1,QLIKE,0.042839213634481593,0.04294027218627073,1.0023590197675289,0.00010105855178914291,5,0.99899949949937417,0.3529567755877791,0.72412084568035728,NONE,0,0,0,0,True,500,"Synthetic mechanism check — not empirical SPY evidence, trading evidence, or an exact paper replication."
152,u_shaped_periodicity,5,MSE,4.3234647404550587e-10,4.3500518978741945e-10,1.0061495025437255,2.6587157419135584e-12,5,0.99099949545900379,0.4628674403204891,0.64345938714096151,NONE,0,0,0,0,True,500,"Synthetic mechanism check — not empirical SPY evidence, trading evidence, or an exact paper replication."
152,u_shaped_periodicity,5,QLIKE,0.016990222549449704,0.017024676124100427,1.002027847166242,3.4453574650721739e-05,5,0.99099949545900379,0.16597066731125457,0.86818003407749178,NONE,0,0,0,0,True,500,"Synthetic mechanism check — not empirical SPY evidence, trading evidence, or an exact paper replication."
152,u_shaped_periodicity,22,MSE,2.8409971995133497e-10,2.858788193259401e-10,1.0062622355802036,1.7790993746050903e-12,21,0.95699947753381764,0.33109849850683226,0.74057008575356043,NONE,0,0,0,0,True,500,"Synthetic mechanism check — not empirical SPY evidence, trading evidence, or an exact paper replication."
152,u_shaped_periodicity,22,QLIKE,0.012215527120038649,0.012254820958258842,1.0032167124540809,3.9293838220194391e-05,21,0.95699947753381764,0.17768043106102258,0.85897395444503222,NONE,0,0,0,0,True,500,"Synthetic mechanism check — not empirical SPY evidence, trading evidence, or an exact paper replication."
153,no_periodicity,1,MSE,1.2090852398659929e-09,1.2084128972754148e-09,0.99944392457338027,-6.7234259057824877e-13,5,0.99899949949937417,-0.76513398539072497,0.44419176439978919,NONE,0,0,0,0,True,500,"Synthetic mechanism check — not empirical SPY evidence, trading evidence, or an exact paper replication."
153,no_periodicity,1,QLIKE,0.050920141184266979,0.050893008570936149,0.99946715361152194,-2.7132613330827837e-05,5,0.99899949949937417,-0.79780013577385545,0.42498648250995669,NONE,0,0,0,0,True,500,"Synthetic mechanism check — not empirical SPY evidence, trading evidence, or an exact paper replication."
153,no_periodicity,5,MSE,5.6693837627869199e-10,5.6685440500923107e-10,0.99985188642544875,-8.3971269460777239e-14,5,0.99099949545900379,-0.1271485699967925,0.89882281008805021,NONE,0,0,0,0,True,500,"Synthetic mechanism check — not empirical SPY evidence, trading evidence, or an exact paper replication."
153,no_periodicity,5,QLIKE,0.024218453346539631,0.02422917657886756,1.0004427711453945,1.0723232327927601e-05,5,0.99099949545900379,0.41206980882328725,0.6802882568499159,NONE,0,0,0,0,True,500,"Synthetic mechanism check — not empirical SPY evidence, trading evidence, or an exact paper replication."
153,no_periodicity,22,MSE,3.1501653030661338e-10,3.1513204449510812e-10,1.0003666924665264,1.1551418849471389e-13,21,0.95699947753381764,0.18056013418662734,0.85671284978263729,NONE,0,0,0,0,True,500,"Synthetic mechanism check — not empirical SPY evidence, trading evidence, or an exact paper replication."
153,no_periodicity,22,QLIKE,0.013416138999401436,0.01342831864520949,1.0009078353920302,1.2179645808054306e-05,21,0.95699947753381764,0.51465459466708363,0.60679440754049596,NONE,0,0,0,0,True,500,"Synthetic mechanism check — not empirical SPY evidence, trading evidence, or an exact paper replication."
153,u_shaped_periodicity,1,MSE,1.2268711198890941e-09,1.2262519414873997e-09,0.99949531911571099,-6.1917840169423985e-13,5,0.99899949949937417,-0.076664927156221946,0.93889010646778503,NONE,0,0,0,0,True,500,"Synthetic mechanism check — not empirical SPY evidence, trading evidence, or an exact paper replication."
153,u_shaped_periodicity,1,QLIKE,0.051876925025877173,0.052029854572240949,1.0029479300534387,0.00015292954636378608,5,0.99899949949937417,0.50091871234109631,0.61642833257631935,NONE,0,0,0,0,True,500,"Synthetic mechanism check — not empirical SPY evidence, trading evidence, or an exact paper replication."
153,u_shaped_periodicity,5,MSE,5.5413411178125842e-10,5.5523599774820345e-10,1.0019884824693486,1.1018859669451048e-12,5,0.99099949545900379,0.18419116987682352,0.85386348638883047,NONE,0,0,0,0,True,500,"Synthetic mechanism check — not empirical SPY evidence, trading evidence, or an exact paper replication."
153,u_shaped_periodicity,5,QLIKE,0.023922753099745894,0.024053545522145968,1.0054672813724548,0.00013079242240007004,5,0.99099949545900379,0.5326507811917025,0.59427534281656702,NONE,0,0,0,0,True,500,"Synthetic mechanism check — not empirical SPY evidence, trading evidence, or an exact paper replication."
153,u_shaped_periodicity,22,MSE,3.1118758233062719e-10,3.1559704758248206e-10,1.0141697982253353,4.4094652518549815e-12,21,0.95699947753381764,1.0555965933033846,0.29115255799154804,NONE,0,0,0,0,True,500,"Synthetic mechanism check — not empirical SPY evidence, trading evidence, or an exact paper replication."
153,u_shaped_periodicity,22,QLIKE,0.01328006132880814,0.013512075728101735,1.0174708831193642,0.00023201439929359369,21,0.95699947753381764,1.3087600875875691,0.19061563066086348,NONE,0,0,0,0,True,500,"Synthetic mechanism check — not empirical SPY evidence, trading evidence, or an exact paper replication."
154,no_periodicity,1,MSE,9.7864323288616526e-10,9.769545712588259e-10,0.99827448699322296,-1.6886616273390698e-12,5,0.99899949949937417,-1.7704236181663786,0.0766565981642129,NONE,0,0,0,0,True,500,"Synthetic mechanism check — not empirical SPY evidence, trading evidence, or an exact paper replication."
154,no_periodicity,1,QLIKE,0.043929557548410297,0.043875707496806936,0.99877417268443869,-5.3850051603354654e-05,5,0.99899949949937417,-1.4918571342675584,0.1357366021457202,NONE,0,0,0,0,True,500,"Synthetic mechanism check — not empirical SPY evidence, trading evidence, or an exact paper replication."
154,no_periodicity,5,MSE,3.8665620854955478e-10,3.8513760589705443e-10,0.99607247311973335,-1.5186026525003419e-12,5,0.99099949545900379,-2.2249121022092249,0.026087139423115999,HARP,0,0,0,0,True,500,"Synthetic mechanism check — not empirical SPY evidence, trading evidence, or an exact paper replication."
154,no_periodicity,5,QLIKE,0.018609493447901599,0.018561326007236548,0.99741167373524164,-4.8167440665051407e-05,5,0.99099949545900379,-1.5634767037960451,0.11794051101031494,NONE,0,0,0,0,True,500,"Synthetic mechanism check — not empirical SPY evidence, trading evidence, or an exact paper replication."
154,no_periodicity,22,MSE,3.1076051616450992e-10,3.0988131739435021e-10,0.99717081571040289,-8.791987701597244e-13,21,0.95699947753381764,-0.88086452517502123,0.37839115027269438,NONE,0,0,0,0,True,500,"Synthetic mechanism check — not empirical SPY evidence, trading evidence, or an exact paper replication."
154,no_periodicity,22,QLIKE,0.015121928633951242,0.015101792434431782,0.99866841062361245,-2.0136199519460884e-05,21,0.95699947753381764,-0.39799235067610023,0.69063582428881598,NONE,0,0,0,0,True,500,"Synthetic mechanism check — not empirical SPY evidence, trading evidence, or an exact paper replication."
154,u_shaped_periodicity,1,MSE,1.0110058550389987e-09,1.0123329811931685e-09,1.0013126789993898,1.3271261541699065e-12,5,0.99899949949937417,0.20603469770139737,0.83676380786904159,NONE,0,0,0,0,True,500,"Synthetic mechanism check — not empirical SPY evidence, trading evidence, or an exact paper replication."
154,u_shaped_periodicity,1,QLIKE,0.0457554939224665,0.045761513557236871,1.0001315609177026,6.0196347703733718e-06,5,0.99899949949937417,0.021696365852624511,0.98269016272120746,NONE,0,0,0,0,True,500,"Synthetic mechanism check — not empirical SPY evidence, trading evidence, or an exact paper replication."
154,u_shaped_periodicity,5,MSE,3.8992210943871962e-10,3.952082330709911e-10,1.0135568707295943,5.2861236322715252e-12,5,0.99099949545900379,0.75038394386747687,0.45302349830918898,NONE,0,0,0,0,True,500,"Synthetic mechanism check — not empirical SPY evidence, trading evidence, or an exact paper replication."
154,u_shaped_periodicity,5,QLIKE,0.018378246629111451,0.018666278149346391,1.0156724156579058,0.00028803152023493972,5,0.99099949545900379,1.002509662073144,0.31609750239035322,NONE,0,0,0,0,True,500,"Synthetic mechanism check — not empirical SPY evidence, trading evidence, or an exact paper replication."
154,u_shaped_periodicity,22,MSE,3.08515577602676e-10,3.2154238058099772e-10,1.0422241336387181,1.3026802978321705e-11,21,0.95699947753381764,1.6155992854240595,0.10618097851592984,NONE,0,0,0,0,True,500,"Synthetic mechanism check — not empirical SPY evidence, trading evidence, or an exact paper replication."
154,u_shaped_periodicity,22,QLIKE,0.014858736610063851,0.015484189583697329,1.0420932808789314,0.00062545297363347883,21,0.95699947753381764,1.6462079528825053,0.099720952469018548,NONE,0,0,0,0,True,500,"Synthetic mechanism check — not empirical SPY evidence, trading evidence, or an exact paper replication."
155,no_periodicity,1,MSE,6.6451256608780813e-10,6.6554062472843263e-10,1.001547086831897,1.0280586406246253e-12,5,0.99899949949937417,0.97348859193788539,0.3303105273447573,NONE,0,0,0,0,True,500,"Synthetic mechanism check — not empirical SPY evidence, trading evidence, or an exact paper replication."
155,no_periodicity,1,QLIKE,0.045398984655826431,0.045418549209578031,1.0004309469451778,1.9564553751600934e-05,5,0.99899949949937417,0.44849652398897899,0.65379489425603132,NONE,0,0,0,0,True,500,"Synthetic mechanism check — not empirical SPY evidence, trading evidence, or an exact paper replication."
155,no_periodicity,5,MSE,3.3269383370523253e-10,3.3272041561738331e-10,1.0000798990226381,2.658191215080934e-14,5,0.99099949545900379,0.033377221167060225,0.973373774415211,NONE,0,0,0,0,True,500,"Synthetic mechanism check — not empirical SPY evidence, trading evidence, or an exact paper replication."
155,no_periodicity,5,QLIKE,0.024072564324558041,0.02407883936475173,1.000260671863167,6.2750401936932927e-06,5,0.99099949545900379,0.17198852422599795,0.86344655090632261,NONE,0,0,0,0,True,500,"Synthetic mechanism check — not empirical SPY evidence, trading evidence, or an exact paper replication."
155,no_periodicity,22,MSE,3.2842212212618176e-10,3.2759564424343727e-10,0.9974834890006985,-8.2647788274448304e-13,21,0.95699947753381764,-0.91864619663592983,0.35828066031337485,NONE,0,0,0,0,True,500,"Synthetic mechanism check — not empirical SPY evidence, trading evidence, or an exact paper replication."
155,no_periodicity,22,QLIKE,0.024449386265768414,0.024390184318780022,0.99757859169367857,-5.9201946988392872e-05,21,0.95699947753381764,-1.2979919058518146,0.19429011636783941,NONE,0,0,0,0,True,500,"Synthetic mechanism check — not empirical SPY evidence, trading evidence, or an exact paper replication."
155,u_shaped_periodicity,1,MSE,7.1004928967528362e-10,7.108664901734201e-10,1.0011509067187578,8.1720049813645182e-13,5,0.99899949949937417,0.15252962754906746,0.87876922441541672,NONE,0,0,0,0,True,500,"Synthetic mechanism check — not empirical SPY evidence, trading evidence, or an exact paper replication."
155,u_shaped_periodicity,1,QLIKE,0.048117095191504762,0.048176104452573823,1.0012263679017657,5.900926106905402e-05,5,0.99899949949937417,0.19505131121308772,0.84535277842459311,NONE,0,0,0,0,True,500,"Synthetic mechanism check — not empirical SPY evidence, trading evidence, or an exact paper replication."
155,u_shaped_periodicity,5,MSE,3.4890838593255611e-10,3.5280842709360965e-10,1.0111778372727545,3.9000411610535518e-12,5,0.99099949545900379,0.82913933576821597,0.40702556750114366,NONE,0,0,0,0,True,500,"Synthetic mechanism check — not empirical SPY evidence, trading evidence, or an exact paper replication."
155,u_shaped_periodicity,5,QLIKE,0.025183657977657609,0.025396268237477534,1.008442389902553,0.00021261025981992177,5,0.99099949545900379,0.761119316387734,0.44658580395138558,NONE,0,0,0,0,True,500,"Synthetic mechanism check — not empirical SPY evidence, trading evidence, or an exact paper replication."
155,u_shaped_periodicity,22,MSE,3.2990980850698949e-10,3.3072921464727511e-10,1.0024837277315091,8.1940614028562505e-13,21,0.95699947753381764,0.12397359337789296,0.90133618317302966,NONE,0,0,0,0,True,500,"Synthetic mechanism check — not empirical SPY evidence, trading evidence, or an exact paper replication."
155,u_shaped_periodicity,22,QLIKE,0.024644072846150663,0.024624761618523422,0.99921639463785883,-1.9311227627238024e-05,21,0.95699947753381764,-0.049166889700102794,0.96078629753162703,NONE,0,0,0,0,True,500,"Synthetic mechanism check — not empirical SPY evidence, trading evidence, or an exact paper replication."
156,no_periodicity,1,MSE,2.9712309492095687e-09,2.9709321829480125e-09,0.99989944697444821,-2.9876626155641549e-13,5,0.99899949949937417,-0.094174374003229783,0.92497064087028269,NONE,0,0,0,0,True,500,"Synthetic mechanism check — not empirical SPY evidence, trading evidence, or an exact paper replication."
156,no_periodicity,1,QLIKE,0.045062866536130584,0.045047901518906662,0.99966790800554328,-1.4965017223921962e-05,5,0.99899949949937417,-0.35400500703679139,0.72333513084176859,NONE,0,0,0,0,True,500,"Synthetic mechanism check — not empirical SPY evidence, trading evidence, or an exact paper replication."
156,no_periodicity,5,MSE,1.2923507469208462e-09,1.2937982708336229e-09,1.0011200704733025,1.4475239127766064e-12,5,0.99099949545900379,0.55715919402256886,0.57741866702441647,NONE,0,0,0,0,True,500,"Synthetic mechanism check — not empirical SPY evidence, trading evidence, or an exact paper replication."
156,no_periodicity,5,QLIKE,0.020100432449406673,0.020105700570677919,1.0002620899467962,5.2681212712433197e-06,5,0.99099949545900379,0.14691492715834689,0.88319916960369893,NONE,0,0,0,0,True,500,"Synthetic mechanism check — not empirical SPY evidence, trading evidence, or an exact paper replication."
156,no_periodicity,22,MSE,1.185517882978322e-09,1.1865745699534904e-09,1.0008913294268609,1.0566869751686347e-12,21,0.95699947753381764,0.30041036461248261,0.7638641587715056,NONE,0,0,0,0,True,500,"Synthetic mechanism check — not empirical SPY evidence, trading evidence, or an exact paper replication."
156,no_periodicity,22,QLIKE,0.019643708932119003,0.019668461081902542,1.0012600548027397,2.475214978353657e-05,21,0.95699947753381764,0.40619796799540636,0.68459714700303564,NONE,0,0,0,0,True,500,"Synthetic mechanism check — not empirical SPY evidence, trading evidence, or an exact paper replication."
156,u_shaped_periodicity,1,MSE,3.1337205653021337e-09,3.1444176542709116e-09,1.003413542702952,1.069708896877765e-11,5,0.99899949949937417,0.44486627794792544,0.65641639379378991,NONE,0,0,0,0,True,500,"Synthetic mechanism check — not empirical SPY evidence, trading evidence, or an exact paper replication."
156,u_shaped_periodicity,1,QLIKE,0.047334894099288448,0.047392122578289932,1.0012090125073787,5.7228479001483648e-05,5,0.99899949949937417,0.16903187870798828,0.86577156658854737,NONE,0,0,0,0,True,500,"Synthetic mechanism check — not empirical SPY evidence, trading evidence, or an exact paper replication."
156,u_shaped_periodicity,5,MSE,1.361980164438324e-09,1.371991296634882e-09,1.0073504243732407,1.0011132196557905e-11,5,0.99099949545900379,0.41383812583828322,0.67899266022278804,NONE,0,0,0,0,True,500,"Synthetic mechanism check — not empirical SPY evidence, trading evidence, or an exact paper replication."
156,u_shaped_periodicity,5,QLIKE,0.021160768869628376,0.02129599047090467,1.0063902026485614,0.0001352216012762919,5,0.99099949545900379,0.41231131170319357,0.68011125865851418,NONE,0,0,0,0,True,500,"Synthetic mechanism check — not empirical SPY evidence, trading evidence, or an exact paper replication."
156,u_shaped_periodicity,22,MSE,1.2662426454277403e-09,1.2567808465421283e-09,0.99252765738085236,-9.4617988856118816e-12,21,0.95699947753381764,-0.23998660992862758,0.81034063704937065,NONE,0,0,0,0,True,500,"Synthetic mechanism check — not empirical SPY evidence, trading evidence, or an exact paper replication."
156,u_shaped_periodicity,22,QLIKE,0.02054329539163418,0.020742771920775033,1.0097100550490106,0.00019947652914085757,21,0.95699947753381764,0.26752968834749791,0.78906135891272955,NONE,0,0,0,0,True,500,"Synthetic mechanism check — not empirical SPY evidence, trading evidence, or an exact paper replication."
157,no_periodicity,1,MSE,8.1055977531070783e-10,8.1073323905140655e-10,1.000214004871673,1.7346374069867091e-13,5,0.99899949949937417,0.17617717029509986,0.86015475571286093,NONE,0,0,0,0,True,500,"Synthetic mechanism check — not empirical SPY evidence, trading evidence, or an exact paper replication."
157,no_periodicity,1,QLIKE,0.051518129522032857,0.051581823482076461,1.0012363406947133,6.369396004360439e-05,5,0.99899949949937417,1.3919558169681567,0.16393577778342847,NONE,0,0,0,0,True,500,"Synthetic mechanism check — not empirical SPY evidence, trading evidence, or an exact paper replication."
157,no_periodicity,5,MSE,3.4705353747894256e-10,3.4656497655555313e-10,0.99859226064388096,-4.8856092338946624e-13,5,0.99099949545900379,-0.42864391140054842,0.66818238428831023,NONE,0,0,0,0,True,500,"Synthetic mechanism check — not empirical SPY evidence, trading evidence, or an exact paper replication."
157,no_periodicity,5,QLIKE,0.023224340037672576,0.023273360657792373,1.0021107432994987,4.9020620119799127e-05,5,0.99099949545900379,1.1885516198117501,0.23461615551461978,NONE,0,0,0,0,True,500,"Synthetic mechanism check — not empirical SPY evidence, trading evidence, or an exact paper replication."
157,no_periodicity,22,MSE,3.3995149841079989e-10,3.4027340541316831e-10,1.0009469203809169,3.2190700236844763e-13,21,0.95699947753381764,0.3385241402973756,0.73496823847236203,NONE,0,0,0,0,True,500,"Synthetic mechanism check — not empirical SPY evidence, trading evidence, or an exact paper replication."
157,no_periodicity,22,QLIKE,0.021947082822925627,0.022010222211893578,1.0028768920898223,6.3139388967953014e-05,21,0.95699947753381764,1.1713868308017423,0.24144332328124757,NONE,0,0,0,0,True,500,"Synthetic mechanism check — not empirical SPY evidence, trading evidence, or an exact paper replication."
157,u_shaped_periodicity,1,MSE,8.2662839577779075e-10,8.1768110579238048e-10,0.989176164246098,-8.9472899854102481e-12,5,0.99899949949937417,-1.4041186315112724,0.16028352638287996,NONE,0,0,0,0,True,500,"Synthetic mechanism check — not empirical SPY evidence, trading evidence, or an exact paper replication."
157,u_shaped_periodicity,1,QLIKE,0.053538266516533727,0.052952381452796182,0.98905670463654982,-0.00058588506373753995,5,0.99899949949937417,-1.655203181944261,0.097883290012637708,NONE,0,0,0,0,True,500,"Synthetic mechanism check — not empirical SPY evidence, trading evidence, or an exact paper replication."
157,u_shaped_periodicity,5,MSE,3.277451801440972e-10,3.2332526346619932e-10,0.98651416726874641,-4.4199166778978178e-12,5,0.99099949545900379,-1.2530732152965725,0.21017906273237438,NONE,0,0,0,0,True,500,"Synthetic mechanism check — not empirical SPY evidence, trading evidence, or an exact paper replication."
157,u_shaped_periodicity,5,QLIKE,0.023358594752238723,0.022827329308383774,0.97725610425241738,-0.00053126544385495046,5,0.99099949545900379,-1.781210478898789,0.074878072419827371,NONE,0,0,0,0,True,500,"Synthetic mechanism check — not empirical SPY evidence, trading evidence, or an exact paper replication."
157,u_shaped_periodicity,22,MSE,3.2741202433260657e-10,3.3196007229375675e-10,1.0138909008318215,4.5480479611501319e-12,21,0.95699947753381764,0.94939118918883725,0.34242168987438465,NONE,0,0,0,0,True,500,"Synthetic mechanism check — not empirical SPY evidence, trading evidence, or an exact paper replication."
157,u_shaped_periodicity,22,QLIKE,0.021579050884641675,0.021578101468729436,0.999956002888296,-9.4941591223651752e-07,21,0.95699947753381764,-0.0027514128390888088,0.99780469294514207,NONE,0,0,0,0,True,500,"Synthetic mechanism check — not empirical SPY evidence, trading evidence, or an exact paper replication."
158,no_periodicity,1,MSE,1.2678767231167802e-09,1.2670190746809392e-09,0.99932355534240536,-8.5764843584109877e-13,5,0.99899949949937417,-0.89793567202238678,0.36921984551415854,NONE,0,0,0,0,True,500,"Synthetic mechanism check — not empirical SPY evidence, trading evidence, or an exact paper replication."
158,no_periodicity,1,QLIKE,0.048987890005245831,0.048966131448200216,0.99955583804398829,-2.1758557045616022e-05,5,0.99899949949937417,-0.57858060960840896,0.56287219152615364,NONE,0,0,0,0,True,500,"Synthetic mechanism check — not empirical SPY evidence, trading evidence, or an exact paper replication."
158,no_periodicity,5,MSE,6.2812408360364209e-10,6.2774063586757141e-10,0.99938953505194261,-3.8344773607070456e-13,5,0.99099949545900379,-0.50571991508999248,0.61305328566585016,NONE,0,0,0,0,True,500,"Synthetic mechanism check — not empirical SPY evidence, trading evidence, or an exact paper replication."
158,no_periodicity,5,QLIKE,0.024544655605406373,0.024535814469547723,0.99963979385163171,-8.8411358586477644e-06,5,0.99099949545900379,-0.30106659364662464,0.76336371428324301,NONE,0,0,0,0,True,500,"Synthetic mechanism check — not empirical SPY evidence, trading evidence, or an exact paper replication."
158,no_periodicity,22,MSE,4.1015413958678204e-10,4.102525284066967e-10,1.0002398825476047,9.8388819914577909e-14,21,0.95699947753381764,0.10885328288544732,0.91331886123323824,NONE,0,0,0,0,True,500,"Synthetic mechanism check — not empirical SPY evidence, trading evidence, or an exact paper replication."
158,no_periodicity,22,QLIKE,0.017182709093016869,0.017192276963436483,1.0005568313103492,9.5678704196129341e-06,21,0.95699947753381764,0.27466117074199331,0.7835765654377167,NONE,0,0,0,0,True,500,"Synthetic mechanism check — not empirical SPY evidence, trading evidence, or an exact paper replication."
158,u_shaped_periodicity,1,MSE,1.3402138783634662e-09,1.3479641171792545e-09,1.0057828373074693,7.7502388157882603e-12,5,0.99899949949937417,1.0307394725715975,0.30266300899008208,NONE,0,0,0,0,True,500,"Synthetic mechanism check — not empirical SPY evidence, trading evidence, or an exact paper replication."
158,u_shaped_periodicity,1,QLIKE,0.051644474875850999,0.05195056879225237,1.0059269441142968,0.00030609391640137184,5,0.99899949949937417,1.1393524007464735,0.25455620066159323,NONE,0,0,0,0,True,500,"Synthetic mechanism check — not empirical SPY evidence, trading evidence, or an exact paper replication."
158,u_shaped_periodicity,5,MSE,6.4233353959609344e-10,6.5747580937134226e-10,1.0235738426250798,1.514226977524885e-11,5,0.99099949545900379,2.3101023740416999,0.020882487046206072,HAR,0,0,0,0,True,500,"Synthetic mechanism check — not empirical SPY evidence, trading evidence, or an exact paper replication."
158,u_shaped_periodicity,5,QLIKE,0.02543832836256614,0.026040520777504884,1.0236726409988834,0.00060219241493874296,5,0.99099949545900379,2.3647274632001856,0.018043343402443221,HAR,0,0,0,0,True,500,"Synthetic mechanism check — not empirical SPY evidence, trading evidence, or an exact paper replication."
158,u_shaped_periodicity,22,MSE,4.3029030155265737e-10,4.3580758711803749e-10,1.0128222401143405,5.5172855653801101e-12,21,0.95699947753381764,0.85547909771914166,0.39228597118466008,NONE,0,0,0,0,True,500,"Synthetic mechanism check — not empirical SPY evidence, trading evidence, or an exact paper replication."
158,u_shaped_periodicity,22,QLIKE,0.018037835523512513,0.018288137442753056,1.0138764941566449,0.00025030191924054222,21,0.95699947753381764,0.99520530372339677,0.31963642279755788,NONE,0,0,0,0,True,500,"Synthetic mechanism check — not empirical SPY evidence, trading evidence, or an exact paper replication."
159,no_periodicity,1,MSE,6.7104134423554965e-10,6.7207883187644483e-10,1.0015460860195986,1.0374876408952958e-12,5,0.99899949949937417,1.6733137713163437,0.094265542819501183,NONE,0,0,0,0,True,500,"Synthetic mechanism check — not empirical SPY evidence, trading evidence, or an exact paper replication."
159,no_periodicity,1,QLIKE,0.045666681782869492,0.045727564810496488,1.0013332045432264,6.0883027627004261e-05,5,0.99899949949937417,1.6569332596228195,0.097532969153082252,NONE,0,0,0,0,True,500,"Synthetic mechanism check — not empirical SPY evidence, trading evidence, or an exact paper replication."
159,no_periodicity,5,MSE,2.8780647565633176e-10,2.8759900819253344e-10,0.99927914247472993,-2.0746746379829165e-13,5,0.99099949545900379,-0.40457820699741143,0.68578758036615661,NONE,0,0,0,0,True,500,"Synthetic mechanism check — not empirical SPY evidence, trading evidence, or an exact paper replication."
159,no_periodicity,5,QLIKE,0.019993831036996448,0.019994639938831545,1.0000404575708177,8.0890183509607639e-07,5,0.99099949545900379,0.025227457021923135,0.97987353638591512,NONE,0,0,0,0,True,500,"Synthetic mechanism check — not empirical SPY evidence, trading evidence, or an exact paper replication."
159,no_periodicity,22,MSE,2.7635063734045834e-10,2.7622656935255282e-10,0.99955104866375732,-1.2406798790555566e-13,21,0.95699947753381764,-0.13034009327366186,0.89629736076252564,NONE,0,0,0,0,True,500,"Synthetic mechanism check — not empirical SPY evidence, trading evidence, or an exact paper replication."
159,no_periodicity,22,QLIKE,0.020378003663832852,0.0203792584517496,1.0000615756056113,1.2547879167472686e-06,21,0.95699947753381764,0.022329476957367849,0.98218513552890396,NONE,0,0,0,0,True,500,"Synthetic mechanism check — not empirical SPY evidence, trading evidence, or an exact paper replication."
159,u_shaped_periodicity,1,MSE,7.0953417206126377e-10,7.0866759124279173e-10,0.99877866232156998,-8.6658081847201763e-13,5,0.99899949949937417,-0.18838076886937208,0.85057817403039759,NONE,0,0,0,0,True,500,"Synthetic mechanism check — not empirical SPY evidence, trading evidence, or an exact paper replication."
159,u_shaped_periodicity,1,QLIKE,0.04816047651472069,0.047982205910753278,0.99629840448291818,-0.00017827060396741556,5,0.99899949949937417,-0.61331597113866809,0.53966743502241576,NONE,0,0,0,0,True,500,"Synthetic mechanism check — not empirical SPY evidence, trading evidence, or an exact paper replication."
159,u_shaped_periodicity,5,MSE,2.7526245191559059e-10,2.7969720937337476e-10,1.0161110148766097,4.4347574577841429e-12,5,0.99099949545900379,0.8515036626346314,0.39448962960560641,NONE,0,0,0,0,True,500,"Synthetic mechanism check — not empirical SPY evidence, trading evidence, or an exact paper replication."
159,u_shaped_periodicity,5,QLIKE,0.019461600316222617,0.019638439137322966,1.0090865508605138,0.00017683882110034911,5,0.99099949545900379,0.56335793057560246,0.57319117798083941,NONE,0,0,0,0,True,500,"Synthetic mechanism check — not empirical SPY evidence, trading evidence, or an exact paper replication."
159,u_shaped_periodicity,22,MSE,2.6050139526662274e-10,2.7065796115416887e-10,1.0389885277856223,1.0156565887546098e-11,21,0.95699947753381764,1.2254576608267473,0.22040283312373501,NONE,0,0,0,0,True,500,"Synthetic mechanism check — not empirical SPY evidence, trading evidence, or an exact paper replication."
159,u_shaped_periodicity,22,QLIKE,0.019516843341374778,0.020085339991172454,1.0291285142711828,0.00056849664979767621,21,0.95699947753381764,1.1977733642577719,0.23100525928603585,NONE,0,0,0,0,True,500,"Synthetic mechanism check — not empirical SPY evidence, trading evidence, or an exact paper replication."
160,no_periodicity,1,MSE,2.5157750965731531e-09,2.5168916577473956e-09,1.0004438239235944,1.1165611742425331e-12,5,0.99899949949937417,0.50264750900523969,0.61521212070368447,NONE,0,0,0,0,True,500,"Synthetic mechanism check — not empirical SPY evidence, trading evidence, or an exact paper replication."
160,no_periodicity,1,QLIKE,0.044678718538975475,0.044690370242323182,1.000260788664687,1.1651703347709929e-05,5,0.99899949949937417,0.28605422868632296,0.77483658753099993,NONE,0,0,0,0,True,500,"Synthetic mechanism check — not empirical SPY evidence, trading evidence, or an exact paper replication."
160,no_periodicity,5,MSE,1.1737012340803516e-09,1.1763383135476267e-09,1.0022468064194729,2.6370794672751901e-12,5,0.99099949545900379,1.5151191076697377,0.12974224359606157,NONE,0,0,0,0,True,500,"Synthetic mechanism check — not empirical SPY evidence, trading evidence, or an exact paper replication."
160,no_periodicity,5,QLIKE,0.022710528682175504,0.022732984618552648,1.0009887896795098,2.2455936377143271e-05,5,0.99099949545900379,0.67929737446454297,0.49694945969162313,NONE,0,0,0,0,True,500,"Synthetic mechanism check — not empirical SPY evidence, trading evidence, or an exact paper replication."
160,no_periodicity,22,MSE,1.0037626514044454e-09,1.0074076419078147e-09,1.0036313270854114,3.6449905033691722e-12,21,0.95699947753381764,0.96892299829172213,0.33258360975049839,NONE,0,0,0,0,True,500,"Synthetic mechanism check — not empirical SPY evidence, trading evidence, or an exact paper replication."
160,no_periodicity,22,QLIKE,0.021636403510758677,0.021636630589720575,1.0000104952267961,2.2707896190210519e-07,21,0.95699947753381764,0.0036310146581121608,0.99710287583032142,NONE,0,0,0,0,True,500,"Synthetic mechanism check — not empirical SPY evidence, trading evidence, or an exact paper replication."
160,u_shaped_periodicity,1,MSE,2.6684693753165064e-09,2.6660553838417104e-09,0.99909536474462646,-2.4139914747962401e-12,5,0.99899949949937417,-0.11901837076483088,0.90526080146582844,NONE,0,0,0,0,True,500,"Synthetic mechanism check — not empirical SPY evidence, trading evidence, or an exact paper replication."
160,u_shaped_periodicity,1,QLIKE,0.047535792346267328,0.047236380926299344,0.99370134786463715,-0.00029941141996797736,5,0.99899949949937417,-0.75030507614393049,0.45307098608226709,NONE,0,0,0,0,True,500,"Synthetic mechanism check — not empirical SPY evidence, trading evidence, or an exact paper replication."
160,u_shaped_periodicity,5,MSE,1.1886652323613492e-09,1.200250798108796e-09,1.0097467019578181,1.1585565747447035e-11,5,0.99099949545900379,0.68737377106119113,0.49184722176103285,NONE,0,0,0,0,True,500,"Synthetic mechanism check — not empirical SPY evidence, trading evidence, or an exact paper replication."
160,u_shaped_periodicity,5,QLIKE,0.023073994093564615,0.023062088177293022,0.99948401147095234,-1.1905916271596428e-05,5,0.99099949545900379,-0.035320686258032107,0.97182402837254978,NONE,0,0,0,0,True,500,"Synthetic mechanism check — not empirical SPY evidence, trading evidence, or an exact paper replication."
160,u_shaped_periodicity,22,MSE,1.0349347736783806e-09,1.0395869538075568e-09,1.004495143314821,4.6521801291763216e-12,21,0.95699947753381764,0.18547916689800817,0.85285321916309653,NONE,0,0,0,0,True,500,"Synthetic mechanism check — not empirical SPY evidence, trading evidence, or an exact paper replication."
160,u_shaped_periodicity,22,QLIKE,0.022395936419077341,0.022354675638770104,0.99815766666170347,-4.1260780307235569e-05,21,0.95699947753381764,-0.082074021093165514,0.93458785157573809,NONE,0,0,0,0,True,500,"Synthetic mechanism check — not empirical SPY evidence, trading evidence, or an exact paper replication."
161,no_periodicity,1,MSE,2.1008217129449046e-09,2.1012244513570523e-09,1.0001917051835794,4.0273841214809847e-13,5,0.99899949949937417,0.21046966697922975,0.83330112367766795,NONE,0,0,0,0,True,500,"Synthetic mechanism check — not empirical SPY evidence, trading evidence, or an exact paper replication."
161,no_periodicity,1,QLIKE,0.051807985389889455,0.051845731469388527,1.0007285764774485,3.7746079499078708e-05,5,0.99899949949937417,0.92295949323140225,0.35602831491425785,NONE,0,0,0,0,True,500,"Synthetic mechanism check — not empirical SPY evidence, trading evidence, or an exact paper replication."
161,no_periodicity,5,MSE,8.1398529138570052e-10,8.1450061372936463e-10,1.0006330855718373,5.1532234366411883e-13,5,0.99099949545900379,0.3621716739595553,0.71722374565766478,NONE,0,0,0,0,True,500,"Synthetic mechanism check — not empirical SPY evidence, trading evidence, or an exact paper replication."
161,no_periodicity,5,QLIKE,0.021933480741926765,0.021972022875291021,1.0017572283130867,3.854213336425305e-05,5,0.99099949545900379,1.5497925968752815,0.12119130448968291,NONE,0,0,0,0,True,500,"Synthetic mechanism check — not empirical SPY evidence, trading evidence, or an exact paper replication."
161,no_periodicity,22,MSE,7.6245414349016113e-10,7.6215681874645698e-10,0.99961004245797247,-2.9732474370425869e-13,21,0.95699947753381764,-0.1208206504934472,0.90383309319788396,NONE,0,0,0,0,True,500,"Synthetic mechanism check — not empirical SPY evidence, trading evidence, or an exact paper replication."
161,no_periodicity,22,QLIKE,0.019434787162139432,0.019452760789868163,1.0009248173174619,1.797362772873301e-05,21,0.95699947753381764,0.48587665590957074,0.627054620432411,NONE,0,0,0,0,True,500,"Synthetic mechanism check — not empirical SPY evidence, trading evidence, or an exact paper replication."
161,u_shaped_periodicity,1,MSE,2.0757609965419005e-09,2.0939185548602797e-09,1.0087474224386279,1.8157558318379479e-11,5,0.99899949949937417,1.3034927962433216,0.19240657416151705,NONE,0,0,0,0,True,500,"Synthetic mechanism check — not empirical SPY evidence, trading evidence, or an exact paper replication."
161,u_shaped_periodicity,1,QLIKE,0.052549864281347572,0.052576686524205114,1.0005104150738418,2.6822242857534208e-05,5,0.99899949949937417,0.081662967928349386,0.93491472727566349,NONE,0,0,0,0,True,500,"Synthetic mechanism check — not empirical SPY evidence, trading evidence, or an exact paper replication."
161,u_shaped_periodicity,5,MSE,8.3010081890325331e-10,8.3382074977345493e-10,1.0044813000848698,3.7199308702016343e-12,5,0.99099949545900379,0.33557098793832241,0.73719440484595089,NONE,0,0,0,0,True,500,"Synthetic mechanism check — not empirical SPY evidence, trading evidence, or an exact paper replication."
161,u_shaped_periodicity,5,QLIKE,0.022281875763014214,0.02226951347573309,0.99944518641910551,-1.2362287281126427e-05,5,0.99099949545900379,-0.047599147514114343,0.96203571144636246,NONE,0,0,0,0,True,500,"Synthetic mechanism check — not empirical SPY evidence, trading evidence, or an exact paper replication."
161,u_shaped_periodicity,22,MSE,7.6837939966242429e-10,7.7392144160970811e-10,1.0072126373373864,5.5420419472838818e-12,21,0.95699947753381764,0.39702036829275766,0.69135244065370149,NONE,0,0,0,0,True,500,"Synthetic mechanism check — not empirical SPY evidence, trading evidence, or an exact paper replication."
161,u_shaped_periodicity,22,QLIKE,0.019436091860587486,0.019521638060741822,1.0044014095409688,8.5546200154337004e-05,21,0.95699947753381764,0.22659782319283067,0.8207364851095712,NONE,0,0,0,0,True,500,"Synthetic mechanism check — not empirical SPY evidence, trading evidence, or an exact paper replication."
162,no_periodicity,1,MSE,2.5671293857568087e-09,2.5658818919884468e-09,0.99951405107382463,-1.2474937683625353e-12,5,0.99899949949937417,-0.5020323859025202,0.61564474009560621,NONE,0,0,0,0,True,500,"Synthetic mechanism check — not empirical SPY evidence, trading evidence, or an exact paper replication."
162,no_periodicity,1,QLIKE,0.052045471248821286,0.052030819213228288,0.99971847626236399,-1.4652035592988444e-05,5,0.99899949949937417,-0.29355994432038435,0.76909418754868275,NONE,0,0,0,0,True,500,"Synthetic mechanism check — not empirical SPY evidence, trading evidence, or an exact paper replication."
162,no_periodicity,5,MSE,9.7351133037323424e-10,9.7457554015262655e-10,1.0010931663003699,1.064209779392324e-12,5,0.99099949545900379,0.64601708113802059,0.51826829336532887,NONE,0,0,0,0,True,500,"Synthetic mechanism check — not empirical SPY evidence, trading evidence, or an exact paper replication."
162,no_periodicity,5,QLIKE,0.020756307208931131,0.020780721248714575,1.0011762227036676,2.4414039783444253e-05,5,0.99099949545900379,0.73159919652617655,0.46441323879427637,NONE,0,0,0,0,True,500,"Synthetic mechanism check — not empirical SPY evidence, trading evidence, or an exact paper replication."
162,no_periodicity,22,MSE,5.7244724365466854e-10,5.7345160279633784e-10,1.0017545007907753,1.0043591416693212e-12,21,0.95699947753381764,0.45223763488014301,0.6510977985587223,NONE,0,0,0,0,True,500,"Synthetic mechanism check — not empirical SPY evidence, trading evidence, or an exact paper replication."
162,no_periodicity,22,QLIKE,0.012867541268933576,0.012894812067346814,1.0021193480435209,2.7270798413236984e-05,21,0.95699947753381764,0.61091217359501371,0.54125772515782522,NONE,0,0,0,0,True,500,"Synthetic mechanism check — not empirical SPY evidence, trading evidence, or an exact paper replication."
162,u_shaped_periodicity,1,MSE,2.7075483576576507e-09,2.6890597601514791e-09,0.993171461756581,-1.8488597506171346e-11,5,0.99899949949937417,-1.0513535600235084,0.29309623641208304,NONE,0,0,0,0,True,500,"Synthetic mechanism check — not empirical SPY evidence, trading evidence, or an exact paper replication."
162,u_shaped_periodicity,1,QLIKE,0.054821502215064849,0.054493225266456183,0.99401189432349313,-0.00032827694860866299,5,0.99899949949937417,-1.0027568312938813,0.31597820193571929,NONE,0,0,0,0,True,500,"Synthetic mechanism check — not empirical SPY evidence, trading evidence, or an exact paper replication."
162,u_shaped_periodicity,5,MSE,9.9694623457639216e-10,9.8722282063961573e-10,0.99024680208466009,-9.7234139367763704e-12,5,0.99099949545900379,-0.79607855936590799,0.4259863753434705,NONE,0,0,0,0,True,500,"Synthetic mechanism check — not empirical SPY evidence, trading evidence, or an exact paper replication."
162,u_shaped_periodicity,5,QLIKE,0.021168142418136214,0.021055176556512033,0.99466340222997573,-0.00011296586162417732,5,0.99099949545900379,-0.45491337460916098,0.64917156048248215,NONE,0,0,0,0,True,500,"Synthetic mechanism check — not empirical SPY evidence, trading evidence, or an exact paper replication."
162,u_shaped_periodicity,22,MSE,5.6695650743596906e-10,5.7275207059098449e-10,1.0102222358840638,5.7955631550153631e-12,21,0.95699947753381764,0.42875700495342162,0.66810007104718827,NONE,0,0,0,0,True,500,"Synthetic mechanism check — not empirical SPY evidence, trading evidence, or an exact paper replication."
162,u_shaped_periodicity,22,QLIKE,0.012598172094888236,0.012735858424192172,1.0109290719532085,0.0001376863293039352,21,0.95699947753381764,0.42829404498088619,0.66843705394314679,NONE,0,0,0,0,True,500,"Synthetic mechanism check — not empirical SPY evidence, trading evidence, or an exact paper replication."
163,no_periodicity,1,MSE,9.799206118609077e-10,9.7824185287045848e-10,0.99828684184195171,-1.6787589904492616e-12,5,0.99899949949937417,-1.6271438585931239,0.10370654799648482,NONE,0,0,0,0,True,500,"Synthetic mechanism check — not empirical SPY evidence, trading evidence, or an exact paper replication."
163,no_periodicity,1,QLIKE,0.047102803282978389,0.047016183378038381,0.99816104565115538,-8.6619904940012484e-05,5,0.99899949949937417,-1.8184497222430076,0.068995424617195336,NONE,0,0,0,0,True,500,"Synthetic mechanism check — not empirical SPY evidence, trading evidence, or an exact paper replication."
163,no_periodicity,5,MSE,3.3941091985034797e-10,3.3874820274841702e-10,0.99804744908554166,-6.6271710193100111e-13,5,0.99099949545900379,-1.0959229477904517,0.27311249565357965,NONE,0,0,0,0,True,500,"Synthetic mechanism check — not empirical SPY evidence, trading evidence, or an exact paper replication."
163,no_periodicity,5,QLIKE,0.018511558560295079,0.018478072530209815,0.99819107451292155,-3.3486030085263962e-05,5,0.99099949545900379,-1.2163954467432163,0.22383431764201545,NONE,0,0,0,0,True,500,"Synthetic mechanism check — not empirical SPY evidence, trading evidence, or an exact paper replication."
163,no_periodicity,22,MSE,2.0119085621493421e-10,2.0095821047838754e-10,0.9988436565114166,-2.326457365467027e-13,21,0.95699947753381764,-0.51068934544586997,0.60956860249429501,NONE,0,0,0,0,True,500,"Synthetic mechanism check — not empirical SPY evidence, trading evidence, or an exact paper replication."
163,no_periodicity,22,QLIKE,0.011136003448014771,0.011131504661646372,0.99959601428022171,-4.4987863684005091e-06,21,0.95699947753381764,-0.19547820365452612,0.84501859949555502,NONE,0,0,0,0,True,500,"Synthetic mechanism check — not empirical SPY evidence, trading evidence, or an exact paper replication."
163,u_shaped_periodicity,1,MSE,1.0006253899142898e-09,9.9834372332405664e-10,0.99771975944920943,-2.2816665902329744e-12,5,0.99899949949937417,-0.31791951629569304,0.7505459881899037,NONE,0,0,0,0,True,500,"Synthetic mechanism check — not empirical SPY evidence, trading evidence, or an exact paper replication."
163,u_shaped_periodicity,1,QLIKE,0.048925891919887748,0.048698805813761334,0.99535856992656879,-0.00022708610612641068,5,0.99899949949937417,-0.68624677278135704,0.49255750756675315,NONE,0,0,0,0,True,500,"Synthetic mechanism check — not empirical SPY evidence, trading evidence, or an exact paper replication."
163,u_shaped_periodicity,5,MSE,3.3716081153068546e-10,3.3655644226950519e-10,0.99820747477016536,-6.043692611803483e-13,5,0.99099949545900379,-0.1492012223820163,0.88139485546894847,NONE,0,0,0,0,True,500,"Synthetic mechanism check — not empirical SPY evidence, trading evidence, or an exact paper replication."
163,u_shaped_periodicity,5,QLIKE,0.018602456007977077,0.018630780902287602,1.0015226427251529,2.832489431052254e-05,5,0.99099949545900379,0.14624028694990535,0.88373170302338444,NONE,0,0,0,0,True,500,"Synthetic mechanism check — not empirical SPY evidence, trading evidence, or an exact paper replication."
163,u_shaped_periodicity,22,MSE,1.9654321622860682e-10,1.951404222698645e-10,0.99286266915918042,-1.4027939587423243e-12,21,0.95699947753381764,-0.45182459966503136,0.65139534652171915,NONE,0,0,0,0,True,500,"Synthetic mechanism check — not empirical SPY evidence, trading evidence, or an exact paper replication."
163,u_shaped_periodicity,22,QLIKE,0.010992848192588719,0.010962663924171768,0.99725419037103591,-3.0184268416950654e-05,21,0.95699947753381764,-0.20160825335355401,0.84022299247897858,NONE,0,0,0,0,True,500,"Synthetic mechanism check — not empirical SPY evidence, trading evidence, or an exact paper replication."
164,no_periodicity,1,MSE,1.6629846666175058e-09,1.66163155826992e-09,0.99918633744811491,-1.3531083475859634e-12,5,0.99899949949937417,-1.1124796931275183,0.26593195654078966,NONE,0,0,0,0,True,500,"Synthetic mechanism check — not empirical SPY evidence, trading evidence, or an exact paper replication."
164,no_periodicity,1,QLIKE,0.046883135882003192,0.046859707969039474,0.99950029125563011,-2.342791296371205e-05,5,0.99899949949937417,-0.66209191635230724,0.50791231614862231,NONE,0,0,0,0,True,500,"Synthetic mechanism check — not empirical SPY evidence, trading evidence, or an exact paper replication."
164,no_periodicity,5,MSE,7.7952907625056599e-10,7.7972160770720228e-10,1.0002469843172013,1.9253145663630962e-13,5,0.99099949545900379,0.1921920675181828,0.84759175928143959,NONE,0,0,0,0,True,500,"Synthetic mechanism check — not empirical SPY evidence, trading evidence, or an exact paper replication."
164,no_periodicity,5,QLIKE,0.021869706403267547,0.021888362406653542,1.0008530523017543,1.8656003385995933e-05,5,0.99099949545900379,0.58005077450721032,0.56188037801033575,NONE,0,0,0,0,True,500,"Synthetic mechanism check — not empirical SPY evidence, trading evidence, or an exact paper replication."
164,no_periodicity,22,MSE,6.5727063375537781e-10,6.5694911390391556e-10,0.99951082577716088,-3.2151985146233263e-13,21,0.95699947753381764,-0.30562427603755798,0.75989073474602797,NONE,0,0,0,0,True,500,"Synthetic mechanism check — not empirical SPY evidence, trading evidence, or an exact paper replication."
164,no_periodicity,22,QLIKE,0.019442232712171197,0.019435800497142674,0.99966916273847006,-6.4322150285223143e-06,21,0.95699947753381764,-0.17470814089543563,0.86130897065359879,NONE,0,0,0,0,True,500,"Synthetic mechanism check — not empirical SPY evidence, trading evidence, or an exact paper replication."
164,u_shaped_periodicity,1,MSE,1.8280377253539648e-09,1.8125940468753661e-09,0.99155177255676807,-1.54436784785987e-11,5,0.99899949949937417,-1.5573156172741762,0.11939556931711989,NONE,0,0,0,0,True,500,"Synthetic mechanism check — not empirical SPY evidence, trading evidence, or an exact paper replication."
164,u_shaped_periodicity,1,QLIKE,0.050757975701276513,0.050404961904977161,0.99304515612724731,-0.00035301379629934759,5,0.99899949949937417,-1.3284693961763125,0.1840230872334217,NONE,0,0,0,0,True,500,"Synthetic mechanism check — not empirical SPY evidence, trading evidence, or an exact paper replication."
164,u_shaped_periodicity,5,MSE,8.2375003369486484e-10,8.0640854487708286e-10,0.97894811762252909,-1.7341488817781826e-11,5,0.99099949545900379,-1.7121738983716053,0.086864626098323836,NONE,0,0,0,0,True,500,"Synthetic mechanism check — not empirical SPY evidence, trading evidence, or an exact paper replication."
164,u_shaped_periodicity,5,QLIKE,0.02304588762803483,0.02270089677954366,0.98503026422503703,-0.00034499084849116724,5,0.99099949545900379,-1.3775731082440785,0.16833512842944268,NONE,0,0,0,0,True,500,"Synthetic mechanism check — not empirical SPY evidence, trading evidence, or an exact paper replication."
164,u_shaped_periodicity,22,MSE,6.738676256777968e-10,6.5915618702964985e-10,0.97816865199103498,-1.4711438648146991e-11,21,0.95699947753381764,-1.4455325737365883,0.14830835030518527,NONE,0,0,0,0,True,500,"Synthetic mechanism check — not empirical SPY evidence, trading evidence, or an exact paper replication."
164,u_shaped_periodicity,22,QLIKE,0.019814868033058226,0.019433043655316704,0.98073041026039121,-0.0003818243777415202,21,0.95699947753381764,-1.2721643274809757,0.20331473926706303,NONE,0,0,0,0,True,500,"Synthetic mechanism check — not empirical SPY evidence, trading evidence, or an exact paper replication."
165,no_periodicity,1,MSE,6.4843993247545295e-10,6.4817872802735886e-10,0.99959718019355015,-2.6120444809408316e-13,5,0.99899949949937417,-0.37679825621640428,0.7063235367343017,NONE,0,0,0,0,True,500,"Synthetic mechanism check — not empirical SPY evidence, trading evidence, or an exact paper replication."
165,no_periodicity,1,QLIKE,0.045274526125577197,0.045246349268949271,0.99937764436120713,-2.817685662792524e-05,5,0.99899949949937417,-0.59079108494868149,0.55466040908068037,NONE,0,0,0,0,True,500,"Synthetic mechanism check — not empirical SPY evidence, trading evidence, or an exact paper replication."
165,no_periodicity,5,MSE,2.7984800936722616e-10,2.7928930936594859e-10,0.99800355913718708,-5.5870000127755686e-13,5,0.99099949545900379,-1.019070003529374,0.30816973370065609,NONE,0,0,0,0,True,500,"Synthetic mechanism check — not empirical SPY evidence, trading evidence, or an exact paper replication."
165,no_periodicity,5,QLIKE,0.020428130767298377,0.020397574524576498,0.99850420760127534,-3.0556242721879735e-05,5,0.99099949545900379,-0.87054133022479863,0.38400464293439229,NONE,0,0,0,0,True,500,"Synthetic mechanism check — not empirical SPY evidence, trading evidence, or an exact paper replication."
165,no_periodicity,22,MSE,1.9482906843137212e-10,1.9482512596741266e-10,0.99997976449822812,-3.9424639595051813e-15,21,0.95699947753381764,-0.012178865054239053,0.99028291181983397,NONE,0,0,0,0,True,500,"Synthetic mechanism check — not empirical SPY evidence, trading evidence, or an exact paper replication."
165,no_periodicity,22,QLIKE,0.013780831443835205,0.013775173442807709,0.99958942963270714,-5.6580010274940306e-06,21,0.95699947753381764,-0.18228651647984812,0.85535787970011878,NONE,0,0,0,0,True,500,"Synthetic mechanism check — not empirical SPY evidence, trading evidence, or an exact paper replication."
165,u_shaped_periodicity,1,MSE,6.7333291674091229e-10,6.6411020372937115e-10,0.98630289299358598,-9.2227130115410764e-12,5,0.99899949949937417,-1.5032662468717899,0.13277040038468713,NONE,0,0,0,0,True,500,"Synthetic mechanism check — not empirical SPY evidence, trading evidence, or an exact paper replication."
165,u_shaped_periodicity,1,QLIKE,0.04718251504647758,0.046616112281263201,0.9879954944187177,-0.0005664027652143857,5,0.99899949949937417,-1.5384715957100636,0.12393334837423418,NONE,0,0,0,0,True,500,"Synthetic mechanism check — not empirical SPY evidence, trading evidence, or an exact paper replication."
165,u_shaped_periodicity,5,MSE,2.8169882116431134e-10,2.8064565724904571e-10,0.99626138330677871,-1.0531639152656598e-12,5,0.99099949545900379,-0.27609468454665531,0.78247534318360912,NONE,0,0,0,0,True,500,"Synthetic mechanism check — not empirical SPY evidence, trading evidence, or an exact paper replication."
165,u_shaped_periodicity,5,QLIKE,0.020672909931975993,0.020627763400733159,0.99781615015054059,-4.5146531242835405e-05,5,0.99099949545900379,-0.18801055726751933,0.85086837525988024,NONE,0,0,0,0,True,500,"Synthetic mechanism check — not empirical SPY evidence, trading evidence, or an exact paper replication."
165,u_shaped_periodicity,22,MSE,2.0203410046322659e-10,1.9569704282362409e-10,0.96863372259894343,-6.3370576396025008e-12,21,0.95699947753381764,-1.3492691572063846,0.17725052853871628,NONE,0,0,0,0,True,500,"Synthetic mechanism check — not empirical SPY evidence, trading evidence, or an exact paper replication."
165,u_shaped_periodicity,22,QLIKE,0.014077573968638363,0.013719733492415988,0.97458081363880145,-0.0003578404762223748,21,0.95699947753381764,-1.2237412812915338,0.22104984147777856,NONE,0,0,0,0,True,500,"Synthetic mechanism check — not empirical SPY evidence, trading evidence, or an exact paper replication."
166,no_periodicity,1,MSE,1.0404287700800872e-09,1.0384752754599317e-09,0.99812241387749678,-1.9534946201553738e-12,5,0.99899949949937417,-1.8324535199148893,0.066883880584449384,NONE,0,0,0,0,True,500,"Synthetic mechanism check — not empirical SPY evidence, trading evidence, or an exact paper replication."
166,no_periodicity,1,QLIKE,0.046996336879507557,0.046931551457204193,0.99862147931934642,-6.478542230336659e-05,5,0.99899949949937417,-1.4445283113806262,0.14859042186020485,NONE,0,0,0,0,True,500,"Synthetic mechanism check — not empirical SPY evidence, trading evidence, or an exact paper replication."
166,no_periodicity,5,MSE,4.3768082111012375e-10,4.3655067790598079e-10,0.99741788273638199,-1.1301432041429742e-12,5,0.99099949545900379,-1.320637897409749,0.18662213022928875,NONE,0,0,0,0,True,500,"Synthetic mechanism check — not empirical SPY evidence, trading evidence, or an exact paper replication."
166,no_periodicity,5,QLIKE,0.021704580470424655,0.021667653286540231,0.99829864558152859,-3.6927183884428952e-05,5,0.99099949545900379,-1.0485982899453645,0.29436304324313006,NONE,0,0,0,0,True,500,"Synthetic mechanism check — not empirical SPY evidence, trading evidence, or an exact paper replication."
166,no_periodicity,22,MSE,3.9451804244787182e-10,3.93375961116937e-10,0.99710512268628193,-1.1420813309348346e-12,21,0.95699947753381764,-1.5228535436112023,0.12779535066008446,NONE,0,0,0,0,True,500,"Synthetic mechanism check — not empirical SPY evidence, trading evidence, or an exact paper replication."
166,no_periodicity,22,QLIKE,0.023068509892823587,0.023012722482364474,0.99758166389080605,-5.5787410459114281e-05,21,0.95699947753381764,-1.9354761903746402,0.052931887666279251,NONE,0,0,0,0,True,500,"Synthetic mechanism check — not empirical SPY evidence, trading evidence, or an exact paper replication."
166,u_shaped_periodicity,1,MSE,1.1301080675187831e-09,1.1169990737042998e-09,0.98840022986185316,-1.3108993814482974e-11,5,0.99899949949937417,-1.5598803354168129,0.11878816231607851,NONE,0,0,0,0,True,500,"Synthetic mechanism check — not empirical SPY evidence, trading evidence, or an exact paper replication."
166,u_shaped_periodicity,1,QLIKE,0.051026322805112531,0.050237906378359669,0.98454882924321041,-0.00078841642675286125,5,0.99899949949937417,-2.2365772133427302,0.025313985588375047,HARP,0,0,0,0,True,500,"Synthetic mechanism check — not empirical SPY evidence, trading evidence, or an exact paper replication."
166,u_shaped_periodicity,5,MSE,4.5386196339997041e-10,4.4403731338356845e-10,0.97835322012269199,-9.8246500164020066e-12,5,0.99099949545900379,-1.3130587256480901,0.18916316044112144,NONE,0,0,0,0,True,500,"Synthetic mechanism check — not empirical SPY evidence, trading evidence, or an exact paper replication."
166,u_shaped_periodicity,5,QLIKE,0.022891441152090436,0.022114099114563471,0.96604224118689974,-0.00077734203752696503,5,0.99099949545900379,-2.2316292542900413,0.025639476502298777,HARP,0,0,0,0,True,500,"Synthetic mechanism check — not empirical SPY evidence, trading evidence, or an exact paper replication."
166,u_shaped_periodicity,22,MSE,4.1248683673852494e-10,4.1004841354203008e-10,0.99408848239673508,-2.4384231964948374e-12,21,0.95699947753381764,-0.24447562187015348,0.80686248017317608,NONE,0,0,0,0,True,500,"Synthetic mechanism check — not empirical SPY evidence, trading evidence, or an exact paper replication."
166,u_shaped_periodicity,22,QLIKE,0.023889595652321988,0.023555893304728792,0.98603147778431488,-0.00033370234759319442,21,0.95699947753381764,-0.66026658518131842,0.50908276932320795,NONE,0,0,0,0,True,500,"Synthetic mechanism check — not empirical SPY evidence, trading evidence, or an exact paper replication."
167,no_periodicity,1,MSE,1.1308578773832845e-09,1.1310935122620162e-09,1.0002083682516116,2.3563487873155852e-13,5,0.99899949949937417,0.20638749123458705,0.83648824105217401,NONE,0,0,0,0,True,500,"Synthetic mechanism check — not empirical SPY evidence, trading evidence, or an exact paper replication."
167,no_periodicity,1,QLIKE,0.045414249271925493,0.045482228669349069,1.0014968737458707,6.7979397423573835e-05,5,0.99899949949937417,1.561133211013801,0.11849232351576727,NONE,0,0,0,0,True,500,"Synthetic mechanism check — not empirical SPY evidence, trading evidence, or an exact paper replication."
167,no_periodicity,5,MSE,4.5721816501568437e-10,4.5701843141521413e-10,0.9995631547131042,-1.9973360047023951e-13,5,0.99099949545900379,-0.19419371342586678,0.84602420513495269,NONE,0,0,0,0,True,500,"Synthetic mechanism check — not empirical SPY evidence, trading evidence, or an exact paper replication."
167,no_periodicity,5,QLIKE,0.019904586486060537,0.019941805065315368,1.0018698494078686,3.7218579254828296e-05,5,0.99099949545900379,1.0515849335606373,0.29299002322136514,NONE,0,0,0,0,True,500,"Synthetic mechanism check — not empirical SPY evidence, trading evidence, or an exact paper replication."
167,no_periodicity,22,MSE,4.2921889553019603e-10,4.294969361904495e-10,1.0006477828985372,2.7804066025354227e-13,21,0.95699947753381764,0.21988274065173308,0.8259624783432441,NONE,0,0,0,0,True,500,"Synthetic mechanism check — not empirical SPY evidence, trading evidence, or an exact paper replication."
167,no_periodicity,22,QLIKE,0.017264998773964507,0.017316236833327545,1.0029677418477609,5.1238059363036825e-05,21,0.95699947753381764,1.0318977595603154,0.30212001564404684,NONE,0,0,0,0,True,500,"Synthetic mechanism check — not empirical SPY evidence, trading evidence, or an exact paper replication."
167,u_shaped_periodicity,1,MSE,1.2251389212918891e-09,1.2149253925309284e-09,0.99166337091781342,-1.0213528760960745e-11,5,0.99899949949937417,-1.1472551283986898,0.25127619328986722,NONE,0,0,0,0,True,500,"Synthetic mechanism check — not empirical SPY evidence, trading evidence, or an exact paper replication."
167,u_shaped_periodicity,1,QLIKE,0.047740255938103417,0.047366910592720482,0.9921796534591899,-0.00037334534538294764,5,0.99899949949937417,-1.1344896712564927,0.2565892038811482,NONE,0,0,0,0,True,500,"Synthetic mechanism check — not empirical SPY evidence, trading evidence, or an exact paper replication."
167,u_shaped_periodicity,5,MSE,5.013086288705071e-10,4.8972711751430883e-10,0.97689744263470502,-1.1581511356198225e-11,5,0.99099949545900379,-1.4106096926851697,0.15835973204594597,NONE,0,0,0,0,True,500,"Synthetic mechanism check — not empirical SPY evidence, trading evidence, or an exact paper replication."
167,u_shaped_periodicity,5,QLIKE,0.020732405864373301,0.020709789970601584,0.99890915246789669,-2.2615893771721129e-05,5,0.99099949545900379,-0.081453103792718223,0.9350816186482267,NONE,0,0,0,0,True,500,"Synthetic mechanism check — not empirical SPY evidence, trading evidence, or an exact paper replication."
167,u_shaped_periodicity,22,MSE,4.6609435734058918e-10,4.4469497521237699e-10,0.95408787557456953,-2.1399382128212165e-11,21,0.95699947753381764,-1.3898431283565351,0.1645765184434459,NONE,0,0,0,0,True,500,"Synthetic mechanism check — not empirical SPY evidence, trading evidence, or an exact paper replication."
167,u_shaped_periodicity,22,QLIKE,0.018464951554498128,0.01806327263160859,0.97824641339003737,-0.00040167892288953675,21,0.95699947753381764,-0.86000837676412012,0.38978442494216209,NONE,0,0,0,0,True,500,"Synthetic mechanism check — not empirical SPY evidence, trading evidence, or an exact paper replication."
168,no_periodicity,1,MSE,1.004389461840228e-09,1.006516473653519e-09,1.002117716178935,2.1270118132910307e-12,5,0.99899949949937417,2.8440405498556212,0.0044545378416809972,HAR,0,0,0,0,True,500,"Synthetic mechanism check — not empirical SPY evidence, trading evidence, or an exact paper replication."
168,no_periodicity,1,QLIKE,0.044664514369938103,0.044766902793590198,1.0022923886019235,0.0001023884236521,5,0.99899949949937417,2.7958667328684146,0.0051760739244741455,HAR,0,0,0,0,True,500,"Synthetic mechanism check — not empirical SPY evidence, trading evidence, or an exact paper replication."
168,no_periodicity,5,MSE,3.9654765233818706e-10,3.9870541452139687e-10,1.0054413692036426,2.1577621832098475e-12,5,0.99099949545900379,3.1193450236280484,0.0018125358213407316,HAR,0,0,0,0,True,500,"Synthetic mechanism check — not empirical SPY evidence, trading evidence, or an exact paper replication."
168,no_periodicity,5,QLIKE,0.019820482979167893,0.019913156576675417,1.0046756477934937,9.2673597507528791e-05,5,0.99099949545900379,2.8554078513310239,0.0042981593656534374,HAR,0,0,0,0,True,500,"Synthetic mechanism check — not empirical SPY evidence, trading evidence, or an exact paper replication."
168,no_periodicity,22,MSE,3.2913505141462261e-10,3.3093728501794232e-10,1.0054756659783688,1.8022336033196638e-12,21,0.95699947753381764,1.926740137091854,0.054012023142396809,NONE,0,0,0,0,True,500,"Synthetic mechanism check — not empirical SPY evidence, trading evidence, or an exact paper replication."
168,no_periodicity,22,QLIKE,0.018010038518787332,0.01810612431487486,1.0053351244078292,9.6085796087525652e-05,21,0.95699947753381764,1.7952427330899339,0.072615034706794396,NONE,0,0,0,0,True,500,"Synthetic mechanism check — not empirical SPY evidence, trading evidence, or an exact paper replication."
168,u_shaped_periodicity,1,MSE,1.1082352174949351e-09,1.0989272479793417e-09,0.99160108849759054,-9.3079695155933729e-12,5,0.99899949949937417,-0.99614050219330952,0.31918188314405288,NONE,0,0,0,0,True,500,"Synthetic mechanism check — not empirical SPY evidence, trading evidence, or an exact paper replication."
168,u_shaped_periodicity,1,QLIKE,0.048007278978833251,0.047366330247485974,0.98664892605911125,-0.0006409487313472702,5,0.99899949949937417,-1.7618655717205967,0.078092012717299805,NONE,0,0,0,0,True,500,"Synthetic mechanism check — not empirical SPY evidence, trading evidence, or an exact paper replication."
168,u_shaped_periodicity,5,MSE,4.1826095472287002e-10,4.1578716602641751e-10,0.99408553758480378,-2.4737886964524447e-12,5,0.99099949545900379,-0.45307208864516046,0.6504968329259444,NONE,0,0,0,0,True,500,"Synthetic mechanism check — not empirical SPY evidence, trading evidence, or an exact paper replication."
168,u_shaped_periodicity,5,QLIKE,0.020761544268292853,0.020391055609073568,0.98215505289820382,-0.00037048865921927778,5,0.99099949545900379,-1.4203293867216598,0.15551180969432024,NONE,0,0,0,0,True,500,"Synthetic mechanism check — not empirical SPY evidence, trading evidence, or an exact paper replication."
168,u_shaped_periodicity,22,MSE,3.2936060300255475e-10,3.2800027501588899e-10,0.99586979142537213,-1.3603279866657548e-12,21,0.95699947753381764,-0.29318693921842665,0.76937926666749523,NONE,0,0,0,0,True,500,"Synthetic mechanism check — not empirical SPY evidence, trading evidence, or an exact paper replication."
168,u_shaped_periodicity,22,QLIKE,0.017990948733195584,0.017748039296016583,0.98649824193368962,-0.00024290943717899928,21,0.95699947753381764,-0.91865090611797617,0.35827819620753326,NONE,0,0,0,0,True,500,"Synthetic mechanism check — not empirical SPY evidence, trading evidence, or an exact paper replication."
169,no_periodicity,1,MSE,1.1172479132063366e-09,1.1171120772904089e-09,0.99987841918134546,-1.358359159277249e-13,5,0.99899949949937417,-0.13459061169882774,0.89293556484359982,NONE,0,0,0,0,True,500,"Synthetic mechanism check — not empirical SPY evidence, trading evidence, or an exact paper replication."
169,no_periodicity,1,QLIKE,0.04883918080500247,0.048859035556424769,1.0004065332606944,1.9854751422296869e-05,5,0.99899949949937417,0.47784369443201019,0.63276145914830062,NONE,0,0,0,0,True,500,"Synthetic mechanism check — not empirical SPY evidence, trading evidence, or an exact paper replication."
169,no_periodicity,5,MSE,4.706918945011519e-10,4.7002985330499738e-10,0.99859347228221096,-6.6204119615460208e-13,5,0.99099949545900379,-0.96174015739227503,0.33618014498276894,NONE,0,0,0,0,True,500,"Synthetic mechanism check — not empirical SPY evidence, trading evidence, or an exact paper replication."
169,no_periodicity,5,QLIKE,0.021642651887001436,0.021621313349186023,0.99901405160851708,-2.1338537815407844e-05,5,0.99099949545900379,-0.77398976072451187,0.43893684638461322,NONE,0,0,0,0,True,500,"Synthetic mechanism check — not empirical SPY evidence, trading evidence, or an exact paper replication."
169,no_periodicity,22,MSE,3.123900152011054e-10,3.1254862205240165e-10,1.0005077206171078,1.5860685129626716e-13,21,0.95699947753381764,0.24938133759709072,0.80306581965672141,NONE,0,0,0,0,True,500,"Synthetic mechanism check — not empirical SPY evidence, trading evidence, or an exact paper replication."
169,no_periodicity,22,QLIKE,0.015576481012543247,0.015577747953524771,1.0000813367910573,1.2669409815231347e-06,21,0.95699947753381764,0.043462892378780302,0.96533254415025271,NONE,0,0,0,0,True,500,"Synthetic mechanism check — not empirical SPY evidence, trading evidence, or an exact paper replication."
169,u_shaped_periodicity,1,MSE,1.1896500435404458e-09,1.1829902534527531e-09,0.99440189144374524,-6.6597900876926861e-12,5,0.99899949949937417,-0.77427636037088088,0.43876738011125621,NONE,0,0,0,0,True,500,"Synthetic mechanism check — not empirical SPY evidence, trading evidence, or an exact paper replication."
169,u_shaped_periodicity,1,QLIKE,0.051309581488195651,0.050991500183746354,0.99380074256652284,-0.00031808130444928561,5,0.99899949949937417,-0.9639414958219048,0.33507525810527572,NONE,0,0,0,0,True,500,"Synthetic mechanism check — not empirical SPY evidence, trading evidence, or an exact paper replication."
169,u_shaped_periodicity,5,MSE,4.9510701581048325e-10,4.9244054007981552e-10,0.99461434468606202,-2.6664757306676769e-12,5,0.99099949545900379,-0.52153242040512215,0.60199592687554215,NONE,0,0,0,0,True,500,"Synthetic mechanism check — not empirical SPY evidence, trading evidence, or an exact paper replication."
169,u_shaped_periodicity,5,QLIKE,0.022360131490992932,0.022317959675015629,0.9981139728094045,-4.2171815977299245e-05,5,0.99099949545900379,-0.19794155150842699,0.84309079390314912,NONE,0,0,0,0,True,500,"Synthetic mechanism check — not empirical SPY evidence, trading evidence, or an exact paper replication."
169,u_shaped_periodicity,22,MSE,3.2002408743668114e-10,3.2113637401744341e-10,1.0034756339426554,1.1122865807622821e-12,21,0.95699947753381764,0.26500225825234036,0.7910077221594678,NONE,0,0,0,0,True,500,"Synthetic mechanism check — not empirical SPY evidence, trading evidence, or an exact paper replication."
169,u_shaped_periodicity,22,QLIKE,0.01593019153027779,0.01603148534235126,1.0063586060394154,0.00010129381207347033,21,0.95699947753381764,0.4834825292665661,0.628753161720363,NONE,0,0,0,0,True,500,"Synthetic mechanism check — not empirical SPY evidence, trading evidence, or an exact paper replication."
170,no_periodicity,1,MSE,1.3295205787490145e-09,1.3292647172424186e-09,0.9998075535567591,-2.5586150659588655e-13,5,0.99899949949937417,-0.23299479612183591,0.81576544667417195,NONE,0,0,0,0,True,500,"Synthetic mechanism check — not empirical SPY evidence, trading evidence, or an exact paper replication."
170,no_periodicity,1,QLIKE,0.050883293951568424,0.050867221843156618,0.99968413781491616,-1.6072108411807395e-05,5,0.99899949949937417,-0.44569255797157942,0.65581934104120609,NONE,0,0,0,0,True,500,"Synthetic mechanism check — not empirical SPY evidence, trading evidence, or an exact paper replication."
170,no_periodicity,5,MSE,6.2907602958416789e-10,6.2817104031089386e-10,0.99856139920977083,-9.0498927327411648e-13,5,0.99099949545900379,-0.96504382424055957,0.33452286189332758,NONE,0,0,0,0,True,500,"Synthetic mechanism check — not empirical SPY evidence, trading evidence, or an exact paper replication."
170,no_periodicity,5,QLIKE,0.024313993832772704,0.02429536200441091,0.99923369938768836,-1.8631828361793e-05,5,0.99099949545900379,-0.55360086970538624,0.57985203070102309,NONE,0,0,0,0,True,500,"Synthetic mechanism check — not empirical SPY evidence, trading evidence, or an exact paper replication."
170,no_periodicity,22,MSE,4.4171632442381687e-10,4.4212569661118214e-10,1.0009267762243093,4.0937218736534884e-13,21,0.95699947753381764,0.33788474518231493,0.73545004378002554,NONE,0,0,0,0,True,500,"Synthetic mechanism check — not empirical SPY evidence, trading evidence, or an exact paper replication."
170,no_periodicity,22,QLIKE,0.016310373818103487,0.016316437398723922,1.0003717622102386,6.0635806204385465e-06,21,0.95699947753381764,0.13050866913315898,0.89616399582793371,NONE,0,0,0,0,True,500,"Synthetic mechanism check — not empirical SPY evidence, trading evidence, or an exact paper replication."
170,u_shaped_periodicity,1,MSE,1.3690253683786373e-09,1.340338363766665e-09,0.97904567345896087,-2.868700461197214e-11,5,0.99899949949937417,-2.9550408081820119,0.0031262769612403389,HARP,0,0,0,0,True,500,"Synthetic mechanism check — not empirical SPY evidence, trading evidence, or an exact paper replication."
170,u_shaped_periodicity,1,QLIKE,0.053183021261828556,0.052095397292250052,0.97954941363289694,-0.0010876239695785017,5,0.99899949949937417,-3.1166624386709354,0.0018291088032526593,HARP,0,0,0,0,True,500,"Synthetic mechanism check — not empirical SPY evidence, trading evidence, or an exact paper replication."
170,u_shaped_periodicity,5,MSE,6.3155045756256968e-10,6.122331488990791e-10,0.96941288153278438,-1.9317308663490666e-11,5,0.99099949545900379,-2.4530438858875212,0.014165305557323508,HARP,0,0,0,0,True,500,"Synthetic mechanism check — not empirical SPY evidence, trading evidence, or an exact paper replication."
170,u_shaped_periodicity,5,QLIKE,0.024625460829053973,0.02392506976218127,0.97155825542779861,-0.00070039106687270407,5,0.99099949545900379,-2.8143448921581826,0.0048876758332501548,HARP,0,0,0,0,True,500,"Synthetic mechanism check — not empirical SPY evidence, trading evidence, or an exact paper replication."
170,u_shaped_periodicity,22,MSE,4.4421348616508511e-10,4.2458249545655225e-10,0.95580730590147522,-1.9630990708532828e-11,21,0.95699947753381764,-1.8238307692369966,0.068177660616164246,NONE,0,0,0,0,True,500,"Synthetic mechanism check — not empirical SPY evidence, trading evidence, or an exact paper replication."
170,u_shaped_periodicity,22,QLIKE,0.016445080299167983,0.015860189292124956,0.96443367886305675,-0.00058489100704302462,21,0.95699947753381764,-1.7199470846401319,0.085442060654787835,NONE,0,0,0,0,True,500,"Synthetic mechanism check — not empirical SPY evidence, trading evidence, or an exact paper replication."
171,no_periodicity,1,MSE,2.9241379049482647e-09,2.9213331420268032e-09,0.9990408239923585,-2.8047629214620309e-12,5,0.99899949949937417,-0.63566857522558839,0.52499246274476796,NONE,0,0,0,0,True,500,"Synthetic mechanism check — not empirical SPY evidence, trading evidence, or an exact paper replication."
171,no_periodicity,1,QLIKE,0.046235171062970974,0.046257916025571187,1.0004919407039554,2.2744962600206085e-05,5,0.99899949949937417,0.58219165257057048,0.56043759536238968,NONE,0,0,0,0,True,500,"Synthetic mechanism check — not empirical SPY evidence, trading evidence, or an exact paper replication."
171,no_periodicity,5,MSE,1.1952927216548216e-09,1.1932489324217621e-09,0.99829013496356778,-2.0437892330593508e-12,5,0.99099949545900379,-0.78573209501888486,0.43202445613164603,NONE,0,0,0,0,True,500,"Synthetic mechanism check — not empirical SPY evidence, trading evidence, or an exact paper replication."
171,no_periodicity,5,QLIKE,0.021617797476961898,0.021605874159402808,0.99944844901189411,-1.1923317559091818e-05,5,0.99099949545900379,-0.37663038155655953,0.70644830640908873,NONE,0,0,0,0,True,500,"Synthetic mechanism check — not empirical SPY evidence, trading evidence, or an exact paper replication."
171,no_periodicity,22,MSE,1.1464089427977227e-09,1.1450312566717521e-09,0.99879825943907197,-1.3776861259705607e-12,21,0.95699947753381764,-0.28987761829725983,0.77190986483241086,NONE,0,0,0,0,True,500,"Synthetic mechanism check — not empirical SPY evidence, trading evidence, or an exact paper replication."
171,no_periodicity,22,QLIKE,0.020879130610611127,0.020869117621580828,0.99952043074891206,-1.0012989030301345e-05,21,0.95699947753381764,-0.17722201976197421,0.85933400015090744,NONE,0,0,0,0,True,500,"Synthetic mechanism check — not empirical SPY evidence, trading evidence, or an exact paper replication."
171,u_shaped_periodicity,1,MSE,3.0701357552271985e-09,3.0154594007879392e-09,0.982190900077898,-5.4676354439259169e-11,5,0.99899949949937417,-2.3922956078052975,0.016743350919730397,HARP,0,0,0,0,True,500,"Synthetic mechanism check — not empirical SPY evidence, trading evidence, or an exact paper replication."
171,u_shaped_periodicity,1,QLIKE,0.04915363438509128,0.048591672365315669,0.9885672335971547,-0.00056196201977561078,5,0.99899949949937417,-1.7197667180406266,0.085474854675817211,NONE,0,0,0,0,True,500,"Synthetic mechanism check — not empirical SPY evidence, trading evidence, or an exact paper replication."
171,u_shaped_periodicity,5,MSE,1.2838894322559618e-09,1.2426096576359861e-09,0.96784787413707296,-4.1279774619975834e-11,5,0.99099949545900379,-2.2454579929019878,0.024738746053538034,HARP,0,0,0,0,True,500,"Synthetic mechanism check — not empirical SPY evidence, trading evidence, or an exact paper replication."
171,u_shaped_periodicity,5,QLIKE,0.02242349220270777,0.022088623240128401,0.98506615474734438,-0.00033486896257936793,5,0.99099949545900379,-1.2777986241882271,0.20132043963971563,NONE,0,0,0,0,True,500,"Synthetic mechanism check — not empirical SPY evidence, trading evidence, or an exact paper replication."
171,u_shaped_periodicity,22,MSE,1.2039719036369739e-09,1.1434891807651094e-09,0.94976400803942562,-6.0482722871864342e-11,21,0.95699947753381764,-1.7224918246167169,0.084980462496716216,NONE,0,0,0,0,True,500,"Synthetic mechanism check — not empirical SPY evidence, trading evidence, or an exact paper replication."
171,u_shaped_periodicity,22,QLIKE,0.021523307810520968,0.020998292738693046,0.97560713824985179,-0.0005250150718279225,21,0.95699947753381764,-1.3461836226775574,0.17824330542124833,NONE,0,0,0,0,True,500,"Synthetic mechanism check — not empirical SPY evidence, trading evidence, or an exact paper replication."
172,no_periodicity,1,MSE,7.5721589935253372e-10,7.5681104039629528e-10,0.99946533220368905,-4.0485895623835485e-13,5,0.99899949949937417,-0.56260379595605414,0.57370470661860096,NONE,0,0,0,0,True,500,"Synthetic mechanism check — not empirical SPY evidence, trading evidence, or an exact paper replication."
172,no_periodicity,1,QLIKE,0.047499305122107885,0.047480429058507183,0.99960260337383511,-1.8876063600701708e-05,5,0.99899949949937417,-0.46948019621009995,0.63872643707267851,NONE,0,0,0,0,True,500,"Synthetic mechanism check — not empirical SPY evidence, trading evidence, or an exact paper replication."
172,no_periodicity,5,MSE,3.3220485885577351e-10,3.3249243287592364e-10,1.0008656526612543,2.8757402015017833e-13,5,0.99099949545900379,0.55043545376006497,0.58202073696690948,NONE,0,0,0,0,True,500,"Synthetic mechanism check — not empirical SPY evidence, trading evidence, or an exact paper replication."
172,no_periodicity,5,QLIKE,0.022763064994957293,0.022785797433642535,1.0009986545612499,2.2732438685241885e-05,5,0.99099949545900379,0.72041633866436705,0.47126869321769793,NONE,0,0,0,0,True,500,"Synthetic mechanism check — not empirical SPY evidence, trading evidence, or an exact paper replication."
172,no_periodicity,22,MSE,2.1995680135057348e-10,2.2041782735328069e-10,1.0020959843018102,4.6102600270717425e-13,21,0.95699947753381764,0.93252584573157171,0.3510648360457016,NONE,0,0,0,0,True,500,"Synthetic mechanism check — not empirical SPY evidence, trading evidence, or an exact paper replication."
172,no_periodicity,22,QLIKE,0.014426266793758231,0.014451015498825345,1.0017155308037018,2.4748705067115573e-05,21,0.95699947753381764,0.7919802571634299,0.42837218806288418,NONE,0,0,0,0,True,500,"Synthetic mechanism check — not empirical SPY evidence, trading evidence, or an exact paper replication."
172,u_shaped_periodicity,1,MSE,7.9892607530757702e-10,7.875702276580575e-10,0.98578610962829361,-1.1355847649519452e-11,5,0.99899949949937417,-1.9292137983257864,0.053704325888041658,NONE,0,0,0,0,True,500,"Synthetic mechanism check — not empirical SPY evidence, trading evidence, or an exact paper replication."
172,u_shaped_periodicity,1,QLIKE,0.049633540179181368,0.048893847881165187,0.98509692648668967,-0.00073969229801618304,5,0.99899949949937417,-2.0903785306467744,0.036583809915416779,HARP,0,0,0,0,True,500,"Synthetic mechanism check — not empirical SPY evidence, trading evidence, or an exact paper replication."
172,u_shaped_periodicity,5,MSE,3.3497879799760061e-10,3.2582910219514128e-10,0.97268574650947048,-9.1496958024593429e-12,5,0.99099949545900379,-2.0434955252386748,0.041003409888925334,HARP,0,0,0,0,True,500,"Synthetic mechanism check — not empirical SPY evidence, trading evidence, or an exact paper replication."
172,u_shaped_periodicity,5,QLIKE,0.022890751318163028,0.022239053255513567,0.97153007109328204,-0.0006516980626494564,5,0.99099949545900379,-2.3853043850052065,0.017064995219613018,HARP,0,0,0,0,True,500,"Synthetic mechanism check — not empirical SPY evidence, trading evidence, or an exact paper replication."
172,u_shaped_periodicity,22,MSE,2.1734041466073547e-10,2.1458866965296431e-10,0.98733900912047767,-2.7517450077711359e-12,21,0.95699947753381764,-0.64644044240084431,0.51799415616819977,NONE,0,0,0,0,True,500,"Synthetic mechanism check — not empirical SPY evidence, trading evidence, or an exact paper replication."
172,u_shaped_periodicity,22,QLIKE,0.014211216915474157,0.013953951791457336,0.98189703770289416,-0.00025726512401682021,21,0.95699947753381764,-1.1333680223698941,0.25705973704800644,NONE,0,0,0,0,True,500,"Synthetic mechanism check — not empirical SPY evidence, trading evidence, or an exact paper replication."
173,no_periodicity,1,MSE,9.9850091709233398e-10,9.9700846988206706e-10,0.99850531212869287,-1.4924472102667321e-12,5,0.99899949949937417,-1.2397307969058684,0.21507498214538356,NONE,0,0,0,0,True,500,"Synthetic mechanism check — not empirical SPY evidence, trading evidence, or an exact paper replication."
173,no_periodicity,1,QLIKE,0.044563302146243468,0.044512511047320964,0.99886024831023912,-5.0791098922508215e-05,5,0.99899949949937417,-1.1452883969785495,0.25208971082952564,NONE,0,0,0,0,True,500,"Synthetic mechanism check — not empirical SPY evidence, trading evidence, or an exact paper replication."
173,no_periodicity,5,MSE,5.0428877285726146e-10,5.0300025080033188e-10,0.99744487260815085,-1.2885220569295743e-12,5,0.99099949545900379,-1.8913536259206736,0.058577154633498323,NONE,0,0,0,0,True,500,"Synthetic mechanism check — not empirical SPY evidence, trading evidence, or an exact paper replication."
173,no_periodicity,5,QLIKE,0.02072189216032087,0.020684593379233597,0.99820003015174963,-3.7298781087271584e-05,5,0.99099949545900379,-1.2318900869532587,0.21799014492150151,NONE,0,0,0,0,True,500,"Synthetic mechanism check — not empirical SPY evidence, trading evidence, or an exact paper replication."
173,no_periodicity,22,MSE,3.3600858201068555e-10,3.3541620614139211e-10,0.99823702160894623,-5.9237586929336475e-13,21,0.95699947753381764,-0.63255074669479305,0.52702705951084772,NONE,0,0,0,0,True,500,"Synthetic mechanism check — not empirical SPY evidence, trading evidence, or an exact paper replication."
173,no_periodicity,22,QLIKE,0.013417811753933759,0.013406680342052106,0.9991704003539631,-1.1131411881653452e-05,21,0.95699947753381764,-0.29244974034780674,0.76994278227492829,NONE,0,0,0,0,True,500,"Synthetic mechanism check — not empirical SPY evidence, trading evidence, or an exact paper replication."
173,u_shaped_periodicity,1,MSE,1.0754747442197501e-09,1.0428059709918293e-09,0.96962385829746123,-3.2668773227920795e-11,5,0.99899949949937417,-2.4763181790273094,0.01327452187715368,HARP,0,0,0,0,True,500,"Synthetic mechanism check — not empirical SPY evidence, trading evidence, or an exact paper replication."
173,u_shaped_periodicity,1,QLIKE,0.046909365654963384,0.046042483234697194,0.98152005664194131,-0.00086688242026618137,5,0.99899949949937417,-1.9806633237701106,0.047629042386625339,HARP,0,0,0,0,True,500,"Synthetic mechanism check — not empirical SPY evidence, trading evidence, or an exact paper replication."
173,u_shaped_periodicity,5,MSE,5.0851346545092341e-10,4.8904701297182285e-10,0.96171890460788734,-1.9466452479100589e-11,5,0.99099949545900379,-2.4363367077507725,0.01483686661261464,HARP,0,0,0,0,True,500,"Synthetic mechanism check — not empirical SPY evidence, trading evidence, or an exact paper replication."
173,u_shaped_periodicity,5,QLIKE,0.021154028892740921,0.020512607777366403,0.96967853647989366,-0.00064142111537451862,5,0.99099949545900379,-2.1170326569110327,0.034257076300588683,HARP,0,0,0,0,True,500,"Synthetic mechanism check — not empirical SPY evidence, trading evidence, or an exact paper replication."
173,u_shaped_periodicity,22,MSE,3.3865618019539261e-10,3.3153114428996365e-10,0.97896085669743849,-7.1250359054289909e-12,21,0.95699947753381764,-0.79550099980907052,0.42632212960282473,NONE,0,0,0,0,True,500,"Synthetic mechanism check — not empirical SPY evidence, trading evidence, or an exact paper replication."
173,u_shaped_periodicity,22,QLIKE,0.013566867982924082,0.013217610962635892,0.97425662129772461,-0.00034925702028819084,21,0.95699947753381764,-0.87690449466858933,0.38053851468764388,NONE,0,0,0,0,True,500,"Synthetic mechanism check — not empirical SPY evidence, trading evidence, or an exact paper replication."
174,no_periodicity,1,MSE,1.5361398076985488e-09,1.5384591027733848e-09,1.0015098203062069,2.3192950748358483e-12,5,0.99899949949937417,1.4102280665648013,0.15847235092114417,NONE,0,0,0,0,True,500,"Synthetic mechanism check — not empirical SPY evidence, trading evidence, or an exact paper replication."
174,no_periodicity,1,QLIKE,0.050578966282608551,0.050649418974719924,1.0013929247133624,7.0452692111378838e-05,5,0.99899949949937417,1.3334061773897248,0.18239854629383512,NONE,0,0,0,0,True,500,"Synthetic mechanism check — not empirical SPY evidence, trading evidence, or an exact paper replication."
174,no_periodicity,5,MSE,5.7241376192271029e-10,5.7307185321585358e-10,1.0011496776229363,6.5809129314335836e-13,5,0.99099949545900379,0.6177965289067644,0.53670947183285955,NONE,0,0,0,0,True,500,"Synthetic mechanism check — not empirical SPY evidence, trading evidence, or an exact paper replication."
174,no_periodicity,5,QLIKE,0.020548870396680536,0.020564576120416324,1.0007643108079716,1.5705723735790932e-05,5,0.99099949545900379,0.39300865667814683,0.69431308768376898,NONE,0,0,0,0,True,500,"Synthetic mechanism check — not empirical SPY evidence, trading evidence, or an exact paper replication."
174,no_periodicity,22,MSE,3.1138863692912955e-10,3.1184882376387008e-10,1.0014778536534885,4.6018683474048496e-13,21,0.95699947753381764,0.58116928144213753,0.56112636879367439,NONE,0,0,0,0,True,500,"Synthetic mechanism check — not empirical SPY evidence, trading evidence, or an exact paper replication."
174,no_periodicity,22,QLIKE,0.011270602660518513,0.011283181020905846,1.0011160326351842,1.2578360387333286e-05,21,0.95699947753381764,0.4110354711431945,0.68104652524093678,NONE,0,0,0,0,True,500,"Synthetic mechanism check — not empirical SPY evidence, trading evidence, or an exact paper replication."
174,u_shaped_periodicity,1,MSE,1.6131015507340589e-09,1.5971426249853156e-09,0.9901066825324909,-1.5958925748742942e-11,5,0.99899949949937417,-1.3534664157281342,0.17590667214575872,NONE,0,0,0,0,True,500,"Synthetic mechanism check — not empirical SPY evidence, trading evidence, or an exact paper replication."
174,u_shaped_periodicity,1,QLIKE,0.053623362932019407,0.052982976140463975,0.98805769059342141,-0.00064038679155542641,5,0.99899949949937417,-1.7772770266607882,0.075522671555781865,NONE,0,0,0,0,True,500,"Synthetic mechanism check — not empirical SPY evidence, trading evidence, or an exact paper replication."
174,u_shaped_periodicity,5,MSE,5.7067232097542043e-10,5.5561886947484756e-10,0.97362154962265768,-1.5053451500572898e-11,5,0.99099949545900379,-1.6164552010465316,0.10599593177061971,NONE,0,0,0,0,True,500,"Synthetic mechanism check — not empirical SPY evidence, trading evidence, or an exact paper replication."
174,u_shaped_periodicity,5,QLIKE,0.020456228396284467,0.019982686751426015,0.97685097977570179,-0.00047354164485844709,5,0.99099949545900379,-1.4382833261779984,0.15035368086746057,NONE,0,0,0,0,True,500,"Synthetic mechanism check — not empirical SPY evidence, trading evidence, or an exact paper replication."
174,u_shaped_periodicity,22,MSE,3.0372827804068555e-10,2.9947921446449232e-10,0.98601031289018126,-4.249063576193295e-12,21,0.95699947753381764,-0.67468542818402422,0.49987564444665494,NONE,0,0,0,0,True,500,"Synthetic mechanism check — not empirical SPY evidence, trading evidence, or an exact paper replication."
174,u_shaped_periodicity,22,QLIKE,0.010974243425239161,0.010860085972263693,0.9895976926561586,-0.00011415745297546565,21,0.95699947753381764,-0.52404796122816277,0.60024518174995811,NONE,0,0,0,0,True,500,"Synthetic mechanism check — not empirical SPY evidence, trading evidence, or an exact paper replication."
175,no_periodicity,1,MSE,1.5298877707051522e-09,1.5292646840729374e-09,0.99959272396044607,-6.2308663221476381e-13,5,0.99899949949937417,-0.26936117094957135,0.78765176332332132,NONE,0,0,0,0,True,500,"Synthetic mechanism check — not empirical SPY evidence, trading evidence, or an exact paper replication."
175,no_periodicity,1,QLIKE,0.04508370601480844,0.045109889322469614,1.0005807709697285,2.6183307661164167e-05,5,0.99899949949937417,0.61357129175958613,0.53949865905591343,NONE,0,0,0,0,True,500,"Synthetic mechanism check — not empirical SPY evidence, trading evidence, or an exact paper replication."
175,no_periodicity,5,MSE,7.0707059233019897e-10,7.0983399720964005e-10,1.0039082446779948,2.7634048794410351e-12,5,0.99099949545900379,2.1512706656775298,0.031454842216324205,HAR,0,0,0,0,True,500,"Synthetic mechanism check — not empirical SPY evidence, trading evidence, or an exact paper replication."
175,no_periodicity,5,QLIKE,0.020294375472342776,0.020366279544557529,1.0035430541980828,7.1904072214756359e-05,5,0.99099949545900379,2.319025166076242,0.020393671816987671,HAR,0,0,0,0,True,500,"Synthetic mechanism check — not empirical SPY evidence, trading evidence, or an exact paper replication."
175,no_periodicity,22,MSE,7.9732421231046768e-10,8.0367921038693478e-10,1.0079704064900421,6.3549980764672439e-12,21,0.95699947753381764,2.2732130889205004,0.02301334191398911,HAR,0,0,0,0,True,500,"Synthetic mechanism check — not empirical SPY evidence, trading evidence, or an exact paper replication."
175,no_periodicity,22,QLIKE,0.022347576198882401,0.022476112588309029,1.0057516926347054,0.00012853638942662648,21,0.95699947753381764,2.4815857905738143,0.013079922017929603,HAR,0,0,0,0,True,500,"Synthetic mechanism check — not empirical SPY evidence, trading evidence, or an exact paper replication."
175,u_shaped_periodicity,1,MSE,1.5805647713404558e-09,1.569268593829418e-09,0.99285307523243249,-1.1296177511037768e-11,5,0.99899949949937417,-0.91468770334106531,0.3603556016177657,NONE,0,0,0,0,True,500,"Synthetic mechanism check — not empirical SPY evidence, trading evidence, or an exact paper replication."
175,u_shaped_periodicity,1,QLIKE,0.046756753715829519,0.046468654774743295,0.99383834594597431,-0.00028809894108623491,5,0.99899949949937417,-0.81476367026214624,0.41520760006187307,NONE,0,0,0,0,True,500,"Synthetic mechanism check — not empirical SPY evidence, trading evidence, or an exact paper replication."
175,u_shaped_periodicity,5,MSE,7.3880292890474183e-10,7.1692351387140582e-10,0.97038531633087632,-2.1879415033335916e-11,5,0.99099949545900379,-1.5137254046184618,0.13009549885775304,NONE,0,0,0,0,True,500,"Synthetic mechanism check — not empirical SPY evidence, trading evidence, or an exact paper replication."
175,u_shaped_periodicity,5,QLIKE,0.021247849088264444,0.020652513650092658,0.97198137864690504,-0.00059533543817178413,5,0.99099949545900379,-1.8020835449739021,0.071532262205110428,NONE,0,0,0,0,True,500,"Synthetic mechanism check — not empirical SPY evidence, trading evidence, or an exact paper replication."
175,u_shaped_periodicity,22,MSE,7.9686110477071901e-10,7.7441008740454444e-10,0.97182568300577998,-2.2451017366174694e-11,21,0.95699947753381764,-1.8049166101240002,0.071087732165985365,NONE,0,0,0,0,True,500,"Synthetic mechanism check — not empirical SPY evidence, trading evidence, or an exact paper replication."
175,u_shaped_periodicity,22,QLIKE,0.022827347661934991,0.021939122864834466,0.96108944366840943,-0.00088822479710052389,21,0.95699947753381764,-2.3129756722692378,0.020723976731101108,HARP,0,0,0,0,True,500,"Synthetic mechanism check — not empirical SPY evidence, trading evidence, or an exact paper replication."
176,no_periodicity,1,MSE,3.1485729147141846e-09,3.1486831356576904e-09,1.0000350066352253,1.1022094350563374e-13,5,0.99899949949937417,0.042251798360012673,0.96629797027909725,NONE,0,0,0,0,True,500,"Synthetic mechanism check — not empirical SPY evidence, trading evidence, or an exact paper replication."
176,no_periodicity,1,QLIKE,0.048198446251650248,0.048206885763793533,1.0001750992573333,8.4395121432923051e-06,5,0.99899949949937417,0.21114035862016514,0.83277774841167362,NONE,0,0,0,0,True,500,"Synthetic mechanism check — not empirical SPY evidence, trading evidence, or an exact paper replication."
176,no_periodicity,5,MSE,1.3303329079450228e-09,1.3313176712415947e-09,1.0007402382446458,9.847632965718045e-13,5,0.99099949545900379,0.42418188709496973,0.6714331693725033,NONE,0,0,0,0,True,500,"Synthetic mechanism check — not empirical SPY evidence, trading evidence, or an exact paper replication."
176,no_periodicity,5,QLIKE,0.021215978665387162,0.021240032730043153,1.0011337711559465,2.4054064655994355e-05,5,0.99099949545900379,0.62484759306669679,0.532071090874909,NONE,0,0,0,0,True,500,"Synthetic mechanism check — not empirical SPY evidence, trading evidence, or an exact paper replication."
176,no_periodicity,22,MSE,1.2700202464638511e-09,1.2711809761084506e-09,1.0009139457798657,1.1607296445995046e-12,21,0.95699947753381764,0.36337539651035639,0.71632447825413292,NONE,0,0,0,0,True,500,"Synthetic mechanism check — not empirical SPY evidence, trading evidence, or an exact paper replication."
176,no_periodicity,22,QLIKE,0.022623435360656943,0.022658596015708056,1.001554169580817,3.5160655051110545e-05,21,0.95699947753381764,0.64410593923215631,0.51950673928427771,NONE,0,0,0,0,True,500,"Synthetic mechanism check — not empirical SPY evidence, trading evidence, or an exact paper replication."
176,u_shaped_periodicity,1,MSE,3.3119085516626243e-09,3.2712156998290231e-09,0.98771317166557249,-4.0692851833600893e-11,5,0.99899949949937417,-1.8857442529230621,0.059329426430730768,NONE,0,0,0,0,True,500,"Synthetic mechanism check — not empirical SPY evidence, trading evidence, or an exact paper replication."
176,u_shaped_periodicity,1,QLIKE,0.051825461418662289,0.051111158093343795,0.98621713525041044,-0.00071430332531848743,5,0.99899949949937417,-2.0706458745389349,0.038391901777028503,HARP,0,0,0,0,True,500,"Synthetic mechanism check — not empirical SPY evidence, trading evidence, or an exact paper replication."
176,u_shaped_periodicity,5,MSE,1.3527352255966987e-09,1.3203123492288889e-09,0.97603161671678362,-3.2422876367809933e-11,5,0.99099949545900379,-1.6138008882326282,0.10657062184379616,NONE,0,0,0,0,True,500,"Synthetic mechanism check — not empirical SPY evidence, trading evidence, or an exact paper replication."
176,u_shaped_periodicity,5,QLIKE,0.022031113996628736,0.021407316278055814,0.97168560252248803,-0.00062379771857292712,5,0.99099949545900379,-2.2487882700009751,0.024525970019912677,HARP,0,0,0,0,True,500,"Synthetic mechanism check — not empirical SPY evidence, trading evidence, or an exact paper replication."
176,u_shaped_periodicity,22,MSE,1.2757826766935586e-09,1.2334785968958754e-09,0.96684068488269304,-4.2304079797683418e-11,21,0.95699947753381764,-1.417005708205566,0.15648125857293746,NONE,0,0,0,0,True,500,"Synthetic mechanism check — not empirical SPY evidence, trading evidence, or an exact paper replication."
176,u_shaped_periodicity,22,QLIKE,0.023115812745363472,0.022496017140997658,0.97318737562060709,-0.00061979560436581545,21,0.95699947753381764,-1.1792742843263155,0.23828897467164431,NONE,0,0,0,0,True,500,"Synthetic mechanism check — not empirical SPY evidence, trading evidence, or an exact paper replication."
177,no_periodicity,1,MSE,1.0350838227586583e-09,1.0338800096575435e-09,0.99883698974455382,-1.203813101114548e-12,5,0.99899949949937417,-1.2633212416560724,0.2064737554125391,NONE,0,0,0,0,True,500,"Synthetic mechanism check — not empirical SPY evidence, trading evidence, or an exact paper replication."
177,no_periodicity,1,QLIKE,0.038902266867178667,0.038900990706897599,0.99996719573475179,-1.2761602810691386e-06,5,0.99899949949937417,-0.038793004475908298,0.96905542225748886,NONE,0,0,0,0,True,500,"Synthetic mechanism check — not empirical SPY evidence, trading evidence, or an exact paper replication."
177,no_periodicity,5,MSE,4.8146870699127645e-10,4.8066478344973138e-10,0.99833026834377492,-8.0392354154509504e-13,5,0.99099949545900379,-1.0239844893401755,0.30584260110201378,NONE,0,0,0,0,True,500,"Synthetic mechanism check — not empirical SPY evidence, trading evidence, or an exact paper replication."
177,no_periodicity,5,QLIKE,0.019016448393754045,0.019004377950820869,0.99936526302476436,-1.207044293317372e-05,5,0.99099949545900379,-0.50152826817198126,0.61599938844174096,NONE,0,0,0,0,True,500,"Synthetic mechanism check — not empirical SPY evidence, trading evidence, or an exact paper replication."
177,no_periodicity,22,MSE,3.7712493939656644e-10,3.7631219420129236e-10,0.99784489141297694,-8.1274519527400374e-13,21,0.95699947753381764,-1.266385183625965,0.20537521283742027,NONE,0,0,0,0,True,500,"Synthetic mechanism check — not empirical SPY evidence, trading evidence, or an exact paper replication."
177,no_periodicity,22,QLIKE,0.016639700646159782,0.016626680510733422,0.99921752586159862,-1.3020135426359936e-05,21,0.95699947753381764,-0.45635705654950487,0.64813324091380475,NONE,0,0,0,0,True,500,"Synthetic mechanism check — not empirical SPY evidence, trading evidence, or an exact paper replication."
177,u_shaped_periodicity,1,MSE,1.1046158191929594e-09,1.0947908584660788e-09,0.99110554044567378,-9.8249607268805077e-12,5,0.99899949949937417,-0.99561382790800712,0.31943781348104872,NONE,0,0,0,0,True,500,"Synthetic mechanism check — not empirical SPY evidence, trading evidence, or an exact paper replication."
177,u_shaped_periodicity,1,QLIKE,0.041284508039444348,0.04095422849595879,0.99199991572698409,-0.0003302795434855543,5,0.99899949949937417,-0.98625661076686499,0.32400720573175967,NONE,0,0,0,0,True,500,"Synthetic mechanism check — not empirical SPY evidence, trading evidence, or an exact paper replication."
177,u_shaped_periodicity,5,MSE,5.1396093609823455e-10,5.0455801318865428e-10,0.98170498524467031,-9.4029229095802638e-12,5,0.99099949545900379,-1.0589614959778548,0.28961731563801063,NONE,0,0,0,0,True,500,"Synthetic mechanism check — not empirical SPY evidence, trading evidence, or an exact paper replication."
177,u_shaped_periodicity,5,QLIKE,0.020008742381900379,0.019890391500614266,0.99408504147701093,-0.00011835088128611427,5,0.99099949545900379,-0.49397102514118257,0.62132664264783433,NONE,0,0,0,0,True,500,"Synthetic mechanism check — not empirical SPY evidence, trading evidence, or an exact paper replication."
177,u_shaped_periodicity,22,MSE,3.9673609177007441e-10,3.8341841304381761e-10,0.96643189515015193,-1.33176787262568e-11,21,0.95699947753381764,-2.2927543436156226,0.021862151909800086,HARP,0,0,0,0,True,500,"Synthetic mechanism check — not empirical SPY evidence, trading evidence, or an exact paper replication."
177,u_shaped_periodicity,22,QLIKE,0.017176859276167848,0.016725867414860741,0.97374421865743299,-0.00045099186130710846,21,0.95699947753381764,-1.9535605914123377,0.050753205018539124,NONE,0,0,0,0,True,500,"Synthetic mechanism check — not empirical SPY evidence, trading evidence, or an exact paper replication."
178,no_periodicity,1,MSE,7.3468368795289589e-10,7.3467653510414272e-10,0.99999026404305624,-7.1528487531832696e-15,5,0.99899949949937417,-0.0089986550628076058,0.99282020895573819,NONE,0,0,0,0,True,500,"Synthetic mechanism check — not empirical SPY evidence, trading evidence, or an exact paper replication."
178,no_periodicity,1,QLIKE,0.042998929497517109,0.042948171439653592,0.99881955066191941,-5.0758057863522497e-05,5,0.99899949949937417,-1.3134342186481995,0.18903667334034541,NONE,0,0,0,0,True,500,"Synthetic mechanism check — not empirical SPY evidence, trading evidence, or an exact paper replication."
178,no_periodicity,5,MSE,3.3339443245389452e-10,3.3285560398399467e-10,0.99838381083351069,-5.3882846989987744e-13,5,0.99099949545900379,-0.66342538249423277,0.5070581540002661,NONE,0,0,0,0,True,500,"Synthetic mechanism check — not empirical SPY evidence, trading evidence, or an exact paper replication."
178,no_periodicity,5,QLIKE,0.019361436659006782,0.019309935952071443,0.99734003690726214,-5.1500706935335925e-05,5,0.99099949545900379,-1.4066087964386103,0.15954342325525403,NONE,0,0,0,0,True,500,"Synthetic mechanism check — not empirical SPY evidence, trading evidence, or an exact paper replication."
178,no_periodicity,22,MSE,3.0720173791298762e-10,3.0591604569752685e-10,0.9958148276627754,-1.2856922154607236e-12,21,0.95699947753381764,-1.0094471267504141,0.31276024678599906,NONE,0,0,0,0,True,500,"Synthetic mechanism check — not empirical SPY evidence, trading evidence, or an exact paper replication."
178,no_periodicity,22,QLIKE,0.017178315417005111,0.017096174107714211,0.9952183140606683,-8.2141309290897362e-05,21,0.95699947753381764,-1.4830819500985473,0.13805263900682574,NONE,0,0,0,0,True,500,"Synthetic mechanism check — not empirical SPY evidence, trading evidence, or an exact paper replication."
178,u_shaped_periodicity,1,MSE,7.5266218764402862e-10,7.5380990012892982e-10,1.0015248706574376,1.1477124849011116e-12,5,0.99899949949937417,0.1654028459789679,0.86862691376236723,NONE,0,0,0,0,True,500,"Synthetic mechanism check — not empirical SPY evidence, trading evidence, or an exact paper replication."
178,u_shaped_periodicity,1,QLIKE,0.044460321983647869,0.04435357122805203,0.99759896575568885,-0.00010675075559583513,5,0.99899949949937417,-0.29858405065055982,0.76525743634670085,NONE,0,0,0,0,True,500,"Synthetic mechanism check — not empirical SPY evidence, trading evidence, or an exact paper replication."
178,u_shaped_periodicity,5,MSE,3.3057056862240129e-10,3.2915304280151463e-10,0.99571188134868149,-1.4175258208866373e-12,5,0.99099949545900379,-0.27120074943436401,0.78623663660742227,NONE,0,0,0,0,True,500,"Synthetic mechanism check — not empirical SPY evidence, trading evidence, or an exact paper replication."
178,u_shaped_periodicity,5,QLIKE,0.019547554499642784,0.019292230239762329,0.98693830167425178,-0.0002553242598804535,5,0.99099949545900379,-0.89592872241268995,0.37029083277158081,NONE,0,0,0,0,True,500,"Synthetic mechanism check — not empirical SPY evidence, trading evidence, or an exact paper replication."
178,u_shaped_periodicity,22,MSE,3.0120620964199639e-10,3.1097657139455757e-10,1.0324374512868573,9.770361752561222e-12,21,0.95699947753381764,1.5002115804488632,0.13355960445218432,NONE,0,0,0,0,True,500,"Synthetic mechanism check — not empirical SPY evidence, trading evidence, or an exact paper replication."
178,u_shaped_periodicity,22,QLIKE,0.017221018936913472,0.017518614219834548,1.0172809334924531,0.00029759528292107752,21,0.95699947753381764,0.80726841107709102,0.41951185928349904,NONE,0,0,0,0,True,500,"Synthetic mechanism check — not empirical SPY evidence, trading evidence, or an exact paper replication."
179,no_periodicity,1,MSE,1.8434122873002039e-09,1.8441336900889112e-09,1.0003913409895753,7.2140278870697256e-13,5,0.99899949949937417,0.53392286631841035,0.59339490099971604,NONE,0,0,0,0,True,500,"Synthetic mechanism check — not empirical SPY evidence, trading evidence, or an exact paper replication."
179,no_periodicity,1,QLIKE,0.048460670296502577,0.048442422139952757,0.99962344399204195,-1.8248156549823146e-05,5,0.99899949949937417,-0.45988233081137997,0.64560068344507671,NONE,0,0,0,0,True,500,"Synthetic mechanism check — not empirical SPY evidence, trading evidence, or an exact paper replication."
179,no_periodicity,5,MSE,8.8273605398690558e-10,8.8308319556451125e-10,1.0003932563715257,3.4714157760570726e-13,5,0.99099949545900379,0.27061545717578361,0.78668680618178921,NONE,0,0,0,0,True,500,"Synthetic mechanism check — not empirical SPY evidence, trading evidence, or an exact paper replication."
179,no_periodicity,5,QLIKE,0.025586255401556367,0.025581862798835231,0.99982832178244929,-4.392602721132288e-06,5,0.99099949545900379,-0.1304545244109675,0.89620683086650721,NONE,0,0,0,0,True,500,"Synthetic mechanism check — not empirical SPY evidence, trading evidence, or an exact paper replication."
179,no_periodicity,22,MSE,9.6472933636944059e-10,9.6438495612219084e-10,0.99964302915411929,-3.4438024724995105e-13,21,0.95699947753381764,-0.14433503401823594,0.88523591479234964,NONE,0,0,0,0,True,500,"Synthetic mechanism check — not empirical SPY evidence, trading evidence, or an exact paper replication."
179,no_periodicity,22,QLIKE,0.029927435433578488,0.029914753530944665,0.99957624492543073,-1.2681902633822073e-05,21,0.95699947753381764,-0.22927442289917582,0.8186556316036544,NONE,0,0,0,0,True,500,"Synthetic mechanism check — not empirical SPY evidence, trading evidence, or an exact paper replication."
179,u_shaped_periodicity,1,MSE,2.1078681443177092e-09,2.046778577657162e-09,0.97101831685951068,-6.1089566660547095e-11,5,0.99899949949937417,-3.0869160392685253,0.0020224471206872607,HARP,0,0,0,0,True,500,"Synthetic mechanism check — not empirical SPY evidence, trading evidence, or an exact paper replication."
179,u_shaped_periodicity,1,QLIKE,0.052512089937276414,0.051384666977318,0.97853022111088939,-0.0011274229599584093,5,0.99899949949937417,-3.1293649615709116,0.0017518457314704835,HARP,0,0,0,0,True,500,"Synthetic mechanism check — not empirical SPY evidence, trading evidence, or an exact paper replication."
179,u_shaped_periodicity,5,MSE,9.6516642136831975e-10,9.201537339936177e-10,0.95336277104327005,-4.5012687374701885e-11,5,0.99099949545900379,-3.3567632700359167,0.00078860602105964878,HARP,0,0,0,0,True,500,"Synthetic mechanism check — not empirical SPY evidence, trading evidence, or an exact paper replication."
179,u_shaped_periodicity,5,QLIKE,0.02735297233670694,0.02641661537698755,0.96576763401822974,-0.00093635695971938876,5,0.99099949545900379,-3.1806235648389718,0.0014695845197249505,HARP,0,0,0,0,True,500,"Synthetic mechanism check — not empirical SPY evidence, trading evidence, or an exact paper replication."
179,u_shaped_periodicity,22,MSE,1.0158495249565155e-09,9.8170330625987669e-10,0.96638653869715541,-3.4146218696639176e-11,21,0.95699947753381764,-1.4025223085666103,0.16075933356057195,NONE,0,0,0,0,True,500,"Synthetic mechanism check — not empirical SPY evidence, trading evidence, or an exact paper replication."
179,u_shaped_periodicity,22,QLIKE,0.031167633112556624,0.030679568929804842,0.9843406722291288,-0.00048806418275178085,21,0.95699947753381764,-0.87134746660430729,0.38356446039559189,NONE,0,0,0,0,True,500,"Synthetic mechanism check — not empirical SPY evidence, trading evidence, or an exact paper replication."
180,no_periodicity,1,MSE,6.7952038728633797e-10,6.7993879011179286e-10,1.0006157325567901,4.1840282545484844e-13,5,0.99899949949937417,0.62853713856461879,0.52965212549108753,NONE,0,0,0,0,True,500,"Synthetic mechanism check — not empirical SPY evidence, trading evidence, or an exact paper replication."
180,no_periodicity,1,QLIKE,0.047650169769865955,0.047673093034585792,1.0004810741458121,2.2923264719835855e-05,5,0.99899949949937417,0.56779425124462024,0.57017468380818248,NONE,0,0,0,0,True,500,"Synthetic mechanism check — not empirical SPY evidence, trading evidence, or an exact paper replication."
180,no_periodicity,5,MSE,2.6979019562263409e-10,2.7076754732811003e-10,1.0036226361125553,9.7735170547602496e-13,5,0.99099949545900379,1.6538772142676026,0.098152463184740149,NONE,0,0,0,0,True,500,"Synthetic mechanism check — not empirical SPY evidence, trading evidence, or an exact paper replication."
180,no_periodicity,5,QLIKE,0.020428476326647772,0.020475321533259695,1.0022931326772919,4.6845206611923814e-05,5,0.99099949545900379,1.3884189142288368,0.16500952015466935,NONE,0,0,0,0,True,500,"Synthetic mechanism check — not empirical SPY evidence, trading evidence, or an exact paper replication."
180,no_periodicity,22,MSE,1.9795808030711596e-10,1.9897789950992369e-10,1.0051516927282056,1.0198192028077001e-12,21,0.95699947753381764,1.5943608198304542,0.11085524259324095,NONE,0,0,0,0,True,500,"Synthetic mechanism check — not empirical SPY evidence, trading evidence, or an exact paper replication."
180,no_periodicity,22,QLIKE,0.016637207841773308,0.016693310739873474,1.0033721342327226,5.6102898100166778e-05,21,0.95699947753381764,1.6731159618282618,0.094304469856258649,NONE,0,0,0,0,True,500,"Synthetic mechanism check — not empirical SPY evidence, trading evidence, or an exact paper replication."
180,u_shaped_periodicity,1,MSE,7.0867647723972488e-10,7.0575812715628747e-10,0.99588197128426736,-2.9183500834374309e-12,5,0.99899949949937417,-0.64052121688479746,0.52183380003104629,NONE,0,0,0,0,True,500,"Synthetic mechanism check — not empirical SPY evidence, trading evidence, or an exact paper replication."
180,u_shaped_periodicity,1,QLIKE,0.049856350372908809,0.049738434552605758,0.99763488864666028,-0.00011791582030304549,5,0.99899949949937417,-0.35800327997961351,0.72034085894974065,NONE,0,0,0,0,True,500,"Synthetic mechanism check — not empirical SPY evidence, trading evidence, or an exact paper replication."
180,u_shaped_periodicity,5,MSE,2.9076103430276031e-10,2.8686433632995459e-10,0.9865982799856593,-3.8966979728057122e-12,5,0.99099949545900379,-1.0997391857159082,0.27144577611333287,NONE,0,0,0,0,True,500,"Synthetic mechanism check — not empirical SPY evidence, trading evidence, or an exact paper replication."
180,u_shaped_periodicity,5,QLIKE,0.021779760811715732,0.021443358114380501,0.98455434381289098,-0.00033640269733523141,5,0.99099949545900379,-1.3482299070831474,0.1775844483007562,NONE,0,0,0,0,True,500,"Synthetic mechanism check — not empirical SPY evidence, trading evidence, or an exact paper replication."
180,u_shaped_periodicity,22,MSE,2.1212287594696952e-10,2.0158282327834353e-10,0.95031157002010014,-1.0540052668625989e-11,21,0.95699947753381764,-2.5956514618136159,0.0094411781293401408,HARP,0,0,0,0,True,500,"Synthetic mechanism check — not empirical SPY evidence, trading evidence, or an exact paper replication."
180,u_shaped_periodicity,22,QLIKE,0.017772920018533925,0.016914487594221997,0.95169997820185204,-0.00085843242431192838,21,0.95699947753381764,-2.7947248654554664,0.005194390199272151,HARP,0,0,0,0,True,500,"Synthetic mechanism check — not empirical SPY evidence, trading evidence, or an exact paper replication."
181,no_periodicity,1,MSE,1.6084070490076994e-09,1.6071816531883438e-09,0.99923813078280677,-1.225395819355453e-12,5,0.99899949949937417,-0.84469612806034511,0.39828052185522289,NONE,0,0,0,0,True,500,"Synthetic mechanism check — not empirical SPY evidence, trading evidence, or an exact paper replication."
181,no_periodicity,1,QLIKE,0.04733870613848775,0.047318008634783186,0.99956277842398111,-2.069750370457868e-05,5,0.99899949949937417,-0.45163141711496219,0.65153453307545117,NONE,0,0,0,0,True,500,"Synthetic mechanism check — not empirical SPY evidence, trading evidence, or an exact paper replication."
181,no_periodicity,5,MSE,6.489720607482269e-10,6.4663326586573058e-10,0.99639615474385779,-2.3387948824962762e-12,5,0.99099949545900379,-1.8469632648097063,0.064752464546295699,NONE,0,0,0,0,True,500,"Synthetic mechanism check — not empirical SPY evidence, trading evidence, or an exact paper replication."
181,no_periodicity,5,QLIKE,0.019694769268312397,0.019638950732426101,0.99716581925252079,-5.5818535886298816e-05,5,0.99099949545900379,-1.4288237857935,0.15305488724285463,NONE,0,0,0,0,True,500,"Synthetic mechanism check — not empirical SPY evidence, trading evidence, or an exact paper replication."
181,no_periodicity,22,MSE,4.6098829018487958e-10,4.5976980927429789e-10,0.9973568072410407,-1.2184809105816878e-12,21,0.95699947753381764,-0.80931188306698065,0.4183357727577226,NONE,0,0,0,0,True,500,"Synthetic mechanism check — not empirical SPY evidence, trading evidence, or an exact paper replication."
181,no_periodicity,22,QLIKE,0.014527711533246685,0.014497469604523363,0.99791832811010095,-3.0241928723321985e-05,21,0.95699947753381764,-0.57766819376483947,0.56348815678706998,NONE,0,0,0,0,True,500,"Synthetic mechanism check — not empirical SPY evidence, trading evidence, or an exact paper replication."
181,u_shaped_periodicity,1,MSE,1.6582657193008205e-09,1.6483075885393575e-09,0.99399485218468986,-9.9581307614628966e-12,5,0.99899949949937417,-0.82419874005054417,0.40982664283361991,NONE,0,0,0,0,True,500,"Synthetic mechanism check — not empirical SPY evidence, trading evidence, or an exact paper replication."
181,u_shaped_periodicity,1,QLIKE,0.049099066235359361,0.048867311523002652,0.99527985499264326,-0.00023175471235670919,5,0.99899949949937417,-0.66575315982348948,0.50556888864534211,NONE,0,0,0,0,True,500,"Synthetic mechanism check — not empirical SPY evidence, trading evidence, or an exact paper replication."
181,u_shaped_periodicity,5,MSE,6.5895035892160209e-10,6.5701739700069363e-10,0.99706660464671149,-1.932961920908386e-12,5,0.99099949545900379,-0.2075865678128857,0.83555179323774886,NONE,0,0,0,0,True,500,"Synthetic mechanism check — not empirical SPY evidence, trading evidence, or an exact paper replication."
181,u_shaped_periodicity,5,QLIKE,0.019998888854775763,0.020017927280436918,1.0009519741721356,1.9038425661157986e-05,5,0.99099949545900379,0.066123189619621395,0.94727974860460773,NONE,0,0,0,0,True,500,"Synthetic mechanism check — not empirical SPY evidence, trading evidence, or an exact paper replication."
181,u_shaped_periodicity,22,MSE,4.7073698699335936e-10,4.6793958577710522e-10,0.99405740085536642,-2.7974012162540838e-12,21,0.95699947753381764,-0.32896646748625435,0.74218103373627797,NONE,0,0,0,0,True,500,"Synthetic mechanism check — not empirical SPY evidence, trading evidence, or an exact paper replication."
181,u_shaped_periodicity,22,QLIKE,0.014851583994806452,0.014817213449059721,0.99768573198934529,-3.4370545746729598e-05,21,0.95699947753381764,-0.11142026553012237,0.91128309054752088,NONE,0,0,0,0,True,500,"Synthetic mechanism check — not empirical SPY evidence, trading evidence, or an exact paper replication."
182,no_periodicity,1,MSE,1.7679979035044024e-09,1.7669267816777971e-09,0.99939416114437563,-1.0711218266052452e-12,5,0.99899949949937417,-0.73514096388818295,0.46225364871432645,NONE,0,0,0,0,True,500,"Synthetic mechanism check — not empirical SPY evidence, trading evidence, or an exact paper replication."
182,no_periodicity,1,QLIKE,0.048000085706581222,0.047963462277891618,0.99923701326465375,-3.6623428689602552e-05,5,0.99899949949937417,-0.95747218246337118,0.33832898043617293,NONE,0,0,0,0,True,500,"Synthetic mechanism check — not empirical SPY evidence, trading evidence, or an exact paper replication."
182,no_periodicity,5,MSE,5.9042691047746507e-10,5.9043901097624716e-10,1.0000204944906259,1.2100498782086195e-14,5,0.99099949545900379,0.012587707443270677,0.98995672780252519,NONE,0,0,0,0,True,500,"Synthetic mechanism check — not empirical SPY evidence, trading evidence, or an exact paper replication."
182,no_periodicity,5,QLIKE,0.016912321136343316,0.016931802879236773,1.0011519260269717,1.9481742893460387e-05,5,0.99099949545900379,0.70516210759314946,0.48070935943371085,NONE,0,0,0,0,True,500,"Synthetic mechanism check — not empirical SPY evidence, trading evidence, or an exact paper replication."
182,no_periodicity,22,MSE,4.1219124987505466e-10,4.1145951223782132e-10,0.99822476183699882,-7.3173763723332929e-13,21,0.95699947753381764,-0.83030616713917116,0.40636570212974071,NONE,0,0,0,0,True,500,"Synthetic mechanism check — not empirical SPY evidence, trading evidence, or an exact paper replication."
182,no_periodicity,22,QLIKE,0.011987562698197894,0.011980881423860879,0.99944264947719363,-6.6812743370165962e-06,21,0.95699947753381764,-0.27882607523670955,0.78037830257045893,NONE,0,0,0,0,True,500,"Synthetic mechanism check — not empirical SPY evidence, trading evidence, or an exact paper replication."
182,u_shaped_periodicity,1,MSE,1.8929395326105556e-09,1.8778133476992513e-09,0.992009155786163,-1.5126184911304549e-11,5,0.99899949949937417,-1.2734938857033775,0.2028428408576316,NONE,0,0,0,0,True,500,"Synthetic mechanism check — not empirical SPY evidence, trading evidence, or an exact paper replication."
182,u_shaped_periodicity,1,QLIKE,0.051366050317866369,0.05081564744069951,0.98928469536277708,-0.00055040287716686678,5,0.99899949949937417,-1.6740388249977554,0.094122969241009588,NONE,0,0,0,0,True,500,"Synthetic mechanism check — not empirical SPY evidence, trading evidence, or an exact paper replication."
182,u_shaped_periodicity,5,MSE,6.2658899984680429e-10,6.1116015363465191e-10,0.97537644897065767,-1.5428846212152429e-11,5,0.99099949545900379,-2.114524121412261,0.034470526779759508,HARP,0,0,0,0,True,500,"Synthetic mechanism check — not empirical SPY evidence, trading evidence, or an exact paper replication."
182,u_shaped_periodicity,5,QLIKE,0.018198287596947874,0.017621114433414513,0.96828420473857324,-0.0005771731635333603,5,0.99099949545900379,-2.4830348618557507,0.013026833803339711,HARP,0,0,0,0,True,500,"Synthetic mechanism check — not empirical SPY evidence, trading evidence, or an exact paper replication."
182,u_shaped_periodicity,22,MSE,4.1413690356584138e-10,3.9845864377261142e-10,0.96214232622537255,-1.5678259793229993e-11,21,0.95699947753381764,-1.7854577130030129,0.074187104575110643,NONE,0,0,0,0,True,500,"Synthetic mechanism check — not empirical SPY evidence, trading evidence, or an exact paper replication."
182,u_shaped_periodicity,22,QLIKE,0.012218209664245241,0.011668726637830336,0.95502753336907575,-0.00054948302641490707,21,0.95699947753381764,-2.4421950941052679,0.01459825524850719,HARP,0,0,0,0,True,500,"Synthetic mechanism check — not empirical SPY evidence, trading evidence, or an exact paper replication."
183,no_periodicity,1,MSE,6.5362684004613128e-10,6.5353876541725656e-10,0.99986525242924773,-8.8074628874590986e-14,5,0.99899949949937417,-0.11917220818492429,0.90513892436905419,NONE,0,0,0,0,True,500,"Synthetic mechanism check — not empirical SPY evidence, trading evidence, or an exact paper replication."
183,no_periodicity,1,QLIKE,0.047168334516202289,0.047183518703788493,1.0003219148554203,1.5184187586203102e-05,5,0.99899949949937417,0.31868049010143645,0.74996881053335285,NONE,0,0,0,0,True,500,"Synthetic mechanism check — not empirical SPY evidence, trading evidence, or an exact paper replication."
183,no_periodicity,5,MSE,3.1838250572871141e-10,3.1840264991545379e-10,1.0000632703945096,2.0144186742480169e-14,5,0.99099949545900379,0.033134121912485243,0.97356763232947729,NONE,0,0,0,0,True,500,"Synthetic mechanism check — not empirical SPY evidence, trading evidence, or an exact paper replication."
183,no_periodicity,5,QLIKE,0.02431859567080499,0.024327913733931159,1.000383166168487,9.3180631261713379e-06,5,0.99099949545900379,0.2553434561866339,0.79845783885616139,NONE,0,0,0,0,True,500,"Synthetic mechanism check — not empirical SPY evidence, trading evidence, or an exact paper replication."
183,no_periodicity,22,MSE,3.171205829577968e-10,3.1745215597967742e-10,1.0010455739541975,3.3157302188060831e-13,21,0.95699947753381764,0.70327384272719673,0.48188510849241584,NONE,0,0,0,0,True,500,"Synthetic mechanism check — not empirical SPY evidence, trading evidence, or an exact paper replication."
183,no_periodicity,22,QLIKE,0.024214043273876794,0.024257394831043222,1.0017903477199612,4.3351557166429352e-05,21,0.95699947753381764,1.1610554323900752,0.2456193574496246,NONE,0,0,0,0,True,500,"Synthetic mechanism check — not empirical SPY evidence, trading evidence, or an exact paper replication."
183,u_shaped_periodicity,1,MSE,6.7760624102094747e-10,6.734946651582468e-10,0.99393220485025968,-4.111575862700621e-12,5,0.99899949949937417,-0.81666821425551972,0.41411806075361585,NONE,0,0,0,0,True,500,"Synthetic mechanism check — not empirical SPY evidence, trading evidence, or an exact paper replication."
183,u_shaped_periodicity,1,QLIKE,0.050934203861550217,0.050527230277259222,0.99200981750107975,-0.00040697358429098916,5,0.99899949949937417,-1.2286634196909105,0.21919802669185676,NONE,0,0,0,0,True,500,"Synthetic mechanism check — not empirical SPY evidence, trading evidence, or an exact paper replication."
183,u_shaped_periodicity,5,MSE,3.2315991005570416e-10,3.2124906871271449e-10,0.99408700991821575,-1.9108413429896737e-12,5,0.99099949545900379,-0.48863608426125849,0.6250993616393552,NONE,0,0,0,0,True,500,"Synthetic mechanism check — not empirical SPY evidence, trading evidence, or an exact paper replication."
183,u_shaped_periodicity,5,QLIKE,0.02513460957608174,0.025151665691375932,1.0006785908188693,1.7056115294190821e-05,5,0.99099949545900379,0.06544125391415978,0.94782267858257296,NONE,0,0,0,0,True,500,"Synthetic mechanism check — not empirical SPY evidence, trading evidence, or an exact paper replication."
183,u_shaped_periodicity,22,MSE,3.1285638824003272e-10,3.1035050869488716e-10,0.99199032003392251,-2.5058795451455722e-12,21,0.95699947753381764,-0.67729785680415999,0.4982169904350916,NONE,0,0,0,0,True,500,"Synthetic mechanism check — not empirical SPY evidence, trading evidence, or an exact paper replication."
183,u_shaped_periodicity,22,QLIKE,0.024503964058158547,0.024402004750144052,0.99583906882280349,-0.00010195930801449115,21,0.95699947753381764,-0.43394566424186204,0.66432789858553853,NONE,0,0,0,0,True,500,"Synthetic mechanism check — not empirical SPY evidence, trading evidence, or an exact paper replication."
184,no_periodicity,1,MSE,1.6912703203364268e-09,1.6933199853288075e-09,1.0012119085682134,2.0496649923806039e-12,5,0.99899949949937417,1.6915554177755676,0.090730772966123127,NONE,0,0,0,0,True,500,"Synthetic mechanism check — not empirical SPY evidence, trading evidence, or an exact paper replication."
184,no_periodicity,1,QLIKE,0.047216590560905838,0.047272368528878742,1.001181321381114,5.5777967972909351e-05,5,0.99899949949937417,1.4814358435410839,0.13849046921395844,NONE,0,0,0,0,True,500,"Synthetic mechanism check — not empirical SPY evidence, trading evidence, or an exact paper replication."
184,no_periodicity,5,MSE,7.7137736238541136e-10,7.7387819526666622e-10,1.0032420356147362,2.5008328812547185e-12,5,0.99099949545900379,1.9522584339661044,0.050907529715661766,NONE,0,0,0,0,True,500,"Synthetic mechanism check — not empirical SPY evidence, trading evidence, or an exact paper replication."
184,no_periodicity,5,QLIKE,0.02151358877380298,0.021570719273230076,1.0026555541257098,5.7130499427095136e-05,5,0.99099949545900379,1.6863298185568458,0.09173229076249903,NONE,0,0,0,0,True,500,"Synthetic mechanism check — not empirical SPY evidence, trading evidence, or an exact paper replication."
184,no_periodicity,22,MSE,7.0299361148811242e-10,7.0564895176791742e-10,1.003777189773011,2.6553402798049807e-12,21,0.95699947753381764,1.6246545638876126,0.10423618382146253,NONE,0,0,0,0,True,500,"Synthetic mechanism check — not empirical SPY evidence, trading evidence, or an exact paper replication."
184,no_periodicity,22,QLIKE,0.020581630759139168,0.020658023504095006,1.0037116954360827,7.6392744955836814e-05,21,0.95699947753381764,1.5626001407874222,0.1181466751667135,NONE,0,0,0,0,True,500,"Synthetic mechanism check — not empirical SPY evidence, trading evidence, or an exact paper replication."
184,u_shaped_periodicity,1,MSE,1.8401516521697779e-09,1.8349388101207172e-09,0.99716716715010201,-5.212842049060796e-12,5,0.99899949949937417,-0.49275459446590075,0.62218599699075061,NONE,0,0,0,0,True,500,"Synthetic mechanism check — not empirical SPY evidence, trading evidence, or an exact paper replication."
184,u_shaped_periodicity,1,QLIKE,0.050230357577317412,0.050343875583583254,1.0022599482014658,0.00011351800626585096,5,0.99899949949937417,0.39053926929778721,0.69613782330045004,NONE,0,0,0,0,True,500,"Synthetic mechanism check — not empirical SPY evidence, trading evidence, or an exact paper replication."
184,u_shaped_periodicity,5,MSE,7.7516946831221834e-10,7.8106810510389524e-10,1.0076094802914775,5.8986367916768563e-12,5,0.99099949545900379,0.63664987148610508,0.52435293260046911,NONE,0,0,0,0,True,500,"Synthetic mechanism check — not empirical SPY evidence, trading evidence, or an exact paper replication."
184,u_shaped_periodicity,5,QLIKE,0.021951753835962571,0.022110418633151475,1.0072278870460443,0.00015866479718890992,5,0.99099949545900379,0.61279967683545167,0.54000880458463341,NONE,0,0,0,0,True,500,"Synthetic mechanism check — not empirical SPY evidence, trading evidence, or an exact paper replication."
184,u_shaped_periodicity,22,MSE,6.8832357029684001e-10,7.032951106183788e-10,1.0217507302780324,1.4971540321538722e-11,21,0.95699947753381764,1.0373762411974534,0.29956054652077857,NONE,0,0,0,0,True,500,"Synthetic mechanism check — not empirical SPY evidence, trading evidence, or an exact paper replication."
184,u_shaped_periodicity,22,QLIKE,0.020364211027886818,0.020547261004051402,1.008988807664285,0.00018304997616458784,21,0.95699947753381764,0.48528616351736664,0.6274733690305585,NONE,0,0,0,0,True,500,"Synthetic mechanism check — not empirical SPY evidence, trading evidence, or an exact paper replication."
185,no_periodicity,1,MSE,1.6812642504946498e-09,1.6842778933103189e-09,1.0017924861096537,3.0136428156689472e-12,5,0.99899949949937417,1.424057553722462,0.15442981227166871,NONE,0,0,0,0,True,500,"Synthetic mechanism check — not empirical SPY evidence, trading evidence, or an exact paper replication."
185,no_periodicity,1,QLIKE,0.044070005066050653,0.044125142526880302,1.0012511335260119,5.5137460829648432e-05,5,0.99899949949937417,1.3749661721996072,0.16914193239452446,NONE,0,0,0,0,True,500,"Synthetic mechanism check — not empirical SPY evidence, trading evidence, or an exact paper replication."
185,no_periodicity,5,MSE,7.6788440180809946e-10,7.6758287681516083e-10,0.99960733022805437,-3.0152499293860682e-13,5,0.99099949545900379,-0.2132578394487418,0.83112585635191916,NONE,0,0,0,0,True,500,"Synthetic mechanism check — not empirical SPY evidence, trading evidence, or an exact paper replication."
185,no_periodicity,5,QLIKE,0.021116861535539804,0.021095163794767904,0.99897249216057116,-2.1697740771902561e-05,5,0.99099949545900379,-0.70856823708920602,0.47859245294186514,NONE,0,0,0,0,True,500,"Synthetic mechanism check — not empirical SPY evidence, trading evidence, or an exact paper replication."
185,no_periodicity,22,MSE,7.6966606671243606e-10,7.7146300652594277e-10,1.00233470058149,1.7969398135064842e-12,21,0.95699947753381764,1.2638773945978763,0.20627403661432286,NONE,0,0,0,0,True,500,"Synthetic mechanism check — not empirical SPY evidence, trading evidence, or an exact paper replication."
185,no_periodicity,22,QLIKE,0.021634922400561654,0.021675693414612784,1.0018845001288321,4.0771014051129929e-05,21,0.95699947753381764,1.1274680641931836,0.25954463560416446,NONE,0,0,0,0,True,500,"Synthetic mechanism check — not empirical SPY evidence, trading evidence, or an exact paper replication."
185,u_shaped_periodicity,1,MSE,1.7447716500535354e-09,1.7443239402883134e-09,0.99974339922063249,-4.4770976522177539e-13,5,0.99899949949937417,-0.020803609130107547,0.98340231869358263,NONE,0,0,0,0,True,500,"Synthetic mechanism check — not empirical SPY evidence, trading evidence, or an exact paper replication."
185,u_shaped_periodicity,1,QLIKE,0.046019071816839445,0.045960170227453974,0.9987200613341376,-5.8901589385471632e-05,5,0.99899949949937417,-0.14103199580398723,0.88784466595533207,NONE,0,0,0,0,True,500,"Synthetic mechanism check — not empirical SPY evidence, trading evidence, or an exact paper replication."
185,u_shaped_periodicity,5,MSE,7.6347960293441662e-10,7.6755288187663511e-10,1.0053351509674429,4.0732789422184175e-12,5,0.99099949545900379,0.27629369358909645,0.78232249925995589,NONE,0,0,0,0,True,500,"Synthetic mechanism check — not empirical SPY evidence, trading evidence, or an exact paper replication."
185,u_shaped_periodicity,5,QLIKE,0.021289915566621138,0.021289702773896805,0.99999000499914303,-2.1279272433538666e-07,5,0.99099949545900379,-0.0006577014012620878,0.99947523024414797,NONE,0,0,0,0,True,500,"Synthetic mechanism check — not empirical SPY evidence, trading evidence, or an exact paper replication."
185,u_shaped_periodicity,22,MSE,7.2583035452203477e-10,7.4912203428225896e-10,1.0320897019739026,2.3291679760224043e-11,21,0.95699947753381764,1.1391333566629389,0.25464753661313727,NONE,0,0,0,0,True,500,"Synthetic mechanism check — not empirical SPY evidence, trading evidence, or an exact paper replication."
185,u_shaped_periodicity,22,QLIKE,0.020759239348701948,0.021099663115316511,1.0163986628265282,0.00034042376661456243,21,0.95699947753381764,0.72380536265433315,0.46918523660090311,NONE,0,0,0,0,True,500,"Synthetic mechanism check — not empirical SPY evidence, trading evidence, or an exact paper replication."
186,no_periodicity,1,MSE,2.0875850646847222e-09,2.0902067513189872e-09,1.0012558466136856,2.6216866342652331e-12,5,0.99899949949937417,1.0771272586135885,0.28142341678744992,NONE,0,0,0,0,True,500,"Synthetic mechanism check — not empirical SPY evidence, trading evidence, or an exact paper replication."
186,no_periodicity,1,QLIKE,0.045543742020868173,0.04556809003446452,1.0005346072262835,2.4348013596342532e-05,5,0.99899949949937417,0.52882811434165977,0.59692469284232108,NONE,0,0,0,0,True,500,"Synthetic mechanism check — not empirical SPY evidence, trading evidence, or an exact paper replication."
186,no_periodicity,5,MSE,9.3801840052622474e-10,9.4125891356957015e-10,1.003454636968238,3.2405130433453676e-12,5,0.99099949545900379,1.4817559212986156,0.13840525149070423,NONE,0,0,0,0,True,500,"Synthetic mechanism check — not empirical SPY evidence, trading evidence, or an exact paper replication."
186,no_periodicity,5,QLIKE,0.020753961283131218,0.020813526241280769,1.0028700524847738,5.9564958149547653e-05,5,0.99099949545900379,1.4499655260642184,0.14706813290036064,NONE,0,0,0,0,True,500,"Synthetic mechanism check — not empirical SPY evidence, trading evidence, or an exact paper replication."
186,no_periodicity,22,MSE,8.9392308735048576e-10,9.0048977117645977e-10,1.0073459159058495,6.5666838259738758e-12,21,0.95699947753381764,1.9326697526886798,0.053276893610949831,NONE,0,0,0,0,True,500,"Synthetic mechanism check — not empirical SPY evidence, trading evidence, or an exact paper replication."
186,no_periodicity,22,QLIKE,0.017792161427987951,0.017918419561516963,1.0070962785516548,0.0001262581335290096,21,0.95699947753381764,2.1749596971501677,0.029633136703324934,HAR,0,0,0,0,True,500,"Synthetic mechanism check — not empirical SPY evidence, trading evidence, or an exact paper replication."
186,u_shaped_periodicity,1,MSE,2.0587987306065408e-09,2.0661709843220559e-09,1.003580852079379,7.3722537155154978e-12,5,0.99899949949937417,0.46782469245428787,0.63990996097745412,NONE,0,0,0,0,True,500,"Synthetic mechanism check — not empirical SPY evidence, trading evidence, or an exact paper replication."
186,u_shaped_periodicity,1,QLIKE,0.046364054131438681,0.046439069054849909,1.0016179543574548,7.5014923411222958e-05,5,0.99899949949937417,0.26356772633879055,0.79211303000827415,NONE,0,0,0,0,True,500,"Synthetic mechanism check — not empirical SPY evidence, trading evidence, or an exact paper replication."
186,u_shaped_periodicity,5,MSE,9.4384460160252382e-10,9.3490232313819994e-10,0.99052568775713601,-8.9422784643237669e-12,5,0.99099949545900379,-0.69223008977160994,0.48879284530860623,NONE,0,0,0,0,True,500,"Synthetic mechanism check — not empirical SPY evidence, trading evidence, or an exact paper replication."
186,u_shaped_periodicity,5,QLIKE,0.02083281862516739,0.020701685120800221,0.99370543627693519,-0.00013113350436717042,5,0.99099949545900379,-0.49186834923544881,0.62281241445586522,NONE,0,0,0,0,True,500,"Synthetic mechanism check — not empirical SPY evidence, trading evidence, or an exact paper replication."
186,u_shaped_periodicity,22,MSE,9.129009814428882e-10,8.9237917017771644e-10,0.97752022214639755,-2.052181126517154e-11,21,0.95699947753381764,-1.4987364104651573,0.13394202699654234,NONE,0,0,0,0,True,500,"Synthetic mechanism check — not empirical SPY evidence, trading evidence, or an exact paper replication."
186,u_shaped_periodicity,22,QLIKE,0.018353731443842527,0.018095678071147293,0.98594000498019674,-0.00025805337269523411,21,0.95699947753381764,-0.82276172330159636,0.41064350740285266,NONE,0,0,0,0,True,500,"Synthetic mechanism check — not empirical SPY evidence, trading evidence, or an exact paper replication."
187,no_periodicity,1,MSE,1.6556647845729791e-09,1.6539900399962803e-09,0.99898847605366525,-1.6747445766987459e-12,5,0.99899949949937417,-0.8316978141650162,0.40557953476381997,NONE,0,0,0,0,True,500,"Synthetic mechanism check — not empirical SPY evidence, trading evidence, or an exact paper replication."
187,no_periodicity,1,QLIKE,0.048980462101060128,0.048946122614468519,0.99929891460556752,-3.4339486591605351e-05,5,0.99899949949937417,-0.61704364886445429,0.53720593572617203,NONE,0,0,0,0,True,500,"Synthetic mechanism check — not empirical SPY evidence, trading evidence, or an exact paper replication."
187,no_periodicity,5,MSE,7.6986884261025523e-10,7.6866781865687675e-10,0.99843996290419235,-1.2010239533783025e-12,5,0.99099949545900379,-0.88618299154179014,0.37551892737765358,NONE,0,0,0,0,True,500,"Synthetic mechanism check — not empirical SPY evidence, trading evidence, or an exact paper replication."
187,no_periodicity,5,QLIKE,0.024165545323152283,0.02413184747671503,0.99860554165086568,-3.3697846437252821e-05,5,0.99099949545900379,-0.85659591562659754,0.39166824376382697,NONE,0,0,0,0,True,500,"Synthetic mechanism check — not empirical SPY evidence, trading evidence, or an exact paper replication."
187,no_periodicity,22,MSE,5.1752449214924357e-10,5.1662458035596927e-10,0.99826112231029485,-8.9991179327429267e-13,21,0.95699947753381764,-0.78075443851167126,0.43494693574984367,NONE,0,0,0,0,True,500,"Synthetic mechanism check — not empirical SPY evidence, trading evidence, or an exact paper replication."
187,no_periodicity,22,QLIKE,0.015831211290262551,0.015811992903932811,0.99878604448027541,-1.9218386329738824e-05,21,0.95699947753381764,-0.51924130430711424,0.6035924789052336,NONE,0,0,0,0,True,500,"Synthetic mechanism check — not empirical SPY evidence, trading evidence, or an exact paper replication."
187,u_shaped_periodicity,1,MSE,1.7555652988423619e-09,1.7472240311737844e-09,0.99524867136865958,-8.3412676685771279e-12,5,0.99899949949937417,-0.74757559120541472,0.45471619211385012,NONE,0,0,0,0,True,500,"Synthetic mechanism check — not empirical SPY evidence, trading evidence, or an exact paper replication."
187,u_shaped_periodicity,1,QLIKE,0.051715478520394542,0.051299038646294808,0.99194748098607444,-0.00041643987409972105,5,0.99899949949937417,-1.2543483317725832,0.2097154237744564,NONE,0,0,0,0,True,500,"Synthetic mechanism check — not empirical SPY evidence, trading evidence, or an exact paper replication."
187,u_shaped_periodicity,5,MSE,8.4283726226373117e-10,8.2742810741825036e-10,0.98171752064675666,-1.5409154845480899e-11,5,0.99099949545900379,-1.8156027961559686,0.069431324389352192,NONE,0,0,0,0,True,500,"Synthetic mechanism check — not empirical SPY evidence, trading evidence, or an exact paper replication."
187,u_shaped_periodicity,5,QLIKE,0.02606704219016602,0.025461892770460636,0.97678488355945192,-0.00060514941970538419,5,0.99099949545900379,-2.4865098163470498,0.012900301058907673,HARP,0,0,0,0,True,500,"Synthetic mechanism check — not empirical SPY evidence, trading evidence, or an exact paper replication."
187,u_shaped_periodicity,22,MSE,5.4604275507443724e-10,5.3704592033288865e-10,0.98352357089634468,-8.9968347415487616e-12,21,0.95699947753381764,-1.1516582350237303,0.24946154091888964,NONE,0,0,0,0,True,500,"Synthetic mechanism check — not empirical SPY evidence, trading evidence, or an exact paper replication."
187,u_shaped_periodicity,22,QLIKE,0.016640809034516476,0.016273995377055102,0.97795698173685386,-0.00036681365746137474,21,0.95699947753381764,-1.6668094781524965,0.09555229497087725,NONE,0,0,0,0,True,500,"Synthetic mechanism check — not empirical SPY evidence, trading evidence, or an exact paper replication."
188,no_periodicity,1,MSE,1.835647444728788e-09,1.8365008143743231e-09,1.0004648875512483,8.5336964553507861e-13,5,0.99899949949937417,0.5664631449379911,0.57107897986397582,NONE,0,0,0,0,True,500,"Synthetic mechanism check — not empirical SPY evidence, trading evidence, or an exact paper replication."
188,no_periodicity,1,QLIKE,0.048803781483248328,0.048830635721677611,1.0005502491326108,2.6854238429278698e-05,5,0.99899949949937417,0.69436390881684129,0.48745402141470456,NONE,0,0,0,0,True,500,"Synthetic mechanism check — not empirical SPY evidence, trading evidence, or an exact paper replication."
188,no_periodicity,5,MSE,7.9613369513965005e-10,7.9660899794596981e-10,1.0005970138046179,4.753028063199098e-13,5,0.99099949545900379,0.44669326339603521,0.65509654649602,NONE,0,0,0,0,True,500,"Synthetic mechanism check — not empirical SPY evidence, trading evidence, or an exact paper replication."
188,no_periodicity,5,QLIKE,0.023228877204702316,0.02326084661991935,1.0013762789710112,3.1969415217037333e-05,5,0.99099949545900379,0.96804800593594054,0.33302039502495762,NONE,0,0,0,0,True,500,"Synthetic mechanism check — not empirical SPY evidence, trading evidence, or an exact paper replication."
188,no_periodicity,22,MSE,4.5183594675322569e-10,4.5169777454186293e-10,0.9996941982762646,-1.3817221136275946e-13,21,0.95699947753381764,-0.11288065473454464,0.91012517357757905,NONE,0,0,0,0,True,500,"Synthetic mechanism check — not empirical SPY evidence, trading evidence, or an exact paper replication."
188,no_periodicity,22,QLIKE,0.01455679319512458,0.01452720307904286,0.99796726410239645,-2.9590116081720462e-05,21,0.95699947753381764,-0.76191834499395694,0.44610874030188774,NONE,0,0,0,0,True,500,"Synthetic mechanism check — not empirical SPY evidence, trading evidence, or an exact paper replication."
188,u_shaped_periodicity,1,MSE,1.9032559398796018e-09,1.8948218504726465e-09,0.99556859945620935,-8.4340894069555555e-12,5,0.99899949949937417,-0.64764990634794384,0.51721141082994837,NONE,0,0,0,0,True,500,"Synthetic mechanism check — not empirical SPY evidence, trading evidence, or an exact paper replication."
188,u_shaped_periodicity,1,QLIKE,0.050452310756967954,0.050385824591209841,0.99868219780698686,-6.6486165758110173e-05,5,0.99899949949937417,-0.17474237733723799,0.86128206773400584,NONE,0,0,0,0,True,500,"Synthetic mechanism check — not empirical SPY evidence, trading evidence, or an exact paper replication."
188,u_shaped_periodicity,5,MSE,8.0273403795308469e-10,7.9567235098794971e-10,0.99120295561012739,-7.0616869651349235e-12,5,0.99099949545900379,-0.70723159732807372,0.47942256571800446,NONE,0,0,0,0,True,500,"Synthetic mechanism check — not empirical SPY evidence, trading evidence, or an exact paper replication."
188,u_shaped_periodicity,5,QLIKE,0.023664711151486578,0.023660969059422252,0.99984187036806105,-3.7420920643236324e-06,5,0.99099949545900379,-0.011230698227670297,0.99103938764239119,NONE,0,0,0,0,True,500,"Synthetic mechanism check — not empirical SPY evidence, trading evidence, or an exact paper replication."
188,u_shaped_periodicity,22,MSE,4.6578350684902538e-10,4.4760667650621224e-10,0.9609757965330773,-1.8176830342813167e-11,21,0.95699947753381764,-1.3062611409242859,0.1914637670135888,NONE,0,0,0,0,True,500,"Synthetic mechanism check — not empirical SPY evidence, trading evidence, or an exact paper replication."
188,u_shaped_periodicity,22,QLIKE,0.015211349956935901,0.014793969050490539,0.97256121858829181,-0.00041738090644536329,21,0.95699947753381764,-1.1274950397252612,0.25953323653661492,NONE,0,0,0,0,True,500,"Synthetic mechanism check — not empirical SPY evidence, trading evidence, or an exact paper replication."
189,no_periodicity,1,MSE,1.3866683208727745e-09,1.3867615495507193e-09,1.0000672321394679,9.3228677944629798e-14,5,0.99899949949937417,0.067773113026536283,0.94596624723384648,NONE,0,0,0,0,True,500,"Synthetic mechanism check — not empirical SPY evidence, trading evidence, or an exact paper replication."
189,no_periodicity,1,QLIKE,0.044594024210479928,0.044595798881894189,1.000039796171027,1.7746714142705677e-06,5,0.99899949949937417,0.039419809423715625,0.96855568654698321,NONE,0,0,0,0,True,500,"Synthetic mechanism check — not empirical SPY evidence, trading evidence, or an exact paper replication."
189,no_periodicity,5,MSE,5.6801839172819033e-10,5.6962334181631981e-10,1.0028255248624018,1.6049500881294033e-12,5,0.99099949545900379,1.6310183662961459,0.10288644418162531,NONE,0,0,0,0,True,500,"Synthetic mechanism check — not empirical SPY evidence, trading evidence, or an exact paper replication."
189,no_periodicity,5,QLIKE,0.018894966545898558,0.018942854236944362,1.0025344152332569,4.7887691045806147e-05,5,0.99099949545900379,1.5379752772942539,0.12405465976037894,NONE,0,0,0,0,True,500,"Synthetic mechanism check — not empirical SPY evidence, trading evidence, or an exact paper replication."
189,no_periodicity,22,MSE,4.1874225013430444e-10,4.187164979113201e-10,0.99993850101589676,-2.5752222984379041e-14,21,0.95699947753381764,-0.026368926755995798,0.97896307838446495,NONE,0,0,0,0,True,500,"Synthetic mechanism check — not empirical SPY evidence, trading evidence, or an exact paper replication."
189,no_periodicity,22,QLIKE,0.014880499824705212,0.014874366988143376,0.99958786084915952,-6.1328365618371624e-06,21,0.95699947753381764,-0.17970075139807767,0.85738750351706994,NONE,0,0,0,0,True,500,"Synthetic mechanism check — not empirical SPY evidence, trading evidence, or an exact paper replication."
189,u_shaped_periodicity,1,MSE,1.431166002630276e-09,1.4202296812612345e-09,0.99235845363225361,-1.093632136904156e-11,5,0.99899949949937417,-1.124530716754907,0.26078794708885455,NONE,0,0,0,0,True,500,"Synthetic mechanism check — not empirical SPY evidence, trading evidence, or an exact paper replication."
189,u_shaped_periodicity,1,QLIKE,0.046412782138726363,0.046215196993896736,0.99574287220621571,-0.00019758514482963286,5,0.99899949949937417,-0.61354294821888433,0.53951739383499819,NONE,0,0,0,0,True,500,"Synthetic mechanism check — not empirical SPY evidence, trading evidence, or an exact paper replication."
189,u_shaped_periodicity,5,MSE,5.5276851065779556e-10,5.4942036529565857e-10,0.99394295207201167,-3.3481453621370097e-12,5,0.99099949545900379,-0.37995791908042731,0.7039766523945109,NONE,0,0,0,0,True,500,"Synthetic mechanism check — not empirical SPY evidence, trading evidence, or an exact paper replication."
189,u_shaped_periodicity,5,QLIKE,0.018613169498220752,0.018735722383626901,1.0065842029439351,0.00012255288540614462,5,0.99099949545900379,0.41519844334875011,0.67799663827384826,NONE,0,0,0,0,True,500,"Synthetic mechanism check — not empirical SPY evidence, trading evidence, or an exact paper replication."
189,u_shaped_periodicity,22,MSE,3.8867769434201749e-10,4.0573707488751014e-10,1.0438908144043924,1.7059380545492583e-11,21,0.95699947753381764,1.65365837434444,0.098196944766486743,NONE,0,0,0,0,True,500,"Synthetic mechanism check — not empirical SPY evidence, trading evidence, or an exact paper replication."
189,u_shaped_periodicity,22,QLIKE,0.013932062035227994,0.014598913067259555,1.0478644891434872,0.00066685103203156131,21,0.95699947753381764,2.1189742921783328,0.034092639607099108,HAR,0,0,0,0,True,500,"Synthetic mechanism check — not empirical SPY evidence, trading evidence, or an exact paper replication."
190,no_periodicity,1,MSE,7.8480183780684956e-10,7.8431636129635441e-10,0.99938140242911278,-4.8547651049509814e-13,5,0.99899949949937417,-0.73686291796446413,0.46120571650396869,NONE,0,0,0,0,True,500,"Synthetic mechanism check — not empirical SPY evidence, trading evidence, or an exact paper replication."
190,no_periodicity,1,QLIKE,0.039886348886195008,0.039877766254327124,0.99978482282516323,-8.5826318678816633e-06,5,0.99899949949937417,-0.27241672880183582,0.7853016112119896,NONE,0,0,0,0,True,500,"Synthetic mechanism check — not empirical SPY evidence, trading evidence, or an exact paper replication."
190,no_periodicity,5,MSE,3.2535547651225724e-10,3.2495656547236354e-10,0.99877392246729657,-3.9891103989370873e-13,5,0.99099949545900379,-0.76211302387025848,0.44599255038022784,NONE,0,0,0,0,True,500,"Synthetic mechanism check — not empirical SPY evidence, trading evidence, or an exact paper replication."
190,no_periodicity,5,QLIKE,0.017239337141967334,0.01721152958727944,0.99838697077161975,-2.7807554687892199e-05,5,0.99099949545900379,-1.0512947235482697,0.29312324971408948,NONE,0,0,0,0,True,500,"Synthetic mechanism check — not empirical SPY evidence, trading evidence, or an exact paper replication."
190,no_periodicity,22,MSE,2.4556080528309941e-10,2.4539088252011555e-10,0.99930802164136923,-1.6992276298380218e-13,21,0.95699947753381764,-0.39191574164886378,0.69512047141666433,NONE,0,0,0,0,True,500,"Synthetic mechanism check — not empirical SPY evidence, trading evidence, or an exact paper replication."
190,no_periodicity,22,QLIKE,0.01276607808848962,0.012753699194752431,0.9990303291542334,-1.2378893737186925e-05,21,0.95699947753381764,-0.52727299614653689,0.59800402387248908,NONE,0,0,0,0,True,500,"Synthetic mechanism check — not empirical SPY evidence, trading evidence, or an exact paper replication."
190,u_shaped_periodicity,1,MSE,8.3616918490333186e-10,8.3800911520100517e-10,1.0022004282517132,1.8399302976732758e-12,5,0.99899949949937417,0.25251979218877374,0.80063931773874764,NONE,0,0,0,0,True,500,"Synthetic mechanism check — not empirical SPY evidence, trading evidence, or an exact paper replication."
190,u_shaped_periodicity,1,QLIKE,0.042584877979962736,0.042501238105922254,0.99803592547383047,-8.3639874040476243e-05,5,0.99899949949937417,-0.23915568672942231,0.81098486255158964,NONE,0,0,0,0,True,500,"Synthetic mechanism check — not empirical SPY evidence, trading evidence, or an exact paper replication."
190,u_shaped_periodicity,5,MSE,3.5831936520440023e-10,3.5730299525054251e-10,0.99716350816462862,-1.0163699538577258e-12,5,0.99099949545900379,-0.22620236806625157,0.8210440288924068,NONE,0,0,0,0,True,500,"Synthetic mechanism check — not empirical SPY evidence, trading evidence, or an exact paper replication."
190,u_shaped_periodicity,5,QLIKE,0.01900185210544196,0.018830903554915495,0.99100358483068562,-0.0001709485505264663,5,0.99099949545900379,-0.74863695868737556,0.4540760497722513,NONE,0,0,0,0,True,500,"Synthetic mechanism check — not empirical SPY evidence, trading evidence, or an exact paper replication."
190,u_shaped_periodicity,22,MSE,2.5840607076309067e-10,2.642646902894524e-10,1.0226721435338606,5.8586195263617316e-12,21,0.95699947753381764,1.9127170396320212,0.0557842865873132,NONE,0,0,0,0,True,500,"Synthetic mechanism check — not empirical SPY evidence, trading evidence, or an exact paper replication."
190,u_shaped_periodicity,22,QLIKE,0.013320049074631133,0.013613765108511155,1.0220506720534102,0.00029371603388001952,21,0.95699947753381764,1.8576728620016025,0.063215484573189762,NONE,0,0,0,0,True,500,"Synthetic mechanism check — not empirical SPY evidence, trading evidence, or an exact paper replication."
191,no_periodicity,1,MSE,7.8654727064285352e-10,7.8699162337450334e-10,1.000564940911036,4.4435273164986002e-13,5,0.99899949949937417,0.56333321421941085,0.5732080051492725,NONE,0,0,0,0,True,500,"Synthetic mechanism check — not empirical SPY evidence, trading evidence, or an exact paper replication."
191,no_periodicity,1,QLIKE,0.043263938063461314,0.043313344228409906,1.0011419710539553,4.940616494858663e-05,5,0.99899949949937417,1.4193190361824524,0.15580602472974489,NONE,0,0,0,0,True,500,"Synthetic mechanism check — not empirical SPY evidence, trading evidence, or an exact paper replication."
191,no_periodicity,5,MSE,3.8486605588253217e-10,3.8511602278066546e-10,1.0006494906326828,2.4996689813326467e-13,5,0.99099949545900379,0.34041000455575704,0.73354778555315003,NONE,0,0,0,0,True,500,"Synthetic mechanism check — not empirical SPY evidence, trading evidence, or an exact paper replication."
191,no_periodicity,5,QLIKE,0.020625088882040829,0.020628984636992521,1.000188884274583,3.8957549516904773e-06,5,0.99099949545900379,0.11758435406228215,0.9063970025852004,NONE,0,0,0,0,True,500,"Synthetic mechanism check — not empirical SPY evidence, trading evidence, or an exact paper replication."
191,no_periodicity,22,MSE,4.0043012764839639e-10,3.9956895925339279e-10,0.99784939160282227,-8.6116839500366051e-13,21,0.95699947753381764,-1.1792425450933055,0.2383016092452484,NONE,0,0,0,0,True,500,"Synthetic mechanism check — not empirical SPY evidence, trading evidence, or an exact paper replication."
191,no_periodicity,22,QLIKE,0.020801895281111194,0.020766353123112195,0.99829139809047729,-3.554215799899785e-05,21,0.95699947753381764,-1.0640642403726561,0.28729959895681439,NONE,0,0,0,0,True,500,"Synthetic mechanism check — not empirical SPY evidence, trading evidence, or an exact paper replication."
191,u_shaped_periodicity,1,MSE,8.0869121018663701e-10,8.1182041362460087e-10,1.003869466365588,3.1292034379639627e-12,5,0.99899949949937417,0.38119493685816486,0.70305860581640323,NONE,0,0,0,0,True,500,"Synthetic mechanism check — not empirical SPY evidence, trading evidence, or an exact paper replication."
191,u_shaped_periodicity,1,QLIKE,0.046865513797076236,0.046999203982129187,1.0028526345754325,0.00013369018505296636,5,0.99899949949937417,0.39446624270157576,0.69323684536292185,NONE,0,0,0,0,True,500,"Synthetic mechanism check — not empirical SPY evidence, trading evidence, or an exact paper replication."
191,u_shaped_periodicity,5,MSE,3.803683376981541e-10,3.7870902227779532e-10,0.99563760898080966,-1.6593154203587314e-12,5,0.99099949545900379,-0.26241333770448527,0.79300279088391645,NONE,0,0,0,0,True,500,"Synthetic mechanism check — not empirical SPY evidence, trading evidence, or an exact paper replication."
191,u_shaped_periodicity,5,QLIKE,0.021743884804715036,0.021603290506625388,0.99353407639194447,-0.00014059429808965085,5,0.99099949545900379,-0.56498131945204766,0.57208647030533721,NONE,0,0,0,0,True,500,"Synthetic mechanism check — not empirical SPY evidence, trading evidence, or an exact paper replication."
191,u_shaped_periodicity,22,MSE,3.9056439874578217e-10,3.941839807615696e-10,1.0092675677235585,3.6195820157874635e-12,21,0.95699947753381764,0.56255222405083216,0.57373983251650307,NONE,0,0,0,0,True,500,"Synthetic mechanism check — not empirical SPY evidence, trading evidence, or an exact paper replication."
191,u_shaped_periodicity,22,QLIKE,0.020641541433028501,0.020858792314374441,1.0105249349740091,0.00021725088134594018,21,0.95699947753381764,0.69359465821287214,0.48793644465031544,NONE,0,0,0,0,True,500,"Synthetic mechanism check — not empirical SPY evidence, trading evidence, or an exact paper replication."
192,no_periodicity,1,MSE,1.040784218204657e-09,1.0422699846659189e-09,1.0014275451484314,1.4857664612619136e-12,5,0.99899949949937417,1.0650906951523704,0.28683488956639291,NONE,0,0,0,0,True,500,"Synthetic mechanism check — not empirical SPY evidence, trading evidence, or an exact paper replication."
192,no_periodicity,1,QLIKE,0.047232319602257058,0.04727551688092585,1.0009145703415068,4.3197278668783754e-05,5,0.99899949949937417,0.80546517416518748,0.42055129525626722,NONE,0,0,0,0,True,500,"Synthetic mechanism check — not empirical SPY evidence, trading evidence, or an exact paper replication."
192,no_periodicity,5,MSE,4.3525763781403517e-10,4.354111881015879e-10,1.0003527802253487,1.5355028755276785e-13,5,0.99099949545900379,0.17256049482010846,0.86299690654507233,NONE,0,0,0,0,True,500,"Synthetic mechanism check — not empirical SPY evidence, trading evidence, or an exact paper replication."
192,no_periodicity,5,QLIKE,0.01968851747507442,0.019714194080087434,1.0013041411089241,2.5676605013011945e-05,5,0.99099949545900379,0.70405752318032777,0.48139695138780275,NONE,0,0,0,0,True,500,"Synthetic mechanism check — not empirical SPY evidence, trading evidence, or an exact paper replication."
192,no_periodicity,22,MSE,3.4451898797118746e-10,3.4601722336791548e-10,1.0043487745205304,1.4982353967279599e-12,21,0.95699947753381764,1.5467701760950716,0.12191867422527831,NONE,0,0,0,0,True,500,"Synthetic mechanism check — not empirical SPY evidence, trading evidence, or an exact paper replication."
192,no_periodicity,22,QLIKE,0.016472713522590724,0.016550321121358399,1.0047112820034929,7.7607598767672316e-05,21,0.95699947753381764,1.5502520754247575,0.12108102518327067,NONE,0,0,0,0,True,500,"Synthetic mechanism check — not empirical SPY evidence, trading evidence, or an exact paper replication."
192,u_shaped_periodicity,1,MSE,1.1076741362429488e-09,1.1072205236313099e-09,0.99959048189643807,-4.5361261163908807e-13,5,0.99899949949937417,-0.050348258137647262,0.95984486807412994,NONE,0,0,0,0,True,500,"Synthetic mechanism check — not empirical SPY evidence, trading evidence, or an exact paper replication."
192,u_shaped_periodicity,1,QLIKE,0.051575776852360422,0.051222972664987342,0.99315949833614703,-0.00035280418737308896,5,0.99899949949937417,-0.98245841488248264,0.32587406028755239,NONE,0,0,0,0,True,500,"Synthetic mechanism check — not empirical SPY evidence, trading evidence, or an exact paper replication."
192,u_shaped_periodicity,5,MSE,4.5911017436285858e-10,4.5552999527980186e-10,0.99220191735453211,-3.5801790830567437e-12,5,0.99099949545900379,-0.46299726933337304,0.64336632441268016,NONE,0,0,0,0,True,500,"Synthetic mechanism check — not empirical SPY evidence, trading evidence, or an exact paper replication."
192,u_shaped_periodicity,5,QLIKE,0.021201476550084933,0.020826297249892184,0.98230409569321975,-0.00037517930019274946,5,0.99099949545900379,-1.2260035425283877,0.22019734192833362,NONE,0,0,0,0,True,500,"Synthetic mechanism check — not empirical SPY evidence, trading evidence, or an exact paper replication."
192,u_shaped_periodicity,22,MSE,3.4388641040197702e-10,3.4200892016051015e-10,0.99454037675035711,-1.8774902414668776e-12,21,0.95699947753381764,-0.24100614595970044,0.80955035312095958,NONE,0,0,0,0,True,500,"Synthetic mechanism check — not empirical SPY evidence, trading evidence, or an exact paper replication."
192,u_shaped_periodicity,22,QLIKE,0.016662304761304099,0.016642351032030753,0.99880246283097129,-1.9953729273344489e-05,21,0.95699947753381764,-0.062277181246780618,0.95034209992379837,NONE,0,0,0,0,True,500,"Synthetic mechanism check — not empirical SPY evidence, trading evidence, or an exact paper replication."
193,no_periodicity,1,MSE,1.5729931876476126e-09,1.5705838624223682e-09,0.99846831808035519,-2.4093252252444043e-12,5,0.99899949949937417,-1.4670186988322655,0.14237096873795363,NONE,0,0,0,0,True,500,"Synthetic mechanism check — not empirical SPY evidence, trading evidence, or an exact paper replication."
193,no_periodicity,1,QLIKE,0.04527512836404976,0.045229364594188512,0.99898920728632135,-4.5763769861241863e-05,5,0.99899949949937417,-1.0587943346398692,0.28969345435266763,NONE,0,0,0,0,True,500,"Synthetic mechanism check — not empirical SPY evidence, trading evidence, or an exact paper replication."
193,no_periodicity,5,MSE,7.0631780702485815e-10,7.0450180305714028e-10,0.9974289137982133,-1.8160039677179197e-12,5,0.99099949545900379,-1.5585059243758281,0.1191133647091276,NONE,0,0,0,0,True,500,"Synthetic mechanism check — not empirical SPY evidence, trading evidence, or an exact paper replication."
193,no_periodicity,5,QLIKE,0.020471409708643265,0.020427566685472655,0.99785832906504246,-4.3843023170609732e-05,5,0.99099949545900379,-1.3956629560308997,0.16281601448617011,NONE,0,0,0,0,True,500,"Synthetic mechanism check — not empirical SPY evidence, trading evidence, or an exact paper replication."
193,no_periodicity,22,MSE,4.5084632826084551e-10,4.4959748008667314e-10,0.99722999147183955,-1.2488481741723604e-12,21,0.95699947753381764,-0.91774003504255786,0.35875498258673394,NONE,0,0,0,0,True,500,"Synthetic mechanism check — not empirical SPY evidence, trading evidence, or an exact paper replication."
193,no_periodicity,22,QLIKE,0.012421495963582467,0.012386760886405026,0.99720363173008486,-3.4735077177439067e-05,21,0.95699947753381764,-0.98330474161286718,0.32545747715523565,NONE,0,0,0,0,True,500,"Synthetic mechanism check — not empirical SPY evidence, trading evidence, or an exact paper replication."
193,u_shaped_periodicity,1,MSE,1.7199797625329654e-09,1.6962121454837162e-09,0.9861814554060524,-2.3767617049249338e-11,5,0.99899949949937417,-1.697780437570604,0.089549209421175058,NONE,0,0,0,0,True,500,"Synthetic mechanism check — not empirical SPY evidence, trading evidence, or an exact paper replication."
193,u_shaped_periodicity,1,QLIKE,0.049161388897990717,0.04859835993656364,0.98854733411630502,-0.00056302896142707134,5,0.99899949949937417,-1.5208137016990668,0.12830659502124053,NONE,0,0,0,0,True,500,"Synthetic mechanism check — not empirical SPY evidence, trading evidence, or an exact paper replication."
193,u_shaped_periodicity,5,MSE,7.3540545240631053e-10,7.2167955003032712e-10,0.98133559884405119,-1.3725902375983293e-11,5,0.99099949545900379,-1.1975876981301996,0.23107756761830356,NONE,0,0,0,0,True,500,"Synthetic mechanism check — not empirical SPY evidence, trading evidence, or an exact paper replication."
193,u_shaped_periodicity,5,QLIKE,0.021316911493128646,0.020969893282555059,0.98372099022480597,-0.00034701821057358905,5,0.99099949545900379,-1.1903454257577708,0.23391065346447798,NONE,0,0,0,0,True,500,"Synthetic mechanism check — not empirical SPY evidence, trading evidence, or an exact paper replication."
193,u_shaped_periodicity,22,MSE,4.5127980687216902e-10,4.4089938554286168e-10,0.97699781560966736,-1.0380421329307345e-11,21,0.95699947753381764,-0.76471512406504893,0.44444119825165967,NONE,0,0,0,0,True,500,"Synthetic mechanism check — not empirical SPY evidence, trading evidence, or an exact paper replication."
193,u_shaped_periodicity,22,QLIKE,0.012560721801212914,0.01224341141168345,0.97473788572414499,-0.00031731038952946376,21,0.95699947753381764,-0.96662780356052569,0.33373013025802362,NONE,0,0,0,0,True,500,"Synthetic mechanism check — not empirical SPY evidence, trading evidence, or an exact paper replication."
194,no_periodicity,1,MSE,1.7133886374157576e-09,1.7121703091792079e-09,0.99928893643278316,-1.2183282365497324e-12,5,0.99899949949937417,-0.71594021630457638,0.47402826454350838,NONE,0,0,0,0,True,500,"Synthetic mechanism check — not empirical SPY evidence, trading evidence, or an exact paper replication."
194,no_periodicity,1,QLIKE,0.046207557045543246,0.046199468203036859,0.9998249454629593,-8.0888425063885266e-06,5,0.99899949949937417,-0.16472480973667475,0.8691605883871204,NONE,0,0,0,0,True,500,"Synthetic mechanism check — not empirical SPY evidence, trading evidence, or an exact paper replication."
194,no_periodicity,5,MSE,6.9872841413871173e-10,6.9844435366750094e-10,0.99959346082760792,-2.8406047121076935e-13,5,0.99099949545900379,-0.24442791189483273,0.80689942666933523,NONE,0,0,0,0,True,500,"Synthetic mechanism check — not empirical SPY evidence, trading evidence, or an exact paper replication."
194,no_periodicity,5,QLIKE,0.020238774836259233,0.020250966791504964,1.0006024057950331,1.2191955245729691e-05,5,0.99099949545900379,0.34302789751059121,0.73157747286933839,NONE,0,0,0,0,True,500,"Synthetic mechanism check — not empirical SPY evidence, trading evidence, or an exact paper replication."
194,no_periodicity,22,MSE,4.8789327774786946e-10,4.8812297449176739e-10,1.0004707930081722,2.2969674389796467e-13,21,0.95699947753381764,0.17440921643381241,0.86154387166148483,NONE,0,0,0,0,True,500,"Synthetic mechanism check — not empirical SPY evidence, trading evidence, or an exact paper replication."
194,no_periodicity,22,QLIKE,0.015414755838469848,0.015447921463597625,1.0021515504673131,3.3165625127777429e-05,21,0.95699947753381764,0.78074638420700515,0.43495167381915562,NONE,0,0,0,0,True,500,"Synthetic mechanism check — not empirical SPY evidence, trading evidence, or an exact paper replication."
194,u_shaped_periodicity,1,MSE,1.8115722353547934e-09,1.8085946424960455e-09,0.9983563488109185,-2.9775928587478341e-12,5,0.99899949949937417,-0.23033722380273622,0.8178297377088567,NONE,0,0,0,0,True,500,"Synthetic mechanism check — not empirical SPY evidence, trading evidence, or an exact paper replication."
194,u_shaped_periodicity,1,QLIKE,0.048536483210194853,0.048220951550743595,0.99349908278099175,-0.00031553165945126651,5,0.99899949949937417,-1.0329009509342948,0.30165025372690113,NONE,0,0,0,0,True,500,"Synthetic mechanism check — not empirical SPY evidence, trading evidence, or an exact paper replication."
194,u_shaped_periodicity,5,MSE,7.3634239388406292e-10,7.3640803288277092e-10,1.0000891419525118,6.5638998707935492e-14,5,0.99099949545900379,0.0073978696541731215,0.99409740786013046,NONE,0,0,0,0,True,500,"Synthetic mechanism check — not empirical SPY evidence, trading evidence, or an exact paper replication."
194,u_shaped_periodicity,5,QLIKE,0.021453310907224209,0.021243331148651769,0.99021224465162949,-0.00020997975857244277,5,0.99099949545900379,-0.88946471234703273,0.37375337981361806,NONE,0,0,0,0,True,500,"Synthetic mechanism check — not empirical SPY evidence, trading evidence, or an exact paper replication."
194,u_shaped_periodicity,22,MSE,5.0451185069281745e-10,4.9577219971374879e-10,0.98267701548126773,-8.7396509790687108e-12,21,0.95699947753381764,-1.2942829307100572,0.19556771025070158,NONE,0,0,0,0,True,500,"Synthetic mechanism check — not empirical SPY evidence, trading evidence, or an exact paper replication."
194,u_shaped_periodicity,22,QLIKE,0.015937773613606369,0.015535729143105156,0.97477411335809283,-0.00040204447050121584,21,0.95699947753381764,-1.8506630233685955,0.064218046790265715,NONE,0,0,0,0,True,500,"Synthetic mechanism check — not empirical SPY evidence, trading evidence, or an exact paper replication."
195,no_periodicity,1,MSE,7.5479481953758608e-10,7.550963938552122e-10,1.0003995447634508,3.0157431762628727e-13,5,0.99899949949937417,0.37736568937552062,0.7059018611799146,NONE,0,0,0,0,True,500,"Synthetic mechanism check — not empirical SPY evidence, trading evidence, or an exact paper replication."
195,no_periodicity,1,QLIKE,0.046416830758531542,0.046411721045190459,0.99988991679833406,-5.1097133410755727e-06,5,0.99899949949937417,-0.12181352691128378,0.90304670080783245,NONE,0,0,0,0,True,500,"Synthetic mechanism check — not empirical SPY evidence, trading evidence, or an exact paper replication."
195,no_periodicity,5,MSE,3.1261190717557318e-10,3.1349842464781376e-10,1.0028358403883275,8.8651747224059999e-13,5,0.99099949545900379,1.3207559027990281,0.18658276752438019,NONE,0,0,0,0,True,500,"Synthetic mechanism check — not empirical SPY evidence, trading evidence, or an exact paper replication."
195,no_periodicity,5,QLIKE,0.019919433028887965,0.019964156134025544,1.0022451997038631,4.4723105137578492e-05,5,0.99099949545900379,1.1494683630042883,0.25036290489224766,NONE,0,0,0,0,True,500,"Synthetic mechanism check — not empirical SPY evidence, trading evidence, or an exact paper replication."
195,no_periodicity,22,MSE,2.866186029908156e-10,2.8666654297900029e-10,1.0001672605604957,4.7939988184657328e-14,21,0.95699947753381764,0.06173626195166311,0.95077286217171442,NONE,0,0,0,0,True,500,"Synthetic mechanism check — not empirical SPY evidence, trading evidence, or an exact paper replication."
195,no_periodicity,22,QLIKE,0.018285260946736801,0.01826232754500174,0.99874579849848111,-2.2933401735062197e-05,21,0.95699947753381764,-0.55173206211971659,0.58113193973444632,NONE,0,0,0,0,True,500,"Synthetic mechanism check — not empirical SPY evidence, trading evidence, or an exact paper replication."
195,u_shaped_periodicity,1,MSE,8.2514326377081765e-10,8.1717151084781741e-10,0.99033894685564039,-7.9717529230001252e-12,5,0.99899949949937417,-1.1999769707968533,0.23014828446721644,NONE,0,0,0,0,True,500,"Synthetic mechanism check — not empirical SPY evidence, trading evidence, or an exact paper replication."
195,u_shaped_periodicity,1,QLIKE,0.048465159684532688,0.0481636625686227,0.99377909579020307,-0.00030149711590999218,5,0.99899949949937417,-0.89153626840322819,0.37264154338158983,NONE,0,0,0,0,True,500,"Synthetic mechanism check — not empirical SPY evidence, trading evidence, or an exact paper replication."
195,u_shaped_periodicity,5,MSE,3.4048226773611996e-10,3.3855435514128855e-10,0.99433770043987846,-1.9279125948313974e-12,5,0.99099949545900379,-0.31160529072427073,0.75534051289539184,NONE,0,0,0,0,True,500,"Synthetic mechanism check — not empirical SPY evidence, trading evidence, or an exact paper replication."
195,u_shaped_periodicity,5,QLIKE,0.020879539128118248,0.020901143673539208,1.0010347232900301,2.1604545420963018e-05,5,0.99099949545900379,0.079844526397493384,0.93636091040207836,NONE,0,0,0,0,True,500,"Synthetic mechanism check — not empirical SPY evidence, trading evidence, or an exact paper replication."
195,u_shaped_periodicity,22,MSE,3.0494184424740123e-10,2.9980238955356404e-10,0.98314611526495688,-5.1394546938371577e-12,21,0.95699947753381764,-0.74315189251220515,0.45738972529301253,NONE,0,0,0,0,True,500,"Synthetic mechanism check — not empirical SPY evidence, trading evidence, or an exact paper replication."
195,u_shaped_periodicity,22,QLIKE,0.019016471924587733,0.018942568501541253,0.99611371534427873,-7.3903423046477014e-05,21,0.95699947753381764,-0.26026733165934335,0.79465757001510073,NONE,0,0,0,0,True,500,"Synthetic mechanism check — not empirical SPY evidence, trading evidence, or an exact paper replication."
196,no_periodicity,1,MSE,1.9476084400304706e-09,1.9425809122855967e-09,0.99741861472689286,-5.0275277448741633e-12,5,0.99899949949937417,-2.2229772494704942,0.026217334094274902,HARP,0,0,0,0,True,500,"Synthetic mechanism check — not empirical SPY evidence, trading evidence, or an exact paper replication."
196,no_periodicity,1,QLIKE,0.042866551153920324,0.042787174953438478,0.99814829515449399,-7.9376200481847019e-05,5,0.99899949949937417,-2.3309493967443751,0.019756028146082297,HARP,0,0,0,0,True,500,"Synthetic mechanism check — not empirical SPY evidence, trading evidence, or an exact paper replication."
196,no_periodicity,5,MSE,8.4584403815813229e-10,8.4141311350805963e-10,0.99476153469176043,-4.430924650072561e-12,5,0.99099949545900379,-3.2115275351228925,0.0013203131710636407,HARP,0,0,0,0,True,500,"Synthetic mechanism check — not empirical SPY evidence, trading evidence, or an exact paper replication."
196,no_periodicity,5,QLIKE,0.020301587362040862,0.020224335359469499,0.99619478018177998,-7.7252002571364113e-05,5,0.99099949545900379,-2.755310533743744,0.0058636454074523451,HARP,0,0,0,0,True,500,"Synthetic mechanism check — not empirical SPY evidence, trading evidence, or an exact paper replication."
196,no_periodicity,22,MSE,5.9650059323210619e-10,5.9218980781494718e-10,0.9927732084995905,-4.3107854171589743e-12,21,0.95699947753381764,-3.0683661929232571,0.0021523269290258449,HARP,0,0,0,0,True,500,"Synthetic mechanism check — not empirical SPY evidence, trading evidence, or an exact paper replication."
196,no_periodicity,22,QLIKE,0.015119351557743216,0.015041247549652432,0.99483416945544967,-7.8104008090782001e-05,21,0.95699947753381764,-2.8749996298237157,0.0040402797167593332,HARP,0,0,0,0,True,500,"Synthetic mechanism check — not empirical SPY evidence, trading evidence, or an exact paper replication."
196,u_shaped_periodicity,1,MSE,2.0673141374721867e-09,2.0648008663837464e-09,0.9987842819613697,-2.5132710884401272e-12,5,0.99899949949937417,-0.12319588735460607,0.90195198217770944,NONE,0,0,0,0,True,500,"Synthetic mechanism check — not empirical SPY evidence, trading evidence, or an exact paper replication."
196,u_shaped_periodicity,1,QLIKE,0.045782311314906933,0.045825489772974688,1.0009431253431214,4.3178458067753222e-05,5,0.99899949949937417,0.11053629394874624,0.91198406780270591,NONE,0,0,0,0,True,500,"Synthetic mechanism check — not empirical SPY evidence, trading evidence, or an exact paper replication."
196,u_shaped_periodicity,5,MSE,8.8177352490997859e-10,8.9585036902463407e-10,1.0159642399289461,1.4076844114655532e-11,5,0.99099949545900379,0.99744271796263262,0.31854966504982235,NONE,0,0,0,0,True,500,"Synthetic mechanism check — not empirical SPY evidence, trading evidence, or an exact paper replication."
196,u_shaped_periodicity,5,QLIKE,0.021172560432893259,0.021590569856289519,1.0197429793491981,0.00041800942339625946,5,0.99099949545900379,1.1627885254750621,0.24491531380454923,NONE,0,0,0,0,True,500,"Synthetic mechanism check — not empirical SPY evidence, trading evidence, or an exact paper replication."
196,u_shaped_periodicity,22,MSE,6.295656489802814e-10,6.4961193847135405e-10,1.0318414600979928,2.0046289491072629e-11,21,0.95699947753381764,1.0412526346685893,0.29775831316192319,NONE,0,0,0,0,True,500,"Synthetic mechanism check — not empirical SPY evidence, trading evidence, or an exact paper replication."
196,u_shaped_periodicity,22,QLIKE,0.015805475075089833,0.016399879727360629,1.0376075157150833,0.00059440465227079996,21,0.95699947753381764,1.0504173759219699,0.2935262602587792,NONE,0,0,0,0,True,500,"Synthetic mechanism check — not empirical SPY evidence, trading evidence, or an exact paper replication."
197,no_periodicity,1,MSE,2.2875142308865926e-09,2.2883685213912025e-09,1.0003734580065449,8.542905046100203e-13,5,0.99899949949937417,0.50314021515083762,0.61486569427664128,NONE,0,0,0,0,True,500,"Synthetic mechanism check — not empirical SPY evidence, trading evidence, or an exact paper replication."
197,no_periodicity,1,QLIKE,0.044757698175200498,0.044771482013975572,1.0003079657653777,1.3783838775076162e-05,5,0.99899949949937417,0.45658485526568054,0.64796946678844636,NONE,0,0,0,0,True,500,"Synthetic mechanism check — not empirical SPY evidence, trading evidence, or an exact paper replication."
197,no_periodicity,5,MSE,9.2531659996046141e-10,9.2321110625303968e-10,0.99772456939872078,-2.1054937074216077e-12,5,0.99099949545900379,-1.2249145625854063,0.22060741297626876,NONE,0,0,0,0,True,500,"Synthetic mechanism check — not empirical SPY evidence, trading evidence, or an exact paper replication."
197,no_periodicity,5,QLIKE,0.019594790529408622,0.019550645400292527,0.99774709869698064,-4.4145129116095912e-05,5,0.99099949545900379,-1.3208480486186085,0.18655203498414361,NONE,0,0,0,0,True,500,"Synthetic mechanism check — not empirical SPY evidence, trading evidence, or an exact paper replication."
197,no_periodicity,22,MSE,7.1106438000523274e-10,7.1074539534526716e-10,0.99955139834178841,-3.1898465996551167e-13,21,0.95699947753381764,-0.14749154534140033,0.88274405259080668,NONE,0,0,0,0,True,500,"Synthetic mechanism check — not empirical SPY evidence, trading evidence, or an exact paper replication."
197,no_periodicity,22,QLIKE,0.015463257720713072,0.015454882092341844,0.99945835292132468,-8.3756283712261853e-06,21,0.95699947753381764,-0.18437973417831943,0.85371556704475893,NONE,0,0,0,0,True,500,"Synthetic mechanism check — not empirical SPY evidence, trading evidence, or an exact paper replication."
197,u_shaped_periodicity,1,MSE,2.3255072029098672e-09,2.3259332134536127e-09,1.0001831903780871,4.2601054374489538e-13,5,0.99899949949937417,0.022382968743790643,0.98214246592287446,NONE,0,0,0,0,True,500,"Synthetic mechanism check — not empirical SPY evidence, trading evidence, or an exact paper replication."
197,u_shaped_periodicity,1,QLIKE,0.046203547126155313,0.04621929685207489,1.0003408769867079,1.5749725919577349e-05,5,0.99899949949937417,0.049127791298750417,0.96081745588878353,NONE,0,0,0,0,True,500,"Synthetic mechanism check — not empirical SPY evidence, trading evidence, or an exact paper replication."
197,u_shaped_periodicity,5,MSE,8.762622157159858e-10,8.8397362548629102e-10,1.0088003449561092,7.7114097703053449e-12,5,0.99099949545900379,0.47035597585063643,0.6381007116668318,NONE,0,0,0,0,True,500,"Synthetic mechanism check — not empirical SPY evidence, trading evidence, or an exact paper replication."
197,u_shaped_periodicity,5,QLIKE,0.019076911949831639,0.019200192860637649,1.006462309577683,0.00012328091080600955,5,0.99099949545900379,0.42064073720692557,0.67401744193528401,NONE,0,0,0,0,True,500,"Synthetic mechanism check — not empirical SPY evidence, trading evidence, or an exact paper replication."
197,u_shaped_periodicity,22,MSE,6.8917824697800363e-10,6.9636720627994723e-10,1.0104312046026795,7.1889593019435514e-12,21,0.95699947753381764,0.37157848093741391,0.71020671342913178,NONE,0,0,0,0,True,500,"Synthetic mechanism check — not empirical SPY evidence, trading evidence, or an exact paper replication."
197,u_shaped_periodicity,22,QLIKE,0.015403882254651044,0.015423228230880732,1.0012559156133414,1.9345976229686812e-05,21,0.95699947753381764,0.061987347552178072,0.95057290781537596,NONE,0,0,0,0,True,500,"Synthetic mechanism check — not empirical SPY evidence, trading evidence, or an exact paper replication."
198,no_periodicity,1,MSE,8.6579200956311001e-10,8.6434379541934157e-10,0.99832729555392963,-1.4482141437684406e-12,5,0.99899949949937417,-1.3895771818896194,0.1646573087127447,NONE,0,0,0,0,True,500,"Synthetic mechanism check — not empirical SPY evidence, trading evidence, or an exact paper replication."
198,no_periodicity,1,QLIKE,0.047508058505131741,0.047448412722243635,0.99874451230454597,-5.9645782888101626e-05,5,0.99899949949937417,-1.1197623181766969,0.26281506089355594,NONE,0,0,0,0,True,500,"Synthetic mechanism check — not empirical SPY evidence, trading evidence, or an exact paper replication."
198,no_periodicity,5,MSE,3.7847456355666977e-10,3.7725716202370116e-10,0.99678339933461257,-1.2174015329685943e-12,5,0.99099949545900379,-1.7538921265753695,0.079448992963107659,NONE,0,0,0,0,True,500,"Synthetic mechanism check — not empirical SPY evidence, trading evidence, or an exact paper replication."
198,no_periodicity,5,QLIKE,0.020238751097416723,0.020196677680202255,0.9979211455780076,-4.2073417214469002e-05,5,0.99099949545900379,-1.1756140493088945,0.23974913878792331,NONE,0,0,0,0,True,500,"Synthetic mechanism check — not empirical SPY evidence, trading evidence, or an exact paper replication."
198,no_periodicity,22,MSE,2.6016059173183713e-10,2.5935537314887132e-10,0.99690491716056751,-8.0521858296577349e-13,21,0.95699947753381764,-1.1331288691767463,0.25716013953223033,NONE,0,0,0,0,True,500,"Synthetic mechanism check — not empirical SPY evidence, trading evidence, or an exact paper replication."
198,no_periodicity,22,QLIKE,0.01372045023450749,0.013680057824693122,0.99705604341519494,-4.0392409814366201e-05,21,0.95699947753381764,-1.0086522996944649,0.31314141566818998,NONE,0,0,0,0,True,500,"Synthetic mechanism check — not empirical SPY evidence, trading evidence, or an exact paper replication."
198,u_shaped_periodicity,1,MSE,9.2181676794660417e-10,9.2397092165905261e-10,1.0023368567239745,2.1541537124486092e-12,5,0.99899949949937417,0.29015515687849447,0.77169754073962826,NONE,0,0,0,0,True,500,"Synthetic mechanism check — not empirical SPY evidence, trading evidence, or an exact paper replication."
198,u_shaped_periodicity,1,QLIKE,0.050614133204409072,0.050654916404103571,1.0008057670281498,4.0783199694495842e-05,5,0.99899949949937417,0.10852572848626933,0.91357867265949866,NONE,0,0,0,0,True,500,"Synthetic mechanism check — not empirical SPY evidence, trading evidence, or an exact paper replication."
198,u_shaped_periodicity,5,MSE,3.950561606534692e-10,3.9991786257573623e-10,1.0123063564284764,4.8617019222669969e-12,5,0.99099949545900379,0.73410636207498314,0.46288391636647669,NONE,0,0,0,0,True,500,"Synthetic mechanism check — not empirical SPY evidence, trading evidence, or an exact paper replication."
198,u_shaped_periodicity,5,QLIKE,0.02162393012425478,0.021705856940578104,1.0037887107409504,8.1926816323326876e-05,5,0.99099949545900379,0.26947988460154904,0.78756041962981216,NONE,0,0,0,0,True,500,"Synthetic mechanism check — not empirical SPY evidence, trading evidence, or an exact paper replication."
198,u_shaped_periodicity,22,MSE,2.6058231504895965e-10,2.6733865679956744e-10,1.0259278598754422,6.7563417506078187e-12,21,0.95699947753381764,0.8412978117521106,0.40018111623363156,NONE,0,0,0,0,True,500,"Synthetic mechanism check — not empirical SPY evidence, trading evidence, or an exact paper replication."
198,u_shaped_periodicity,22,QLIKE,0.01387311773592605,0.014043932407204139,1.0123126376153895,0.00017081467127809136,21,0.95699947753381764,0.46223241154188571,0.64391466264343844,NONE,0,0,0,0,True,500,"Synthetic mechanism check — not empirical SPY evidence, trading evidence, or an exact paper replication."
199,no_periodicity,1,MSE,1.7144041840784268e-09,1.7139754602198584e-09,0.99974992836429699,-4.2872385856840936e-13,5,0.99899949949937417,-0.3235926396121841,0.74624646113642834,NONE,0,0,0,0,True,500,"Synthetic mechanism check — not empirical SPY evidence, trading evidence, or an exact paper replication."
199,no_periodicity,1,QLIKE,0.050716163873524622,0.050693336847201183,0.99954990629061835,-2.2827026323440247e-05,5,0.99899949949937417,-0.66879595714433526,0.50362564603031723,NONE,0,0,0,0,True,500,"Synthetic mechanism check — not empirical SPY evidence, trading evidence, or an exact paper replication."
199,no_periodicity,5,MSE,7.2403059387230053e-10,7.2423581863480733e-10,1.0002834476391518,2.0522476250683179e-13,5,0.99099949545900379,0.23826949991285562,0.81167207573016009,NONE,0,0,0,0,True,500,"Synthetic mechanism check — not empirical SPY evidence, trading evidence, or an exact paper replication."
199,no_periodicity,5,QLIKE,0.022752206223084329,0.022729107812986513,0.99898478372289101,-2.3098410097814436e-05,5,0.99099949545900379,-0.93900662613370611,0.34772734232883223,NONE,0,0,0,0,True,500,"Synthetic mechanism check — not empirical SPY evidence, trading evidence, or an exact paper replication."
199,no_periodicity,22,MSE,5.6865070847115842e-10,5.6867555035782507e-10,1.00004368566907,2.4841886666644455e-14,21,0.95699947753381764,0.019862815784653293,0.98415280799414739,NONE,0,0,0,0,True,500,"Synthetic mechanism check — not empirical SPY evidence, trading evidence, or an exact paper replication."
199,no_periodicity,22,QLIKE,0.01808862982074828,0.018076337611722101,0.99932044554242139,-1.2292209026179002e-05,21,0.95699947753381764,-0.3421129368276421,0.73226590205933439,NONE,0,0,0,0,True,500,"Synthetic mechanism check — not empirical SPY evidence, trading evidence, or an exact paper replication."
199,u_shaped_periodicity,1,MSE,1.7839634138796076e-09,1.7828296455807258e-09,0.99936446661962863,-1.133768298881551e-12,5,0.99899949949937417,-0.090010445313468815,0.92827891436427479,NONE,0,0,0,0,True,500,"Synthetic mechanism check — not empirical SPY evidence, trading evidence, or an exact paper replication."
199,u_shaped_periodicity,1,QLIKE,0.053148650871182861,0.052843176588118858,0.99425245461442879,-0.00030547428306399783,5,0.99899949949937417,-0.77376531056122921,0.43906958994095341,NONE,0,0,0,0,True,500,"Synthetic mechanism check — not empirical SPY evidence, trading evidence, or an exact paper replication."
199,u_shaped_periodicity,5,MSE,7.3212154573936961e-10,7.3528825043427521e-10,1.0043253810973525,3.1667046949053919e-12,5,0.99099949545900379,0.36038524690747381,0.71855905773927975,NONE,0,0,0,0,True,500,"Synthetic mechanism check — not empirical SPY evidence, trading evidence, or an exact paper replication."
199,u_shaped_periodicity,5,QLIKE,0.023336360740690055,0.023116648662288526,0.99058498962871999,-0.00021971207840152963,5,0.99099949545900379,-0.74616115359790358,0.45557007129370364,NONE,0,0,0,0,True,500,"Synthetic mechanism check — not empirical SPY evidence, trading evidence, or an exact paper replication."
199,u_shaped_periodicity,22,MSE,5.6472713407096888e-10,5.6422192688578892e-10,0.99910539594310255,-5.0520718518010191e-13,21,0.95699947753381764,-0.045852207107703991,0.96342804728280729,NONE,0,0,0,0,True,500,"Synthetic mechanism check — not empirical SPY evidence, trading evidence, or an exact paper replication."
199,u_shaped_periodicity,22,QLIKE,0.018172394982066759,0.017963676933758232,0.98851455471254623,-0.00020871804830852582,21,0.95699947753381764,-0.49484316292523217,0.62071083364399526,NONE,0,0,0,0,True,500,"Synthetic mechanism check — not empirical SPY evidence, trading evidence, or an exact paper replication."
